Ind,Pop,B114.1,B114.2,B159.1,B159.2,WGA.1,WGA.2,A5_2.1,A5_2.2,B157.1,B157.2,B212_2.1,B212_2.1.1,B121.1,B121.2,B147.1,B147.2,B249.1,B249.2,B262.1,B262.2,B264.1,B264.2
C3984,31,248,258,126,130,165,177,205,209,158,164,239,243,177,181,335,341,181,181,330,340,221,239
C3985,31,260,280,104,124,165,177,203,219,164,162,205,205,177,183,335,327,189,189,318,318,239,235
C3986,31,248,276,124,128,165,165,205,203,162,168,239,219,177,181,335,327,181,185,326,326,239,239
C4231,31,276,276,116,122,159,167,205,211,158,158,217,217,177,183,335,333,185,183,340,316,239,231
C4344,31,248,248,128,120,165,175,203,213,158,166,211,211,183,187,327,327,189,187,318,318,239,235
C4347,31,276,276,128,122,159,175,205,219,166,166,0,0,177,181,0,0,189,187,326,326,227,237
C4352,31,248,248,124,128,165,155,211,207,158,158,0,0,181,183,0,0,181,183,330,326,239,239
C4355,31,248,254,128,120,163,163,205,207,160,160,217,217,177,177,0,0,185,191,318,326,221,237
C4358,31,248,258,128,128,165,165,0,0,158,164,203,203,177,187,0,0,189,187,318,326,237,229
C4419,31,248,254,104,128,165,177,205,203,158,160,233,233,177,183,0,0,183,197,326,316,237,237
C4428,31,248,254,128,136,165,177,0,0,158,164,205,213,177,177,333,339,187,191,340,340,239,239
C4436,31,248,248,128,122,155,163,219,219,158,158,239,239,177,177,333,333,181,189,318,326,235,227
C4437,31,0,0,104,128,155,163,205,219,158,164,205,235,177,177,0,0,181,191,318,318,227,227
C4450,31,258,254,104,128,163,173,205,207,158,166,205,205,177,183,333,337,181,169,318,326,239,235
C4531,31,248,260,104,128,155,161,203,203,158,162,205,205,177,183,337,343,187,179,318,344,237,237
C1615,31,248,250,130,130,163,171,207,207,158,162,239,217,177,187,333,333,181,185,318,328,235,235
C1616,31,248,270,128,115,161,161,203,211,160,160,239,235,177,171,333,333,185,187,318,318,235,237
C1617,31,248,248,130,128,177,159,219,207,166,166,245,259,177,183,0,0,183,187,318,336,221,237
C1618,31,248,248,124,132,175,163,205,217,158,162,219,215,177,181,333,339,189,185,330,326,235,237
C1619,31,248,248,130,132,165,163,203,207,162,160,219,233,183,193,333,339,189,191,318,332,221,239
C1620,31,248,250,128,132,159,163,203,217,158,158,235,233,0,0,339,339,189,185,326,348,221,237
C1621,31,254,250,130,115,165,171,211,211,158,166,241,255,177,177,327,333,183,183,318,320,239,241
C1623,31,248,248,104,128,165,163,219,199,158,158,0,0,177,187,327,331,191,179,330,338,221,227
C1625,31,248,250,128,132,159,171,207,207,158,160,239,219,183,183,327,333,189,189,336,332,221,235
C1626,31,250,270,128,122,155,161,203,211,158,160,243,255,177,183,333,333,187,169,318,336,221,235
C1627,31,250,270,130,128,177,163,203,211,158,158,0,0,177,183,333,333,181,187,318,336,221,239
C1633,31,254,250,128,128,165,165,205,211,160,160,239,243,177,183,333,333,189,169,318,318,239,237
C1637,31,248,250,130,128,159,161,211,211,166,160,243,259,177,183,327,333,181,187,318,336,239,239
C1650,31,254,290,128,122,177,159,203,211,168,160,239,241,185,171,341,341,181,169,318,334,239,235
C3202,31,276,264,130,124,163,163,207,207,166,156,239,213,177,170,341,333,189,189,330,326,221,227
C3248,31,248,276,130,174,177,175,203,207,166,160,221,225,170,179,333,333,185,183,318,316,221,235
C3304,31,0,0,104,128,155,155,209,213,166,160,239,245,183,183,339,339,181,189,340,340,221,221
C3326,31,248,252,120,120,175,163,205,201,162,156,217,215,177,177,333,333,191,169,340,326,221,221
C3333,31,276,276,128,120,175,161,203,207,166,166,211,213,177,183,333,339,191,169,340,340,235,227
C3339,31,0,0,128,120,0,0,219,201,166,160,219,245,177,193,333,339,191,169,326,336,239,239
C3346,31,248,276,122,120,165,155,203,207,156,156,239,213,193,179,341,339,181,191,326,334,221,239
C3349,31,248,276,124,120,177,155,203,207,166,156,243,213,187,185,333,339,191,191,318,318,239,235
C3367,31,282,282,104,122,175,163,0,0,0,0,219,229,181,170,327,327,189,191,318,326,239,227
C3374,31,248,248,122,122,165,177,205,201,166,160,241,241,183,193,341,333,191,191,318,336,221,237
C3405,31,282,282,104,122,165,177,205,209,160,160,213,227,183,185,327,333,183,169,318,326,235,235
C4543,568,248,254,122,122,167,179,207,207,168,168,239,217,177,183,335,341,183,191,330,316,221,239
C4545,568,248,280,0,0,163,179,217,217,168,168,219,213,177,189,335,329,181,179,340,338,239,239
C4551,568,248,248,0,0,165,161,211,217,168,160,215,229,179,179,341,341,189,183,318,316,237,237
C4491,568,256,256,104,120,163,163,203,211,162,166,239,205,177,179,341,337,185,169,340,344,221,235
C4494,568,276,276,104,120,163,179,205,211,166,166,213,213,177,177,335,341,181,183,340,340,239,235
C4495,568,280,268,130,122,163,171,211,217,166,166,213,213,183,187,341,341,191,175,318,326,239,223
C4497,568,258,276,124,128,177,177,217,217,166,160,0,0,183,187,341,343,183,191,318,342,221,235
C4501,568,248,254,136,136,163,179,205,205,166,160,243,243,177,179,335,339,181,181,340,316,221,229
C4502,568,248,264,104,136,165,163,203,203,158,160,219,219,177,183,333,333,181,185,318,316,221,237
C4503,568,248,272,122,132,179,179,209,209,168,168,239,221,177,189,341,337,183,169,318,334,239,235
C4504,568,276,254,126,124,165,163,209,209,166,160,217,217,175,175,333,343,191,169,330,340,239,223
C4470,568,282,264,128,134,177,179,205,211,166,160,221,225,171,179,335,333,169,179,318,318,221,235
C4471,568,258,276,122,136,179,179,209,209,160,160,217,217,177,171,335,341,181,185,318,318,221,235
C4474,568,248,248,104,122,163,179,211,211,158,162,0,0,171,179,335,343,183,169,318,338,237,223
C4476,568,248,248,124,124,175,179,203,211,160,160,221,221,179,179,335,343,185,183,316,316,221,239
C4479,568,278,278,124,128,175,155,211,211,160,160,221,221,177,177,341,341,187,169,340,318,221,239
C4482,568,276,276,130,136,165,171,207,207,160,160,235,235,177,171,343,345,181,183,340,318,239,227
C4483,568,258,264,104,122,179,179,209,211,158,162,233,233,177,177,341,331,169,177,330,318,221,227
C4484,568,248,276,104,104,167,179,203,203,166,160,233,233,177,189,335,341,191,169,318,334,221,239
C4485,568,276,282,104,122,165,179,207,207,166,166,225,225,171,179,335,335,185,187,318,318,221,235
C4489,568,248,248,130,136,177,179,205,209,166,160,217,211,177,183,327,343,181,191,336,344,221,221
C4505,568,248,248,124,122,163,179,205,201,158,160,239,225,181,187,335,339,183,169,318,316,239,235
C4507,568,248,258,122,134,167,155,205,205,158,168,221,221,177,183,335,335,191,191,340,326,237,237
C4535,568,248,258,130,130,167,171,203,203,164,164,219,233,177,185,335,341,181,183,338,338,239,235
C4542,568,248,246,104,104,167,171,205,205,158,164,233,229,181,185,337,343,183,191,326,338,239,235
C4553,568,248,248,0,0,177,175,207,207,158,162,239,213,181,171,341,327,181,179,318,318,235,235
C4562,568,248,276,0,0,179,179,203,199,158,164,221,221,177,183,327,333,181,169,340,318,0,0
C4582,568,248,254,0,0,165,177,203,211,162,168,0,0,181,171,333,333,181,191,318,338,227,237
C4693,568,282,264,124,122,159,155,203,211,168,168,217,217,177,177,341,333,189,187,326,336,237,237
C4696,568,248,280,104,128,155,179,205,201,158,164,217,217,177,193,333,337,189,187,330,340,235,237
C3179,568,248,280,130,104,163,163,207,207,166,166,211,231,183,179,339,339,191,191,318,318,239,239
C3181,568,276,278,122,136,177,173,209,207,166,160,241,201,177,177,341,339,169,169,318,318,221,221
C3188,568,248,254,130,120,177,163,205,207,166,160,225,225,177,183,335,341,191,169,330,318,221,235
C3190,568,248,254,104,136,167,161,203,207,156,156,213,245,177,183,341,333,187,187,318,344,239,227
C3193,568,276,282,104,134,177,175,211,207,160,160,233,225,170,179,333,339,185,185,340,318,235,227
C3232,568,276,254,104,158,163,163,203,217,166,160,217,215,177,181,335,341,185,169,318,318,221,239
C3236,568,280,282,130,122,159,163,205,203,166,156,217,259,183,185,341,333,183,191,318,318,239,239
C3249,568,258,276,130,124,165,177,207,207,166,160,217,217,177,177,333,339,187,191,318,318,235,235
C3250,568,248,282,124,136,177,177,205,211,160,160,217,221,181,181,333,339,191,169,340,318,239,235
C3253,568,248,258,130,128,177,163,211,201,160,160,233,225,177,183,335,333,183,187,318,318,221,239
C3255,568,276,264,130,136,165,177,203,211,160,160,241,201,177,185,341,339,185,169,318,318,239,239
C3277,568,248,282,128,120,175,171,211,207,166,160,233,221,177,179,333,339,187,191,318,318,221,237
C3315,568,248,256,104,136,165,165,211,211,166,160,233,253,183,189,341,343,191,169,340,318,235,237
C3288,568,276,282,124,128,163,179,203,207,164,160,213,227,177,170,333,333,189,183,318,326,227,227
C3293,568,282,264,104,122,165,165,209,203,164,166,213,213,187,179,327,333,169,169,340,318,221,227
C4018,1014,276,276,128,122,163,163,205,203,162,169,213,213,185,170,335,343,187,187,318,318,239,239
C3980,1014,280,272,104,128,159,179,203,203,158,162,217,197,177,177,335,341,187,191,340,340,221,235
C3987,1014,260,272,104,128,177,163,205,217,168,168,239,205,177,183,335,341,189,179,318,334,221,235
C3988,1014,248,260,130,124,175,175,205,203,162,168,235,221,177,183,341,341,181,189,318,318,221,221
C3989,1014,280,280,122,122,165,171,203,197,160,160,213,213,183,183,341,333,187,177,318,318,210,210
C4011,1014,248,254,130,104,177,177,203,203,162,168,239,239,177,170,339,345,181,181,340,318,221,221
C4017,1014,248,258,104,124,163,179,203,203,164,168,239,217,177,177,341,343,187,169,318,318,239,239
C4296,1014,248,248,122,136,163,173,203,211,158,164,221,221,177,170,333,333,183,187,316,320,221,235
C4301,1014,254,254,104,104,167,167,209,209,166,166,0,0,177,177,333,339,183,169,326,326,221,223
C4303,1014,276,276,130,122,165,165,207,199,166,160,215,215,177,177,333,333,189,187,326,326,221,227
C4453,1014,254,254,130,104,165,175,203,203,158,166,219,217,177,187,333,339,183,187,330,330,221,239
C4455,1014,0,0,124,122,165,165,203,203,168,166,213,193,187,170,327,333,183,187,340,340,221,227
C4456,1014,0,0,104,104,175,155,203,203,168,166,219,219,177,185,0,0,189,169,318,326,227,227
C4457,1014,0,0,104,104,163,171,211,207,166,160,239,235,177,183,327,327,183,169,318,326,221,227
C4459,1014,0,0,130,122,165,177,203,203,162,160,213,225,183,185,341,333,169,169,340,318,239,235
C4464,1014,0,0,122,120,0,0,203,203,158,160,239,239,181,179,333,333,189,183,340,318,221,239
C4467,1014,248,264,122,122,177,175,203,203,160,160,0,0,177,179,0,0,183,169,318,318,239,239
C4468,1014,248,264,130,128,165,159,203,211,166,166,0,0,177,177,333,333,185,187,340,340,221,221
C4783,1014,280,276,130,124,165,155,203,194,168,168,213,213,177,181,341,343,187,169,318,318,227,243
C4786,1014,248,280,130,104,167,179,203,207,168,160,239,239,177,183,333,333,185,187,326,334,239,235
C4789,1014,278,278,104,124,177,167,203,203,158,158,0,0,177,181,341,343,191,169,336,342,221,239
C4891,1014,276,274,130,128,177,181,203,203,158,168,213,213,177,181,339,339,189,191,330,326,235,223
C4896,1014,276,278,104,124,165,175,207,207,158,168,217,217,181,181,343,343,187,187,318,348,223,243
C4898,1014,276,254,104,122,163,171,207,194,168,168,241,241,177,183,333,339,189,185,318,338,239,223
C4901,1014,276,272,104,104,163,181,203,207,169,169,235,237,177,179,341,333,185,185,340,318,239,239
C4903,1014,280,276,104,122,165,179,207,207,158,169,0,0,177,177,333,339,187,169,318,342,221,227
C4904,1014,280,276,104,104,165,167,203,195,158,168,217,217,177,179,341,333,185,187,318,338,221,239
C3263,1014,260,276,128,132,175,163,205,219,166,160,239,227,183,193,327,339,183,183,318,318,221,239
C3271,1014,260,280,128,120,165,167,219,217,166,160,205,221,177,183,327,329,185,183,318,336,239,239
C3272,1014,280,276,128,128,177,167,209,217,166,160,241,261,177,170,333,329,169,169,318,316,221,235
C3276,1014,258,282,104,104,167,175,209,207,166,156,215,215,181,185,339,329,191,169,318,326,221,227
C3280,1014,258,276,130,124,163,163,205,217,166,166,221,229,183,189,0,0,189,183,340,316,239,235
C3305,1014,248,258,124,128,175,163,217,217,164,166,243,261,177,177,339,329,0,0,318,336,239,239
C3306,1014,260,276,128,128,165,175,205,217,166,160,205,227,177,183,333,333,183,193,318,336,221,221
C3324,1014,248,248,136,136,163,163,205,203,166,166,261,261,179,189,337,329,189,189,318,318,239,235
C3329,1014,276,256,130,136,175,163,205,203,168,166,239,229,183,193,333,339,183,193,318,316,239,235
C3336,1014,248,280,104,128,167,163,203,217,166,160,241,261,177,170,333,339,183,169,340,318,235,235
C3341,1014,0,0,124,132,0,0,209,217,168,166,217,227,177,183,327,333,183,193,340,316,221,235
C3409,1014,248,254,130,132,161,187,205,211,166,160,217,259,177,177,0,0,181,183,0,0,221,221
C3168,1014,276,276,104,122,165,179,203,207,166,166,259,263,177,177,341,339,169,169,318,326,0,0
C3170,1014,276,254,104,104,167,155,207,207,166,166,239,217,183,179,333,333,185,191,318,318,221,239
C3214,1014,248,272,122,106,0,0,215,215,166,156,215,215,177,179,0,0,185,187,318,334,239,239
C3227,1014,272,278,104,122,167,179,203,203,166,156,237,263,177,183,333,339,187,191,326,336,239,227
C3228,1014,248,256,104,122,177,159,211,199,166,166,217,215,177,183,341,329,181,169,318,326,237,237
C3279,1014,280,252,130,104,155,173,203,193,166,166,239,213,177,170,333,339,187,191,336,348,221,239
C3322,1014,278,262,130,104,159,171,203,193,166,166,217,213,177,181,341,339,189,187,318,338,223,223
C3303,1014,248,280,130,130,163,163,205,207,166,156,259,257,177,185,333,333,185,187,318,326,235,235
C3317,1014,248,248,130,132,163,171,205,203,164,166,259,225,177,183,333,333,181,187,316,336,239,239
C3355,1014,248,282,130,132,163,161,205,203,160,156,217,259,177,183,333,339,181,183,318,318,239,239
C3376,1014,248,276,124,124,177,163,203,203,160,160,245,255,177,185,0,0,189,187,318,316,221,237
C3401,1014,258,280,104,128,177,175,205,203,164,166,215,253,177,193,333,339,181,189,340,336,235,235
C3203,1014,254,290,128,122,0,0,209,199,160,156,217,241,177,177,333,333,189,185,318,346,221,221
C3245,1014,254,278,128,128,175,161,207,207,166,166,217,235,170,179,327,339,189,189,340,350,221,235
C3302,1014,276,276,104,124,163,161,205,207,164,160,213,227,177,170,327,333,189,187,318,326,227,225
C3307,1014,248,248,130,122,175,171,211,207,168,160,219,227,187,179,341,327,183,183,340,340,239,225
C3310,1014,256,274,130,120,165,163,203,203,166,156,213,227,185,170,341,339,189,185,340,326,227,225
C3312,1014,276,254,130,128,165,165,211,207,166,160,239,217,177,187,341,339,0,0,318,318,239,231
C3345,1014,280,254,130,130,163,163,209,203,160,156,239,227,177,187,341,327,185,169,318,326,221,225
C3371,1014,280,282,130,104,177,171,203,207,160,160,219,227,170,179,327,333,183,191,330,318,225,225
C3372,1014,248,280,128,122,163,171,203,211,160,160,239,227,177,187,341,333,183,183,326,326,221,225
C3380,1014,254,282,122,122,179,179,0,0,160,156,213,245,183,170,333,333,189,183,318,326,221,227
C3417,1014,254,282,130,122,177,171,209,203,164,168,219,231,177,170,327,333,189,191,318,346,221,229
C4569,7917,256,256,0,0,165,175,211,207,168,168,239,205,171,179,333,343,183,191,316,316,235,235
C4570,7917,248,248,0,0,155,163,205,211,168,168,241,241,171,179,333,343,187,179,340,318,239,239
C4571,7917,254,282,0,0,175,163,211,217,158,168,217,241,177,181,333,339,187,169,318,318,237,237
C4572,7917,248,248,0,0,165,163,205,211,162,168,239,239,181,187,339,343,183,167,318,338,235,237
C4573,7917,272,272,0,0,163,171,205,211,158,164,233,241,177,177,327,333,183,169,340,316,237,229
C4575,7917,282,264,0,0,163,163,207,207,168,168,215,221,177,177,339,343,169,177,316,338,221,239
C4577,7917,248,280,0,0,163,161,203,217,168,168,221,221,181,183,341,341,177,167,318,334,239,237
C4578,7917,248,282,0,0,155,163,203,211,164,164,215,241,177,171,333,343,169,177,318,318,221,221
C4600,7917,248,280,0,0,171,171,205,199,162,162,217,217,177,185,333,339,181,169,318,318,0,0
C4612,7917,248,282,0,0,165,159,203,203,158,164,217,217,177,183,343,331,169,177,334,322,235,235
C4621,7917,254,272,122,122,177,159,217,217,162,169,217,217,181,187,341,341,189,169,318,318,221,227
C4622,7917,248,276,130,104,179,179,203,217,164,162,0,0,185,185,327,345,185,169,340,344,239,239
C4623,7917,248,252,122,122,165,163,205,205,158,168,227,227,185,193,327,333,183,191,340,340,239,237
C4624,7917,248,278,104,124,163,179,219,211,168,168,215,215,183,171,341,333,181,185,340,338,237,223
C4625,7917,276,284,124,124,165,163,217,217,158,160,243,217,177,171,333,343,181,183,318,338,235,227
C4627,7917,254,282,104,124,165,163,203,203,158,168,217,211,177,171,335,335,185,191,340,318,227,227
C4631,7917,248,272,122,132,179,179,209,209,168,168,239,221,177,189,341,337,183,169,318,334,239,235
C4632,7917,248,254,130,130,165,163,203,211,164,162,239,239,179,179,333,343,187,187,340,318,237,237
C3939,7917,276,276,128,122,167,161,209,203,168,168,217,217,183,183,341,333,181,187,340,340,235,235
C3940,7917,264,264,128,122,161,161,209,203,162,168,213,213,177,181,341,331,187,187,318,336,237,237
C3945,7917,248,248,130,130,163,163,205,203,162,168,235,235,177,179,335,341,181,185,330,318,239,223
C4520,7917,256,256,120,120,155,163,205,211,160,160,205,213,177,181,335,329,183,187,340,326,227,223
C4522,7917,282,282,124,124,155,179,205,209,162,168,239,213,183,187,341,333,185,185,318,326,221,227
C3182,7917,260,276,130,104,177,163,205,217,164,156,217,211,177,177,327,339,183,187,318,318,221,221
C3189,7917,248,276,130,120,163,171,211,207,160,160,233,225,177,183,335,339,187,169,318,318,221,221
C3191,7917,276,254,104,122,175,163,211,211,166,160,221,225,177,179,339,339,191,191,340,318,0,0
C3196,7917,280,268,128,120,177,177,211,207,166,160,217,235,181,183,341,333,183,169,334,350,221,221
C3208,7917,254,272,104,104,175,161,203,203,164,156,215,215,177,183,335,341,185,169,318,346,235,235
C3211,7917,248,276,104,120,175,161,213,207,166,156,239,217,177,183,341,339,181,183,334,346,239,223
C3212,7917,276,254,104,136,161,171,209,215,164,166,229,257,177,183,339,331,185,173,318,318,239,235
C3213,7917,280,254,104,124,177,171,203,207,166,156,259,257,181,183,333,339,189,183,330,342,235,243
C3215,7917,278,262,130,122,179,179,207,207,166,166,217,237,177,181,333,333,189,187,326,326,227,223
C3217,7917,248,276,130,124,177,177,203,207,166,156,239,217,181,191,333,329,183,169,316,316,221,239
C3225,7917,248,278,136,134,177,155,0,0,166,160,213,259,177,183,339,339,187,169,316,338,239,235
C3226,7917,280,254,130,104,177,155,203,203,158,166,213,241,177,183,341,339,191,169,318,338,239,239
C3238,7917,248,248,104,124,0,0,203,207,160,156,217,217,177,183,335,341,189,187,318,334,221,227
C3239,7917,248,254,136,158,155,163,203,211,166,166,217,213,183,187,333,339,185,191,340,316,221,221
C3269,7917,272,278,128,122,163,171,203,217,166,166,205,233,181,183,0,0,191,169,0,0,237,237
C3273,7917,282,272,124,128,175,171,203,207,166,166,205,259,177,183,341,339,181,169,318,318,221,221
C3274,7917,252,246,104,134,163,161,203,207,156,156,215,229,177,183,341,333,187,169,316,334,239,239
C3354,7917,276,256,104,124,175,163,211,207,166,166,217,245,177,179,341,333,189,189,318,342,221,221
C3361,7917,254,256,122,122,161,161,211,207,160,156,239,213,177,183,333,339,181,189,340,334,239,235
C3289,7917,280,282,104,104,163,171,203,203,166,160,213,213,183,170,333,333,187,187,340,344,221,221
C3169,7917,254,278,128,128,177,177,209,207,166,160,217,217,177,170,341,333,181,187,340,340,221,237
C3199,7917,282,272,124,122,175,163,0,0,168,166,215,245,177,170,341,333,185,191,340,318,221,235
C3224,7917,280,268,130,122,163,163,205,205,160,160,239,213,183,183,333,339,187,169,326,334,239,239
C3261,7917,0,0,128,128,0,0,203,203,166,160,217,213,179,179,341,341,189,187,318,318,221,221
C3320,7917,256,278,124,128,177,161,203,207,166,160,217,235,170,179,327,333,181,189,338,350,221,237
C4151,9101113a,248,248,130,122,163,179,203,211,158,168,235,235,177,187,341,341,189,183,316,338,221,239
C4152,9101113a,248,248,130,122,159,163,209,203,158,168,233,233,183,187,333,343,183,191,336,336,221,239
C4153,9101113a,248,256,104,122,177,163,207,207,158,158,235,235,181,187,333,343,183,191,334,334,239,239
C4154,9101113a,248,280,120,120,163,179,205,205,158,168,235,213,183,187,0,0,183,169,0,0,221,239
C4157,9101113a,248,248,128,128,175,163,201,201,158,168,215,235,183,179,333,333,181,181,326,336,221,227
C4158,9101113a,248,256,130,104,159,163,203,203,162,168,217,233,183,183,341,333,189,189,338,338,221,221
C4163,9101113a,248,276,122,122,159,179,205,205,168,168,233,213,183,187,335,343,181,191,318,338,221,239
C4165,9101113a,276,282,130,136,171,171,203,211,168,168,221,221,187,175,327,331,175,175,340,318,239,235
C4248,9101113a,0,0,130,130,177,163,205,203,166,160,217,217,183,183,327,339,181,181,330,318,221,229
C4254,9101113a,248,256,130,120,177,163,203,203,158,160,233,213,181,183,333,339,183,191,340,336,239,223
C4371,9101113a,258,258,122,122,177,177,203,207,166,160,233,233,183,189,335,335,181,183,318,318,0,0
C3936,9101113a,276,276,104,128,159,163,203,207,158,162,217,217,177,187,335,335,181,187,330,318,235,235
C3937,9101113a,248,254,130,124,163,163,203,203,162,168,213,213,177,177,343,331,189,189,340,318,237,237
C3944,9101113a,248,248,128,122,165,179,205,211,158,168,239,239,177,170,341,333,185,191,340,318,235,235
C3954,9101113a,254,272,124,128,177,177,205,203,160,160,239,217,177,183,327,343,181,169,318,318,227,237
C3955,9101113a,276,276,104,124,177,177,213,207,162,162,239,239,177,183,0,0,181,181,330,340,235,241
C3961,9101113a,278,278,130,104,163,163,203,217,168,168,231,231,177,179,335,343,189,183,318,318,239,239
C3974,9101113a,254,254,104,124,159,163,205,203,158,162,217,217,181,179,327,343,181,169,326,334,237,237
C4024,9101113a,248,248,128,128,155,163,219,207,158,162,231,231,177,187,335,341,185,185,326,336,239,235
C4025,9101113a,248,248,104,128,159,179,209,219,164,162,239,211,187,193,335,341,191,169,340,340,237,237
C4028,9101113a,282,282,124,124,163,163,203,217,158,162,213,221,177,187,343,329,183,187,318,338,235,227
C4032,9101113a,248,258,104,128,165,177,0,0,166,160,217,217,183,183,0,0,181,169,340,340,237,237
C4033,9101113a,0,0,130,104,175,163,0,0,166,160,239,211,177,179,333,333,169,169,318,318,239,239
C4034,9101113a,256,256,104,122,165,155,205,203,166,166,215,215,183,179,327,329,189,169,340,318,239,235
C4041,9101113a,0,0,104,122,167,163,205,203,158,166,221,221,183,189,333,339,187,187,316,316,221,239
C4042,9101113a,0,0,130,122,165,165,205,203,162,166,221,221,179,189,0,0,189,169,318,313,221,239
C4043,9101113a,248,258,122,122,177,173,211,207,158,158,239,217,177,177,0,0,183,191,340,318,221,239
C4044,9101113a,254,254,130,122,173,169,0,0,158,166,239,217,177,187,341,329,183,183,330,318,235,235
C4045,9101113a,0,0,122,122,177,159,211,207,158,166,235,221,177,187,341,333,169,169,318,326,221,239
C4046,9101113a,248,248,122,122,165,177,0,0,166,166,239,215,177,189,333,333,189,189,318,326,237,237
C4047,9101113a,274,274,130,122,177,163,203,207,158,164,213,213,183,187,339,339,187,169,318,318,221,235
C4048,9101113a,274,274,104,122,165,175,0,0,158,166,239,239,183,189,333,339,183,169,340,313,221,221
C4055,9101113a,248,276,126,122,165,165,203,211,160,160,215,229,177,187,0,0,183,169,318,336,239,235
C4057,9101113a,276,256,126,126,165,177,219,211,158,166,213,223,177,181,0,0,183,191,318,318,0,0
C4059,9101113a,248,276,128,122,163,157,203,211,166,169,239,215,177,177,333,339,189,169,336,336,221,239
C4060,9101113a,248,248,126,136,165,171,203,211,160,160,213,213,181,181,0,0,187,187,340,318,237,237
C4064,9101113a,248,248,124,128,177,163,211,211,160,160,229,209,177,183,0,0,185,193,318,344,227,227
C4067,9101113a,260,260,130,122,165,175,211,207,166,166,239,213,187,185,327,339,191,169,340,340,221,239
C4068,9101113a,0,0,104,120,159,171,207,217,160,156,217,211,177,170,327,333,183,187,340,334,221,221
C4070,9101113a,260,260,104,122,165,165,203,203,164,164,239,221,177,189,333,339,189,189,0,0,221,239
C4075,9101113a,0,0,104,124,165,155,207,207,158,166,213,193,177,177,341,329,185,169,0,0,221,239
C4081,9101113a,248,256,124,124,177,155,203,207,166,160,221,221,177,177,0,0,169,169,318,318,221,239
C4082,9101113a,260,272,130,122,177,163,203,207,166,160,213,213,177,177,335,343,183,187,318,318,239,223
C4083,9101113a,258,276,122,132,155,163,205,211,166,166,235,221,187,185,341,333,183,169,330,318,221,237
C4086,9101113a,276,256,124,124,159,163,203,207,166,160,225,225,183,187,333,343,183,187,340,318,221,239
C4088,9101113a,248,248,124,124,175,175,207,207,160,160,233,233,0,0,341,333,189,169,344,334,227,237
C4092,9101113a,258,258,104,124,159,163,209,203,158,166,239,225,183,179,335,335,183,183,318,326,239,239
C4099,9101113a,254,254,104,124,0,0,203,203,160,160,221,221,183,183,327,333,187,187,318,318,235,235
C4104,9101113a,276,254,126,104,159,163,203,203,158,158,213,213,183,187,341,337,187,187,318,344,221,239
C4108,9101113a,248,268,128,128,167,163,203,207,166,160,229,229,0,0,0,0,169,169,334,334,223,223
C4118,9101113a,256,256,128,134,159,159,205,205,160,160,221,225,177,187,335,335,189,169,340,326,221,221
C4131,9101113a,248,276,124,124,175,163,207,207,168,168,225,225,177,185,335,335,189,189,318,336,221,239
C4133,9101113a,280,264,104,128,177,177,205,211,160,160,229,223,177,183,333,333,189,185,318,318,221,239
C4135,9101113a,280,276,126,126,163,171,209,211,158,162,235,235,177,183,341,333,181,185,318,318,239,239
C4136,9101113a,254,254,122,122,159,163,205,205,168,168,247,247,177,177,341,341,169,169,336,346,235,235
C4137,9101113a,276,256,130,124,159,163,209,217,158,162,215,225,177,183,0,0,189,185,318,336,221,221
C4139,9101113a,276,276,128,120,155,179,203,203,158,162,217,229,177,187,341,341,183,169,316,336,239,239
C4140,9101113a,280,280,128,128,155,179,203,211,162,162,213,223,183,183,341,333,183,169,318,318,0,0
C4167,9101113a,248,254,122,132,165,159,203,211,158,168,205,205,185,170,333,333,169,193,318,336,235,237
C4236,9101113a,248,248,124,124,177,159,205,211,166,160,235,237,183,179,333,333,183,191,318,336,235,237
C4237,9101113a,248,254,128,122,159,167,211,199,164,166,205,205,177,187,327,333,191,169,340,340,237,229
C4238,9101113a,248,256,128,122,165,175,203,217,164,160,239,239,183,170,339,331,189,187,340,340,235,241
C4241,9101113a,248,256,128,122,159,163,203,219,158,160,211,211,181,179,339,339,185,183,334,342,221,239
C4247,9101113a,0,0,128,128,163,163,203,211,158,166,223,223,177,183,333,339,189,191,344,338,239,227
C4257,9101113a,248,248,124,122,165,177,203,207,166,160,217,217,177,193,341,333,187,187,326,334,221,235
C4383,9101113a,254,254,128,128,177,177,203,199,158,164,215,215,179,189,335,343,183,187,340,318,235,235
C4397,9101113a,248,248,104,128,159,159,205,201,166,160,205,205,177,179,0,0,181,183,318,318,239,239
C4514,9101113a,258,280,130,104,179,179,211,207,168,160,215,223,177,177,335,341,181,185,318,318,239,235
C4519,9101113a,254,282,104,136,171,179,205,205,169,169,239,217,177,181,331,331,187,187,318,336,239,223
C4527,9101113a,282,274,130,128,179,179,203,203,166,160,239,211,187,179,335,341,185,187,340,318,235,235
C4534,9101113a,282,282,124,122,167,163,203,207,158,160,231,231,179,179,335,341,183,191,340,334,221,239
C4699,9101113a,248,276,124,122,165,159,203,203,158,168,239,219,187,185,333,331,189,169,340,318,227,227
C1541,9101113a,276,276,130,122,177,163,0,0,160,152,239,255,183,179,341,339,181,169,340,346,239,235
C1542,9101113a,276,278,124,122,177,163,203,207,166,152,0,0,179,179,333,339,187,169,340,340,239,235
C1544,9101113a,290,282,130,128,177,177,207,207,158,166,205,241,179,179,333,339,185,185,344,334,239,237
C1547,9101113a,248,248,104,124,165,155,207,217,166,160,241,231,177,185,333,339,169,169,340,334,0,0
C1553,9101113a,248,286,130,122,155,163,203,207,162,162,0,0,187,193,341,329,189,183,328,342,235,227
C1555,9101113a,276,286,130,128,177,163,219,217,158,160,233,209,177,177,339,339,185,187,318,336,0,0
C1557,9101113a,248,276,130,128,177,163,207,217,158,166,215,233,177,193,333,339,181,183,318,336,239,235
C1560,9101113a,248,286,130,128,177,163,203,217,160,160,239,259,177,185,333,333,181,183,336,328,239,235
C1565,9101113a,248,282,130,120,177,161,203,207,158,166,221,227,177,179,341,327,185,183,318,342,235,237
C1567,9101113a,248,278,130,124,177,163,203,219,158,160,215,221,177,185,333,339,185,183,318,328,239,235
C1569,9101113a,248,282,128,122,177,163,219,207,158,166,211,215,181,193,333,333,181,185,318,318,235,235
C1571,9101113a,282,274,130,130,177,163,209,207,158,166,239,233,177,187,339,329,183,169,328,334,239,239
C1576,9101113a,248,254,104,124,159,175,205,203,158,166,241,221,181,187,333,333,189,183,340,334,221,237
C1577,9101113a,248,280,130,124,165,177,205,203,166,166,0,0,177,181,333,333,191,169,340,334,235,227
C1579,9101113a,280,282,130,124,165,175,205,217,166,160,215,241,177,179,333,333,181,169,326,342,221,221
C3990,9101113b,248,248,104,120,163,163,203,203,162,168,239,215,183,170,343,343,169,169,330,340,239,239
C3991,9101113b,254,254,124,124,171,179,203,211,158,168,215,229,177,183,341,327,169,173,340,340,221,239
C3992,9101113b,272,272,104,122,155,171,203,203,158,162,229,229,177,170,343,343,187,173,318,318,221,239
C3994,9101113b,254,254,104,136,175,175,203,203,164,166,213,225,177,187,335,337,185,173,318,318,221,235
C4172,9101113b,254,278,104,122,163,171,209,203,162,168,233,233,185,185,327,343,189,193,326,338,221,235
C4173,9101113b,276,276,130,104,163,163,209,209,168,168,239,211,185,193,0,0,181,169,340,340,233,233
C4232,9101113b,276,276,104,106,177,177,203,203,166,160,0,0,183,170,341,339,189,183,340,326,235,235
C4234,9101113b,0,0,104,104,177,163,203,207,166,160,225,225,183,170,341,333,181,189,318,326,239,235
C4259,9101113b,276,276,130,128,175,175,205,203,158,166,221,221,177,177,333,339,191,169,318,318,221,239
C4260,9101113b,276,276,104,122,175,163,203,213,166,160,213,213,177,179,341,341,185,187,330,340,221,237
C4261,9101113b,0,0,122,122,165,163,203,203,166,166,213,213,187,193,333,331,185,193,340,334,223,223
C4262,9101113b,248,248,130,124,165,155,217,217,158,160,239,239,185,170,333,331,183,173,326,336,221,239
C4263,9101113b,248,248,130,132,177,163,207,207,166,160,215,215,183,187,341,339,189,169,318,336,239,239
C4267,9101113b,0,0,130,104,177,177,211,207,166,160,215,215,187,170,341,341,169,179,318,318,221,237
C4269,9101113b,248,248,122,122,175,175,205,203,158,160,213,213,183,187,337,331,183,183,318,318,239,235
C4272,9101113b,248,248,128,134,177,159,205,209,160,160,239,239,183,187,333,339,185,183,318,316,221,221
C4274,9101113b,256,256,122,122,177,155,215,215,160,160,217,221,181,187,327,333,181,187,318,336,235,235
C4276,9101113b,262,262,104,104,163,163,215,215,166,160,0,0,183,187,333,339,189,169,326,316,235,235
C4278,9101113b,248,256,128,122,159,171,211,213,166,160,223,223,183,187,341,331,181,181,340,326,239,239
C4280,9101113b,248,254,130,122,161,171,205,203,166,166,213,213,181,185,341,333,181,169,318,318,239,237
C4281,9101113b,248,248,122,106,165,163,203,219,158,160,221,221,177,170,333,333,189,169,318,318,235,235
C4282,9101113b,248,274,128,120,159,157,203,199,166,160,217,227,183,179,327,327,189,183,318,318,221,235
C4284,9101113b,248,248,104,128,177,159,203,203,158,166,217,217,177,183,0,0,189,183,318,318,239,237
C4286,9101113b,248,254,104,106,167,161,203,211,158,164,0,0,177,177,341,333,189,183,326,326,239,235
C4287,9101113b,248,258,104,128,161,161,205,203,158,166,213,213,177,177,333,331,189,183,340,326,239,235
C4290,9101113b,272,262,122,120,165,163,207,207,166,160,215,215,177,185,333,329,183,179,316,316,237,237
C4307,9101113b,254,264,104,104,165,171,205,195,166,160,0,0,177,177,0,0,189,185,330,330,239,239
C4310,9101113b,272,272,130,120,175,155,219,217,164,160,217,217,177,170,339,339,185,187,318,316,0,0
C4311,9101113b,276,276,120,120,165,155,203,219,160,160,0,0,181,185,333,333,185,187,0,0,221,227
C4312,9101113b,262,262,128,120,177,177,203,219,164,166,217,217,183,170,333,333,181,185,330,330,239,243
C4314,9101113b,248,266,104,106,175,175,219,211,160,160,215,225,177,183,333,333,189,187,330,334,239,237
C4318,9101113b,248,258,128,128,163,179,203,203,158,160,0,0,177,179,339,339,181,183,332,332,221,221
C4321,9101113b,248,254,104,104,163,171,205,217,164,160,213,231,183,170,0,0,185,187,326,326,221,237
C4324,9101113b,256,256,104,122,177,163,205,205,166,160,239,239,177,183,335,341,181,169,318,316,227,233
C4334,9101113b,258,254,124,128,177,177,205,217,164,160,223,231,187,170,335,335,185,183,330,318,239,239
C4529,9101113b,280,254,128,106,163,179,207,207,166,160,225,237,183,183,335,335,183,187,318,318,239,235
C1582,9101113b,282,262,104,122,155,163,205,203,158,166,239,221,177,183,0,0,181,185,340,318,235,237
C1583,9101113b,248,282,122,156,163,171,203,211,166,166,217,259,177,171,339,329,189,169,330,340,239,237
C1584,9101113b,282,272,130,128,163,163,205,217,166,160,0,0,183,183,341,333,181,169,318,328,239,237
C1585,9101113b,282,272,126,124,175,163,205,217,160,160,217,223,177,183,335,333,181,169,340,318,239,239
C1586,9101113b,280,282,128,156,163,163,203,217,166,160,215,223,183,189,341,337,181,185,318,316,239,227
C1589,9101113b,248,248,104,120,165,175,203,217,158,160,217,217,177,183,333,333,185,183,340,340,235,237
C1591,9101113b,248,258,128,128,177,163,203,211,166,160,239,213,177,183,343,329,185,169,340,340,221,235
C1592,9101113b,248,280,124,156,177,155,205,211,160,160,215,213,177,183,333,339,183,173,340,332,239,235
C1594,9101113b,258,262,120,156,177,175,203,211,164,166,215,215,177,181,341,333,185,187,340,340,227,237
C1597,9101113b,276,272,120,120,177,163,203,207,158,166,239,221,183,187,0,0,185,187,334,342,235,235
C1598,9101113b,248,280,104,120,177,163,203,217,160,160,0,0,177,183,335,333,185,183,338,338,227,237
C1599,9101113b,280,280,104,124,177,163,205,203,166,160,213,259,183,183,335,339,183,183,326,332,221,237
C1601,9101113b,248,276,130,104,155,163,203,207,158,166,217,215,177,185,333,333,181,185,340,338,239,229
C1605,9101113b,254,272,122,140,163,171,209,211,160,160,217,213,177,187,335,327,189,183,318,316,221,221
C1609,9101113b,280,282,126,120,177,163,211,217,166,160,213,223,183,183,333,343,181,183,340,318,237,237
C1610,9101113b,280,276,130,124,177,175,205,207,166,166,235,213,183,171,333,339,183,169,332,334,235,237
C1611,9101113b,248,260,104,122,165,165,203,203,166,160,215,259,177,179,327,333,189,191,348,350,221,221
C1612,9101113b,260,280,130,122,165,175,203,207,166,160,235,259,177,177,333,339,189,169,336,350,239,239
C1613,9101113b,248,276,104,124,165,163,203,207,160,160,239,215,177,179,333,339,191,191,340,350,237,237
C3173,9101113b,248,276,128,122,0,0,205,199,166,160,253,257,177,183,341,333,189,169,340,318,239,235
C3204,9101113b,276,286,130,124,163,179,207,207,166,156,217,237,181,181,327,333,181,185,340,318,221,221
C3223,9101113b,254,254,124,128,161,161,209,203,166,166,217,259,187,179,341,327,187,191,0,0,221,221
C3262,9101113b,248,278,104,156,175,163,219,199,166,166,217,235,183,170,327,333,189,169,316,338,221,221
C3270,9101113b,276,254,128,122,155,163,205,207,164,166,235,213,177,183,339,331,181,169,340,318,239,239
C3300,9101113b,276,254,126,124,177,163,205,203,162,160,217,235,181,170,335,327,185,183,340,340,221,221
C3330,9101113b,248,248,104,120,177,159,211,197,160,160,217,213,177,170,341,341,187,169,318,316,235,237
C3390,9101113b,248,248,126,124,175,155,203,207,166,160,217,235,183,170,327,331,189,185,0,0,221,221
C3424,9101113b,248,276,104,128,175,181,0,0,166,156,235,225,183,187,333,329,181,187,318,336,235,235
C3958,9101113b,248,248,130,104,177,171,203,217,162,168,211,211,177,183,335,335,181,169,318,318,235,235
C3962,9101113b,256,256,104,134,179,179,205,203,162,168,217,217,177,187,327,343,181,181,340,318,239,239
C4019,9101113b,260,280,104,140,159,163,199,201,162,162,215,215,187,185,327,333,181,187,318,318,235,235
C3995,9101113b,0,0,104,104,0,0,203,203,158,168,215,215,187,179,335,341,183,169,330,340,221,239
C4000,9101113b,248,276,104,136,155,181,203,199,158,162,239,233,181,189,341,333,187,191,340,318,239,223
C4002,9101113b,248,276,130,104,163,179,205,203,158,168,233,213,183,179,333,333,189,183,330,344,239,235
C1692,151,254,252,104,140,165,167,203,207,168,160,233,233,171,179,335,341,189,183,318,318,221,235
C1693,151,254,256,130,104,171,179,209,209,166,160,235,225,177,177,333,333,191,191,316,342,221,235
C1694,151,248,290,130,104,165,169,209,207,168,160,225,225,183,179,333,333,183,191,316,334,221,221
C1698,151,248,258,124,128,163,183,211,199,166,160,243,225,171,179,333,333,183,191,330,318,235,229
C1699,151,256,282,128,128,165,175,209,213,158,158,219,225,177,171,337,331,183,169,340,356,227,227
C1700,151,248,256,130,128,159,171,203,207,162,160,215,257,177,177,333,331,183,187,330,318,221,235
C1701,151,270,252,124,122,161,171,205,207,166,160,215,215,177,171,327,337,181,193,318,332,221,237
C1702,151,260,252,104,128,175,161,209,199,158,160,243,235,171,189,341,333,183,193,330,338,221,229
C1703,151,248,256,124,128,163,163,205,207,164,166,219,217,177,185,335,337,183,193,344,320,235,235
C1704,151,256,286,130,124,163,163,205,203,158,160,217,225,179,169,335,333,183,191,318,318,235,237
C1705,151,248,260,104,104,167,155,209,211,158,168,205,219,177,185,335,331,187,191,340,316,235,235
C1706,151,248,254,124,122,165,171,207,207,166,160,217,233,171,191,327,337,187,187,316,332,221,227
C1707,151,250,252,128,122,165,177,207,199,164,169,205,259,177,177,333,339,183,183,318,326,221,235
C1708,151,258,254,120,132,165,169,209,211,158,160,233,223,185,171,333,333,181,191,318,348,229,243
C1709,151,248,260,104,124,175,169,209,203,164,166,233,233,179,189,335,341,187,191,330,318,235,235
C1710,151,258,252,124,132,159,161,203,207,166,166,233,229,171,189,333,339,181,185,330,318,235,229
C1712,151,248,260,104,134,161,179,205,207,158,158,219,229,179,189,339,331,169,169,330,330,235,235
C1714,151,260,256,128,132,163,171,205,209,164,160,219,215,183,189,335,337,183,169,330,318,221,221
C1715,151,248,252,130,128,167,155,213,217,166,160,205,213,185,171,333,337,189,169,318,328,235,227
C1717,151,256,252,130,128,155,161,203,203,166,160,217,253,183,185,333,333,191,191,328,328,221,235
C1718,151,0,0,0,0,167,155,203,217,166,160,253,221,187,173,333,333,191,169,336,320,235,237
C1719,151,248,276,130,104,159,169,209,203,158,166,239,221,177,179,333,331,183,173,330,334,221,235
C1656,170,254,268,124,124,165,171,207,207,158,162,205,213,177,177,337,337,183,169,338,338,235,229
C1657,170,276,268,104,104,175,163,0,0,166,166,0,0,171,189,335,337,183,169,330,330,235,227
C1658,170,268,266,104,124,173,173,207,199,162,166,243,233,177,171,333,333,183,183,330,318,235,235
C1659,170,252,262,104,124,175,161,203,215,166,166,205,213,177,179,335,339,169,169,330,318,235,241
C1661,170,248,266,104,128,165,177,203,207,164,160,0,0,177,189,333,337,169,169,328,338,229,251
C1665,170,276,274,122,120,165,173,211,207,158,160,243,229,171,179,333,337,169,169,330,340,221,235
C1667,170,260,260,130,124,171,173,0,0,166,160,215,227,179,189,337,331,187,191,330,316,235,233
C1676,170,248,274,130,124,165,161,207,217,162,166,0,0,177,191,333,337,183,169,318,338,235,235
C1681,170,256,268,130,124,165,163,0,0,166,166,243,205,177,185,333,337,183,169,318,318,235,237
C1682,170,248,254,130,128,165,155,211,207,158,166,213,231,189,191,335,333,183,183,316,338,227,223
C1685,170,276,274,130,128,165,161,203,217,162,160,213,213,191,173,333,337,183,169,318,338,227,229
C4707,125147,248,278,122,136,161,171,207,217,158,171,239,207,177,177,337,331,193,193,318,318,237,223
C4747,125147,260,260,128,132,163,161,209,203,164,169,239,239,183,187,335,333,187,169,340,316,235,225
C4772,125147,248,280,128,122,155,161,211,207,158,168,239,215,181,171,341,333,183,187,318,334,221,237
C4781,125147,250,250,128,116,163,185,209,219,164,168,221,221,181,183,337,331,183,169,318,318,221,235
C4782,125147,254,254,124,120,165,155,207,207,158,160,233,221,185,185,333,333,181,181,318,318,235,237
C4787,125147,272,286,104,124,163,163,205,209,158,160,211,235,181,171,335,335,187,169,330,318,235,237
C4790,125147,260,274,130,128,155,179,203,201,162,168,223,223,187,189,333,337,183,183,318,316,221,227
C4803,125147,248,276,124,122,155,171,209,207,168,160,217,217,181,185,333,333,187,191,316,320,221,235
C4813,125147,260,252,104,104,161,179,211,199,162,168,217,211,177,185,341,333,187,169,340,338,221,239
C4837,125147,248,252,128,150,163,161,211,207,162,168,213,213,177,179,333,333,189,187,318,318,235,235
C4838,125147,248,272,124,120,167,161,207,199,162,168,243,205,177,183,335,331,191,169,330,326,235,227
C4843,125147,260,252,130,104,175,155,207,197,162,168,229,229,170,195,333,337,187,193,330,318,221,227
C4857,125147,276,272,104,120,165,155,205,203,164,168,205,205,187,170,335,333,169,169,330,318,221,237
C4828,125147,248,276,128,136,159,175,209,207,160,169,213,229,177,191,333,333,183,169,340,334,221,225
C4835,125147,248,272,104,124,163,171,203,211,168,169,233,229,187,179,335,343,181,187,318,318,221,221
C4836,125147,248,248,104,136,165,175,0,0,162,162,211,229,185,171,339,329,191,169,318,318,221,235
C4842,125147,270,252,120,134,163,163,203,197,158,168,211,237,177,171,333,343,187,193,330,326,227,227
C4863,125147,258,258,150,146,0,0,205,207,158,168,245,241,181,185,339,337,183,183,340,326,235,237
C4744,125147,270,278,128,120,161,169,209,207,158,162,213,213,193,179,333,339,169,169,330,318,227,227
C4745,125147,248,270,128,120,165,171,205,211,168,168,217,235,185,171,339,339,183,169,340,336,221,229
C4768,125147,248,270,128,122,165,161,211,207,164,168,215,215,179,189,335,331,185,185,318,318,235,235
C4769,125147,248,272,104,124,165,159,203,207,168,169,215,221,185,171,335,337,189,169,330,330,221,227
C4771,125147,248,276,130,124,159,167,207,199,164,171,221,237,185,185,335,333,183,187,318,318,235,235
C4784,125147,248,254,128,136,171,179,205,207,168,160,215,227,187,187,335,333,181,183,330,330,235,235
C4785,125147,276,254,136,132,165,163,207,199,160,154,205,227,187,191,341,333,183,173,330,318,221,235
C4795,125147,256,264,130,104,165,185,219,219,166,160,219,213,183,185,331,329,167,167,318,318,221,235
C4796,125147,276,256,130,124,161,161,203,199,158,160,221,209,171,189,333,331,187,169,318,318,235,237
C4800,125147,254,252,104,124,159,173,207,199,162,168,235,235,181,193,335,335,197,179,336,336,221,235
C4801,125147,248,264,128,128,163,163,211,217,164,168,215,223,177,171,341,343,183,169,330,336,227,227
C4802,125147,248,256,128,122,177,163,205,207,160,160,225,225,187,171,333,343,181,183,330,318,221,235
C4805,125147,248,260,124,134,159,159,203,199,158,162,215,215,183,185,333,333,187,187,330,344,235,237
C4806,125147,262,262,122,134,159,159,207,217,164,168,217,229,171,171,333,331,181,169,318,334,235,235
C4850,125147,256,270,130,104,167,181,211,217,158,168,245,221,183,170,341,331,187,169,318,338,221,229
C4748,126147,254,262,124,128,175,163,209,207,168,169,233,233,187,187,339,337,167,167,318,318,227,227
C4753,126147,260,256,128,120,165,165,199,199,158,162,225,225,187,185,341,327,169,169,318,336,235,237
C4754,126147,248,252,128,122,163,163,205,203,168,171,215,209,171,189,341,337,189,169,318,318,235,237
C4760,126147,276,256,104,104,163,187,205,205,171,169,217,217,187,185,333,333,189,187,318,318,235,237
C4761,126147,248,262,130,132,159,171,207,199,162,168,217,223,177,183,333,343,191,169,330,338,237,237
C4762,126147,268,268,104,104,165,165,203,207,168,168,239,219,187,171,335,335,183,187,318,318,235,235
C4791,126147,248,248,104,124,167,167,207,217,162,168,215,229,171,179,335,343,183,169,340,318,235,245
C4810,126147,252,272,122,136,165,175,207,199,166,160,233,233,177,189,327,333,185,187,340,340,235,237
C4812,126147,248,262,130,130,167,167,203,207,164,168,225,237,183,187,333,333,187,169,318,336,235,235
C4821,126147,248,262,104,120,165,171,205,207,168,171,233,233,177,177,341,337,183,187,336,336,225,225
C4864,126147,248,282,130,120,159,179,203,211,168,171,205,205,177,179,333,333,187,169,318,326,235,235
C4866,126147,254,262,130,130,165,159,209,207,168,169,237,237,181,183,333,331,169,169,334,334,227,227
C1722,126147,256,262,130,124,155,163,205,207,166,160,221,229,177,177,333,339,187,169,330,318,235,227
C1724,126147,248,252,104,124,165,167,207,207,168,169,215,225,187,171,339,343,189,187,344,356,221,235
C1725,126147,248,276,124,122,167,171,209,207,158,166,259,225,187,169,333,339,187,169,330,344,227,227
C1726,126147,248,252,128,120,165,167,209,207,158,169,211,215,187,171,335,329,189,187,318,356,231,231
C1731,126147,260,262,122,120,165,161,205,203,168,166,217,229,177,171,327,337,183,187,330,340,227,227
C1733,126147,252,262,130,130,163,171,207,215,158,166,233,233,177,183,0,0,183,177,340,326,221,235
C1734,126147,276,252,104,122,165,163,209,203,164,160,235,247,185,185,333,333,187,187,330,318,235,223
C1735,126147,284,252,130,115,167,161,209,199,166,166,203,223,171,179,341,333,187,169,340,326,221,221
C1738,126147,276,268,130,106,161,161,203,207,158,169,235,247,183,171,333,343,183,183,326,334,235,241
C1740,126147,248,248,122,122,171,171,213,207,166,166,229,237,177,171,341,333,181,183,330,326,0,0
C1741,126147,248,258,128,128,167,155,209,203,162,169,229,227,183,183,341,333,169,169,330,318,221,221
C1742,126147,280,276,130,122,163,173,211,201,158,164,215,247,181,185,333,339,183,187,318,358,235,223
C1743,126147,260,272,104,120,163,163,203,211,164,166,229,231,187,189,333,339,183,191,340,318,221,223
C1745,126147,258,252,130,128,165,171,203,203,166,160,235,233,171,171,337,331,169,177,316,354,239,227
C1746,126147,248,260,130,128,165,163,203,211,164,169,205,229,177,189,333,339,183,187,318,318,227,223
C1747,126147,254,272,128,136,165,163,203,207,160,160,221,221,187,169,335,327,187,169,318,316,221,227
C4742,126147,248,256,130,104,175,163,203,207,168,168,0,0,171,179,341,333,191,169,318,338,235,235
C4752,126147,248,254,128,136,155,163,209,203,168,168,217,217,181,187,339,343,189,189,330,334,221,227
C4792,126147,248,250,122,119,155,171,211,211,164,168,213,213,181,183,333,333,183,187,340,318,235,227
C4811,126147,276,276,104,128,165,165,209,207,164,168,233,233,183,185,341,343,185,187,318,336,235,235
C4814,126147,276,252,122,136,155,163,203,211,168,173,211,237,177,185,335,331,169,179,318,318,221,221
C4815,126147,256,272,104,116,155,163,209,203,166,160,243,235,185,179,333,343,187,169,318,318,221,237
C4818,126147,248,248,130,104,159,163,209,207,164,168,213,213,177,177,339,339,183,169,340,326,235,227
C4819,126147,248,254,104,128,171,171,203,211,164,168,217,211,183,171,333,337,181,189,330,342,227,227
C4826,126147,258,272,104,124,161,171,205,207,164,162,233,247,171,179,333,337,183,191,318,318,235,235
C4829,126147,256,250,104,120,163,169,205,211,160,160,213,229,171,171,333,333,181,181,340,348,235,235
C4830,126147,248,256,104,120,155,163,203,211,164,171,213,213,171,179,327,331,183,169,330,330,235,235
C4831,126147,276,250,130,122,175,163,205,217,164,168,205,217,181,183,341,337,181,169,318,344,235,223
C4832,126147,260,250,104,124,163,171,207,207,164,168,215,221,183,189,335,341,169,172,334,334,235,235
C4858,126147,248,248,124,120,163,179,205,209,164,168,223,223,177,168,335,335,183,193,318,334,237,237
C4757,126147,260,272,130,104,163,181,219,207,162,168,213,225,177,177,339,339,183,187,318,318,221,229
C4770,126147,248,276,116,120,167,155,207,199,160,169,0,0,170,170,335,333,187,187,318,316,221,239
C4808,126147,276,256,130,128,159,181,207,221,158,162,215,215,183,185,335,333,187,172,316,336,237,223
C4809,126147,248,252,104,124,163,181,207,207,160,171,205,237,181,173,335,333,169,169,318,320,231,231
C4820,126147,274,262,124,124,163,163,207,217,162,168,223,223,177,181,327,327,183,169,326,326,221,223
C4824,126147,248,260,104,120,163,183,205,207,158,162,243,231,171,171,335,341,187,169,316,316,235,235
C4706,171188,252,272,104,120,163,171,203,211,164,164,215,229,185,171,333,337,187,187,330,340,221,235
C4708,171188,258,280,104,128,175,161,203,211,164,168,217,217,177,177,341,333,181,167,330,340,239,235
C4709,171188,248,254,130,132,165,179,209,207,158,169,231,231,171,189,333,333,181,183,340,316,235,235
C4714,171188,256,262,122,122,163,163,211,211,162,168,227,227,181,179,335,337,181,191,326,326,237,237
C4722,171188,248,260,130,104,163,163,203,199,158,158,217,215,177,171,341,337,183,183,318,344,235,235
C4726,171188,272,272,124,124,163,161,205,211,164,168,239,209,187,187,333,339,185,183,326,334,221,221
C4733,171188,248,256,130,124,175,175,211,207,168,168,213,221,177,193,333,331,181,193,318,318,235,235
C4734,171188,256,272,122,122,159,155,207,207,168,168,221,221,187,171,341,333,191,169,340,326,235,229
C4737,171188,258,254,130,124,165,159,211,211,158,158,211,231,179,189,335,337,183,191,318,316,221,235
C4882,171188,248,284,124,124,161,161,209,207,158,171,213,229,177,187,327,327,191,193,318,318,221,235
C4883,171188,258,258,130,128,165,163,203,203,168,168,219,227,187,193,335,331,189,191,318,318,235,235
C4702,171188,248,278,120,106,159,159,209,203,0,0,217,233,177,187,333,337,185,169,348,352,235,229
C4703,171188,248,248,130,104,161,179,211,207,158,158,217,215,177,177,327,331,183,177,318,316,221,237
C4727,171188,260,254,124,128,165,155,203,207,162,162,215,233,171,171,335,337,189,191,326,334,227,227
C4732,171188,260,268,128,128,155,161,209,203,158,168,219,215,185,171,335,333,187,191,318,344,221,239
C4735,171188,256,256,128,122,167,161,209,207,158,164,217,233,177,171,335,333,191,197,318,318,221,221
C4736,171188,248,278,122,132,179,179,203,207,168,168,215,215,183,185,335,333,191,169,340,318,221,221
C4746,171188,280,252,104,124,179,179,211,199,168,168,217,227,185,171,335,339,191,191,348,338,235,237
C4777,171188,272,274,130,128,167,161,207,201,166,160,235,221,181,179,333,337,183,183,318,344,221,215
C4846,171188,258,280,130,128,165,163,211,197,164,168,233,221,177,183,335,341,189,185,334,346,239,229
C4847,171188,248,252,130,130,161,161,211,207,158,168,233,237,171,179,335,341,183,169,330,318,227,223
C4884,171188,260,278,126,104,161,173,209,211,162,168,217,221,185,171,335,335,181,169,334,342,235,235
C4705,171188,248,252,104,122,165,161,213,217,158,162,205,229,181,185,341,333,187,169,318,316,221,221
C4711,171188,248,254,124,128,171,171,207,199,164,168,249,249,171,179,341,337,183,167,316,338,221,239
C4713,171188,278,278,104,104,163,171,205,207,158,169,0,0,181,193,327,333,183,183,326,338,221,235
C4716,171188,256,256,104,124,165,171,211,207,162,168,233,221,177,185,333,333,183,183,318,326,221,221
C4717,171188,248,258,122,122,159,159,205,203,162,162,215,215,177,185,335,339,183,183,318,326,227,237
C4719,171188,248,256,130,128,163,181,211,201,158,168,225,207,187,179,339,337,191,193,318,326,221,229
C4721,171188,248,272,128,122,155,163,203,211,162,168,217,217,183,179,333,339,181,179,330,340,235,235
C4729,171188,248,246,104,128,161,181,203,211,168,168,235,229,171,171,333,333,189,191,318,344,221,235
C4730,171188,254,238,130,128,165,163,203,203,168,168,215,215,177,185,341,341,183,187,318,344,221,237
C4773,171188,248,248,124,122,159,163,211,211,158,168,239,233,185,185,333,333,189,189,340,318,239,227
C4861,171188,248,280,130,120,165,161,205,211,164,168,233,207,177,183,333,331,183,169,334,342,229,229
C4890,171188,248,248,104,144,163,179,207,217,158,162,235,235,185,193,333,337,169,169,318,316,235,237
C4718,171188,248,248,124,128,155,161,205,203,158,168,215,221,171,171,333,333,187,187,318,316,221,237
C4724,171188,248,262,124,120,167,179,209,211,164,168,217,233,185,185,341,345,183,187,318,342,227,237
C4738,171188,254,272,130,128,165,155,203,207,162,162,215,233,177,187,333,333,181,183,338,338,235,227
C4739,171188,248,274,124,124,155,155,207,217,162,171,239,221,177,171,339,339,183,169,340,318,235,227
C4844,171188,256,274,130,130,159,167,209,207,164,168,217,235,177,179,341,333,181,189,316,338,235,235
C4845,171188,258,254,130,120,163,171,209,203,164,168,215,227,183,185,333,331,183,193,340,326,235,237
C4681,171188,276,276,130,128,175,175,217,217,164,164,217,217,177,185,341,333,183,169,318,318,235,235
C4682,171188,250,250,128,136,167,155,207,217,169,169,211,221,187,187,333,333,183,191,340,326,221,239
C4683,171188,280,282,130,136,163,161,211,211,158,164,239,217,177,191,335,341,183,187,318,316,237,237
C4685,171188,248,256,120,120,163,183,203,203,158,168,217,217,187,171,333,333,183,169,318,318,235,237
C4715,171188,248,256,104,124,165,161,205,203,168,169,213,213,187,193,333,329,183,191,332,334,235,235
C4725,171188,274,274,124,132,163,161,209,199,162,169,213,225,179,189,333,333,169,169,318,326,221,235
C4799,171188,248,286,104,122,167,163,203,211,158,162,243,231,177,179,333,339,181,183,318,318,221,221
C4889,171188,248,268,130,104,175,179,207,207,162,168,217,233,177,189,343,343,187,169,318,318,0,0
U1941,APA12PACb,254,272,124,128,161,173,203,215,160,160,243,245,183,171,341,339,187,187,316,334,221,235
U1942,APA12PACb,280,282,128,136,165,171,209,219,158,158,213,213,171,189,339,343,183,169,318,354,239,235
U1957,APA12PACb,0,0,104,122,163,179,211,207,166,160,211,225,183,183,333,339,187,169,316,320,221,221
U2016,APA12PACb,248,284,104,120,165,167,201,201,166,166,221,221,171,189,327,339,183,187,320,320,235,227
U2021,APA12PACb,248,256,130,128,165,155,209,207,166,160,0,0,183,187,341,337,183,169,316,316,223,223
U2022,APA12PACb,276,256,120,134,167,169,205,207,166,160,233,251,183,179,327,331,183,187,318,334,235,235
U2023,APA12PACb,248,272,128,134,155,173,205,207,158,164,217,233,171,179,337,331,183,187,318,320,221,221
U2024,APA12PACb,248,260,124,124,159,171,203,207,162,166,229,251,179,179,333,339,189,191,330,356,239,235
U2025,APA12PACb,248,248,124,134,161,173,203,211,166,166,0,0,187,179,335,333,181,187,326,342,221,249
U2026,APA12PACb,276,272,124,120,163,171,207,197,158,166,213,201,179,179,341,333,189,183,318,352,235,235
U2027,APA12PACb,254,256,124,122,175,163,207,199,158,160,205,213,187,179,333,337,187,193,338,342,231,237
U2028,APA12PACb,260,280,124,132,161,171,207,217,158,164,229,207,179,189,339,339,169,169,318,358,221,249
U2029,APA12PACb,280,256,130,104,161,169,205,211,164,164,217,251,185,189,327,337,183,187,344,338,237,237
U2030,APA12PACb,248,260,130,134,159,161,205,207,164,166,233,221,171,179,339,339,169,169,340,320,235,233
U2031,APA12PACb,260,266,130,124,165,161,203,217,158,166,215,221,171,171,333,339,187,169,320,338,221,235
U1943,APA12PACb,276,256,128,128,163,179,205,199,164,166,219,223,187,179,335,337,183,191,330,334,221,221
U1944,APA12PACb,276,254,104,128,155,161,211,199,166,160,219,215,187,185,335,337,183,169,330,340,221,235
U1945,APA12PACb,254,274,130,124,165,163,209,211,166,166,213,257,171,191,335,337,181,169,330,334,235,235
U1946,APA12PACb,248,256,104,128,165,159,207,199,166,160,215,229,177,185,333,337,183,187,340,318,221,227
U1947,APA12PACb,248,280,104,120,167,167,207,199,164,166,239,211,179,189,339,331,187,169,318,320,223,223
U1948,APA12PACb,248,248,104,140,163,173,205,199,158,166,239,235,183,179,341,327,191,169,318,352,241,241
U1949,APA12PACb,256,266,104,134,155,163,207,199,164,166,235,237,177,171,327,339,181,183,330,316,235,227
U1955,APA12PACb,280,252,130,124,175,163,203,207,164,166,239,235,177,189,339,339,187,169,328,338,221,221
U2005,APA12PACb,258,260,130,128,163,171,213,197,166,166,259,227,183,179,335,339,183,187,334,352,221,221
U2006,APA12PACb,248,288,104,146,165,163,203,213,166,160,215,225,185,171,339,339,187,169,318,316,235,229
U2007,APA12PACb,258,256,124,146,165,161,203,203,166,166,235,225,187,179,339,339,187,187,318,328,221,235
U2008,APA12PACb,258,252,120,146,161,161,209,213,166,160,217,231,181,171,333,339,187,169,318,352,229,229
U2010,APA12PACb,258,288,104,120,161,171,0,0,166,166,217,213,183,189,333,333,181,183,316,336,235,235
U2011,APA12PACb,272,278,124,124,167,161,209,207,166,166,221,229,177,183,327,339,187,187,318,318,235,229
U2012,APA12PACb,248,256,130,120,165,167,209,217,166,160,217,223,171,171,333,339,183,187,326,334,235,245
U2014,APA12PACb,248,248,128,122,155,161,211,199,168,160,217,217,185,179,333,331,187,169,316,332,235,251
U2702,APA12PACb,248,260,128,132,163,179,203,219,166,160,217,265,187,189,339,337,191,193,318,326,221,233
U2703,APA12PACb,254,286,130,122,165,179,203,207,168,160,217,223,179,179,337,337,169,193,316,316,221,233
U2704,APA12PACb,256,256,104,120,165,163,209,207,164,166,203,225,187,187,341,339,181,187,340,318,221,221
U2706,APA12PACb,258,270,104,122,161,171,0,0,164,160,0,0,177,171,333,337,169,177,318,344,221,237
U2707,APA12PACb,248,248,104,115,165,159,207,207,164,160,219,227,171,171,333,333,183,187,330,318,237,237
U2708,APA12PACb,248,248,124,132,167,161,209,217,158,164,217,251,177,171,327,333,169,169,318,338,235,225
U2698,APA12PACb,248,264,104,122,165,159,205,211,160,160,215,229,183,171,333,339,181,183,318,326,235,235
U2700,APA12PACb,258,274,130,120,167,161,203,211,158,166,215,261,171,173,341,333,187,191,318,334,221,235
U1924,APA12PACb,248,278,130,104,163,161,207,207,168,166,215,257,183,195,327,339,183,197,326,344,235,237
U1930,APA12PACb,248,254,124,124,163,171,207,207,166,166,205,253,183,171,343,331,183,187,340,316,237,241
U1931,APA12PACb,248,254,104,124,159,171,203,207,168,166,217,257,171,171,333,343,181,183,318,316,221,235
U1933,APA12PACb,248,248,124,124,167,161,203,199,158,166,231,257,177,171,343,343,183,169,318,328,237,223
U1934,APA12PACb,248,286,120,120,177,161,203,217,158,166,243,213,187,185,339,339,183,177,330,318,221,227
U1935,APA12PACb,276,282,104,128,167,161,203,217,166,166,205,257,185,185,333,333,187,191,318,316,221,227
U1936,APA12PACb,280,254,104,124,163,161,207,207,158,166,231,257,171,171,335,331,187,173,318,338,0,0
U1938,APA12PACb,260,280,104,128,167,163,211,207,158,168,255,231,171,171,333,343,181,187,318,318,235,229
U1939,APA12PACb,248,280,128,122,163,171,207,201,158,160,217,207,187,171,341,343,189,169,318,326,221,221
U1950,APA12PACb,256,256,115,115,171,171,207,201,168,166,217,215,181,185,333,329,187,169,340,326,235,227
U1951,APA12PACb,280,256,124,136,165,163,207,217,158,166,211,229,179,189,333,331,169,175,318,318,221,227
U1953,APA12PACb,278,262,124,124,175,169,207,207,166,160,221,237,185,171,333,339,183,169,318,318,221,235
U1954,APA12PACb,256,262,130,124,163,161,203,207,166,166,229,229,185,171,335,331,169,169,316,320,221,223
U2044,APA12PACb,248,254,128,134,171,171,205,217,166,160,213,261,179,189,339,337,181,173,318,316,235,225
U2045,APA12PACb,254,272,124,132,171,173,207,199,168,160,213,229,181,185,339,339,191,169,318,342,229,229
U2046,APA12PACb,276,286,124,120,165,171,199,199,168,160,0,0,183,179,335,339,191,169,318,318,235,229
U2047,APA12PACb,276,254,128,136,157,147,207,199,160,160,227,227,189,189,341,333,183,191,318,316,235,233
U2048,APA12PACb,260,286,132,132,165,173,209,199,160,160,213,229,183,171,333,333,183,183,338,342,239,229
U2050,APA12PACb,248,260,122,120,161,157,209,199,164,160,215,213,185,179,339,337,181,169,318,344,235,237
U2051,APA12PACb,254,254,120,134,163,171,199,199,164,166,203,213,177,171,333,337,183,187,318,318,235,237
U2056,APA12PACb,280,254,130,115,165,163,207,217,164,166,221,247,171,171,333,339,183,183,334,356,235,235
U2057,APA12PACb,280,282,104,124,167,173,205,203,166,166,229,223,185,193,333,339,183,169,332,334,237,237
U2058,APA12PACb,248,282,124,136,163,163,205,203,160,160,255,229,187,185,331,331,191,173,320,334,235,235
U2059,APA12PACb,282,284,104,122,159,167,203,203,164,160,0,0,181,193,331,331,187,169,326,334,221,221
U2060,APA12PACb,248,254,124,146,159,173,207,199,166,160,217,247,185,171,333,343,183,187,318,344,235,237
U2061,APA12PACb,280,272,130,128,163,169,207,199,166,166,233,247,187,185,327,339,183,183,318,356,221,221
U2062,APA12PACb,272,262,130,132,163,163,205,199,166,160,0,0,187,171,333,333,189,169,320,356,235,235
U2063,APA12PACb,248,272,130,124,159,167,203,199,166,166,0,0,187,171,333,339,183,169,318,344,221,221
U2065,APA12PACb,258,258,104,136,159,171,207,207,164,166,227,265,187,185,335,333,191,169,330,340,235,235
U2067,APA12PACb,248,268,104,124,163,161,205,217,158,160,217,227,177,171,333,339,169,169,328,338,237,237
U2068,APA12PACb,254,268,124,120,163,161,207,207,158,166,215,227,177,177,333,333,181,169,318,316,221,237
U2069,APA12PACb,248,254,128,120,167,167,207,199,166,160,217,231,185,171,335,339,187,187,344,338,221,235
U2070,APA12PACb,268,288,124,128,165,163,211,207,166,160,243,211,177,187,333,343,187,191,316,344,221,237
U2071,APA12PACb,258,258,128,128,175,173,205,207,158,166,227,237,185,171,327,333,191,191,316,344,235,223
U2076,APA12PACb,280,268,128,128,163,157,207,199,158,166,231,247,177,171,341,343,183,169,344,338,221,235
U2077,APA12PACb,248,280,124,122,163,171,203,199,166,160,239,217,171,189,333,343,189,183,318,346,221,237
U2082,APA12PACb,254,268,124,120,167,161,205,207,158,160,259,227,177,177,335,343,187,177,318,328,221,237
U2084,APA12PACb,280,256,122,122,177,167,207,207,158,166,213,257,171,189,333,339,187,177,340,328,221,221
U2089,APA12PACb,276,284,104,124,175,161,205,199,164,166,229,263,177,187,335,333,183,179,326,316,235,235
U2090,APA12PACb,248,276,124,122,165,161,205,203,158,166,229,209,181,171,335,343,183,187,340,338,221,235
U2098,APA12PACb,272,272,122,120,165,163,207,207,164,166,259,223,185,189,333,331,191,169,326,328,223,223
U2108,APA12PACb,248,276,104,128,155,163,207,199,154,154,239,239,181,183,335,327,187,187,318,318,223,243
U2111,APA12PACb,248,258,124,122,165,169,209,203,164,166,217,223,171,179,335,339,189,169,340,344,235,235
U2113,APA12PACb,248,276,130,130,165,165,209,207,168,166,245,225,187,179,335,331,191,193,326,344,243,243
U2114,APA12PACb,248,266,130,104,165,173,209,213,166,160,221,225,183,179,335,339,187,193,344,334,221,235
U2115,APA12PACb,248,248,104,128,161,169,209,207,166,166,217,257,187,185,333,331,181,169,344,320,235,235
U2116,APA12PACb,254,284,130,136,163,161,0,0,158,168,205,231,193,189,333,337,169,169,344,334,227,227
U2117,APA12PACb,248,266,130,122,165,177,203,207,164,166,243,241,177,181,335,327,181,195,330,316,221,221
U2119,APA12PACb,248,248,104,128,163,161,209,195,158,168,233,263,179,179,341,333,189,169,318,344,221,223
U2120,APA12PACb,248,254,104,136,167,163,207,215,166,160,217,213,177,185,329,329,183,191,340,328,227,229
U2664,APA12PACb,254,256,104,128,171,157,205,207,160,160,239,205,177,189,333,339,189,185,316,332,221,235
U1198,BV,248,278,130,130,167,163,207,207,162,160,0,0,185,171,327,333,183,173,318,316,239,237
U1199,BV,276,256,130,132,163,171,203,207,158,164,221,229,185,179,335,333,187,169,336,346,235,223
U1200,BV,256,264,130,120,155,163,211,207,166,160,215,251,185,189,335,333,181,191,318,320,235,223
U1201,BV,260,250,122,132,155,169,205,209,166,154,227,237,177,189,333,329,187,169,318,344,235,237
U1202,BV,260,256,104,132,155,163,209,217,164,166,227,263,177,175,335,333,169,169,318,326,227,229
U1203,BV,254,268,132,138,163,171,203,203,158,166,215,213,171,191,337,331,183,183,318,318,221,237
U1205,BV,248,250,130,124,165,161,207,217,166,166,211,221,189,189,327,333,187,191,318,326,235,235
U1206,BV,248,254,124,138,163,163,203,207,168,160,215,213,177,189,333,343,183,187,326,326,235,233
U1207,BV,248,270,104,138,163,163,203,207,168,166,219,231,177,189,333,329,183,187,318,342,235,237
U1208,BV,248,260,104,132,165,163,203,207,168,166,219,213,171,189,333,333,183,191,318,326,227,237
U1209,BV,250,262,120,132,163,169,203,211,166,166,211,263,177,189,333,339,183,191,318,326,235,235
U1210,BV,248,248,128,138,163,163,209,217,166,160,215,221,181,189,327,333,183,169,326,334,235,223
U1211,BV,248,258,132,138,177,163,211,207,164,166,211,223,171,179,339,337,191,169,318,318,221,235
U1212,BV,256,286,104,120,171,173,211,217,166,166,219,217,171,179,333,339,187,187,340,318,221,235
U1213,BV,248,258,130,138,167,163,207,207,160,160,221,223,187,171,339,337,187,169,340,318,239,235
U1214,BV,248,248,120,132,161,169,203,217,166,154,0,0,179,179,341,333,183,191,330,318,221,235
U1215,BV,248,248,132,132,163,169,217,217,158,168,219,213,179,189,335,329,187,169,318,326,235,237
U1220,BV,248,286,126,130,163,169,205,217,158,166,219,231,179,179,341,339,183,191,318,326,235,235
U1224,BV,250,262,124,120,165,155,205,203,166,154,215,229,187,189,335,329,183,169,326,326,221,235
U1227,BV,248,260,104,128,167,155,209,215,160,169,233,223,177,185,335,335,187,169,326,322,235,237
U1229,BV,258,254,104,120,163,171,209,199,158,168,233,223,177,193,327,337,191,169,318,352,235,233
U1230,BV,248,254,104,124,163,161,209,207,158,160,223,237,177,185,337,329,169,169,330,328,219,219
U1231,BV,248,254,124,148,163,161,209,207,164,166,241,223,177,185,333,333,183,169,330,320,227,219
U1232,BV,258,268,104,148,161,161,209,199,158,166,241,223,171,189,335,333,169,173,328,352,221,233
U1233,BV,252,252,104,124,163,171,203,194,158,158,269,271,177,177,335,329,0,0,318,318,221,221
U1234,BV,248,260,104,148,163,161,207,207,166,160,227,223,183,171,333,333,189,173,318,320,227,229
U1235,BV,256,268,124,148,155,169,209,199,168,160,215,227,185,189,333,331,183,191,318,328,221,245
U1236,BV,248,264,124,128,165,163,209,203,166,160,215,221,187,189,333,331,187,191,340,318,221,221
U1238,BV,248,274,104,124,165,169,203,211,158,166,215,257,185,189,337,331,187,191,318,326,221,221
U1239,BV,276,254,124,134,165,163,203,207,158,166,221,231,185,179,333,331,183,169,318,326,221,235
U1240,BV,258,268,124,128,163,163,203,211,158,166,237,257,185,189,333,331,191,191,318,326,237,237
U1242,BV,248,248,130,138,165,163,205,207,166,160,233,227,177,177,333,337,191,169,326,352,239,237
U1243,BV,258,254,104,152,163,163,205,197,166,160,215,227,177,185,337,337,169,169,332,352,231,237
U1245,BV,248,254,120,138,159,163,207,207,166,160,221,223,185,185,333,337,183,195,318,326,235,237
U1246,BV,248,276,104,138,155,169,207,199,166,160,217,227,177,179,337,337,187,173,340,338,221,237
U1251,BV,258,266,130,120,171,169,211,207,166,166,215,251,171,189,339,337,191,193,340,320,235,235
U1273,BV,248,254,104,104,165,167,207,215,0,0,0,0,185,171,335,339,187,187,318,322,235,235
U1274,BV,248,256,104,128,159,173,211,199,168,166,217,215,171,169,335,333,183,187,340,322,235,235
U1294,BV,250,278,124,122,155,169,211,207,168,154,233,231,189,189,331,329,183,187,318,318,235,223
U1304,BV,0,0,104,120,163,161,0,0,158,168,233,237,185,193,327,329,191,191,330,318,235,235
U1307,BV,260,250,130,128,161,171,0,0,166,160,219,241,177,189,339,339,191,191,318,346,235,225
U1314,BV,258,270,104,128,159,169,203,211,162,166,239,237,189,189,333,339,183,187,318,334,0,0
U1315,BV,248,260,104,128,155,163,211,211,166,166,215,265,177,171,335,327,191,193,330,318,235,227
U1319,BV,280,274,104,109,167,161,211,217,166,166,235,213,177,185,333,333,169,193,340,334,235,227
U1320,BV,272,262,104,124,165,155,205,199,158,158,253,221,171,189,341,339,183,187,326,328,235,223
U1324,BV,248,254,132,132,155,163,203,211,166,154,215,223,193,171,327,333,187,173,320,338,221,221
U1331,BV,254,250,130,132,155,163,209,199,168,166,0,0,185,189,339,339,189,187,318,346,221,235
U1333,BV,248,248,104,124,167,155,203,211,166,166,0,0,185,179,335,339,183,169,326,316,221,221
U1340,BV,276,278,104,134,167,163,207,199,166,160,223,269,187,179,339,337,189,169,318,326,235,247
U1341,BV,256,278,120,136,165,163,211,199,164,166,0,0,189,189,335,333,189,191,340,326,235,235
U1344,BV,276,262,126,130,167,171,209,213,166,160,0,0,183,171,327,337,183,169,318,316,221,235
U1345,BV,256,268,104,124,165,167,199,199,160,169,239,217,171,189,335,331,187,191,340,326,221,235
U1346,BV,248,256,104,148,155,169,207,199,158,164,223,265,187,171,335,333,183,183,318,326,221,223
U1347,BV,248,272,124,120,165,173,207,215,160,160,233,223,185,171,335,339,191,169,344,322,241,233
U1348,BV,248,260,138,138,169,185,199,199,168,166,213,241,177,189,333,339,187,173,318,346,237,225
U1349,BV,248,276,130,132,155,163,211,207,164,166,215,251,181,185,333,331,183,183,344,320,235,229
U1354,BV,248,264,124,138,163,169,209,199,158,168,221,237,187,189,333,331,191,191,330,340,221,245
U1375,BV,248,254,104,136,165,161,211,207,166,160,233,221,177,187,339,343,183,169,328,334,235,223
U1383,BV,248,270,124,136,167,171,211,199,166,169,215,231,177,191,0,0,183,183,330,326,221,235
U1385,BV,248,276,104,128,155,157,203,207,160,169,213,225,181,183,327,333,183,191,318,318,227,243
U1386,BV,276,274,130,130,167,173,203,213,160,160,243,227,171,171,337,331,183,187,330,316,221,221
U1413,BV,248,260,124,132,0,0,209,211,164,168,219,227,177,179,333,339,183,169,318,344,235,227
U1417,BV,258,276,130,124,167,163,213,207,168,166,0,0,171,189,333,337,183,169,340,318,239,235
U1852,BVT,248,280,130,128,163,161,209,197,158,164,215,213,171,179,333,329,183,183,318,320,221,237
U1853,BVT,248,280,130,124,159,161,211,201,158,166,239,269,185,171,333,331,183,169,318,334,221,221
U1854,BVT,248,248,130,136,161,171,209,215,166,160,233,221,181,193,333,343,183,183,318,336,221,237
U1855,BVT,254,264,124,128,177,155,211,207,168,166,215,229,177,171,333,333,183,187,318,320,237,237
U1856,BVT,254,264,124,124,155,173,207,207,164,168,215,229,177,171,333,331,183,169,340,318,229,229
U1858,BVT,248,276,130,128,155,163,203,207,166,166,231,231,171,179,327,333,187,191,320,320,237,237
U1859,BVT,280,264,128,122,171,171,209,207,164,166,211,227,185,171,333,339,169,173,318,352,221,217
U1860,BVT,248,288,104,115,167,173,209,209,164,169,239,229,185,171,339,329,189,173,340,328,221,221
U1861,BVT,248,248,128,136,155,173,211,207,164,166,221,229,181,185,339,331,193,173,340,326,221,221
U1862,BVT,248,256,130,124,163,171,211,207,158,164,243,227,177,193,339,339,183,169,318,338,221,227
U1863,BVT,250,278,130,136,175,163,211,211,158,166,217,227,177,193,339,337,187,169,318,318,221,221
U1865,BVT,248,256,122,134,165,177,203,207,166,160,239,223,177,171,341,333,183,187,318,352,221,237
U1871,BVT,256,278,128,120,167,161,205,209,158,168,245,229,177,177,333,333,183,169,330,326,221,221
U1873,BVT,256,278,104,120,155,155,203,207,164,164,219,213,187,179,333,339,183,169,340,338,229,223
U1875,BVT,282,278,130,128,167,163,207,207,158,160,213,213,177,183,335,331,191,169,336,352,221,221
U1876,BVT,248,282,130,104,177,167,203,207,166,160,233,213,183,189,341,333,191,193,318,338,235,233
U2448,BVTGMVT2,248,260,104,120,159,163,203,207,160,160,217,227,177,189,327,337,185,187,316,342,221,221
U2449,BVTGMVT2,248,256,124,128,165,157,203,203,164,166,233,241,177,179,327,333,187,187,318,338,237,237
U2450,BVTGMVT2,282,252,124,128,173,173,207,197,162,166,235,221,185,193,339,339,185,183,318,356,235,235
U2451,BVTGMVT2,248,254,124,122,165,167,205,199,158,166,235,213,177,181,0,0,183,169,0,0,221,237
U2453,BVTGMVT2,248,278,104,124,177,175,205,207,166,166,213,237,177,185,333,333,187,191,336,334,235,227
U2454,BVTGMVT2,248,264,130,128,175,175,207,207,164,166,223,223,177,171,339,343,183,169,318,320,239,243
U2455,BVTGMVT2,248,258,128,158,159,175,211,207,166,166,255,229,179,179,333,333,183,179,340,334,235,235
U2456,BVTGMVT2,258,282,104,124,155,173,203,207,164,166,217,215,171,179,335,339,187,191,318,326,0,0
U2457,BVTGMVT2,248,276,104,134,165,173,211,207,158,164,241,227,187,179,335,337,185,187,340,340,221,221
U2458,BVTGMVT2,248,276,130,134,173,173,211,207,164,168,215,241,187,189,333,339,187,187,330,320,221,235
U2459,BVTGMVT2,258,272,124,128,175,155,209,219,164,166,217,215,177,183,341,333,183,193,318,348,235,237
U2460,BVTGMVT2,248,258,128,136,161,171,205,201,158,166,215,229,185,179,333,343,169,169,340,318,235,235
U2461,BVTGMVT2,252,272,104,124,171,151,211,207,166,169,225,229,177,179,333,337,189,169,316,346,227,227
U1826,BVTGMVT2,248,254,124,122,177,161,211,211,164,160,255,221,177,185,339,331,183,169,334,334,221,235
U1827,BVTGMVT2,248,262,104,128,177,155,205,213,164,160,213,229,171,171,339,339,191,169,316,334,221,235
U1828,BVTGMVT2,248,290,130,130,159,169,205,207,166,166,243,233,187,171,333,339,181,183,340,318,221,227
U1829,BVTGMVT2,248,254,104,136,163,163,211,217,168,160,217,215,181,171,335,333,169,179,318,338,235,237
U1830,BVTGMVT2,248,254,130,122,163,163,211,211,166,160,215,241,177,181,335,333,169,179,316,338,221,237
U1831,BVTGMVT2,254,268,124,128,163,161,209,213,164,169,243,219,177,187,333,339,191,169,326,316,235,237
U1833,BVTGMVT2,248,254,124,142,165,175,211,211,166,166,233,233,171,171,333,331,183,169,332,334,221,221
U1834,BVTGMVT2,254,252,104,124,159,163,207,199,164,169,219,233,177,171,339,343,183,187,330,316,0,0
U1835,BVTGMVT2,248,260,130,122,163,161,211,211,158,164,217,233,187,171,333,339,187,169,338,334,221,237
U1836,BVTGMVT2,248,264,122,132,159,163,211,217,158,160,217,231,185,169,335,339,185,167,0,0,235,219
U1837,BVTGMVT2,248,254,104,122,155,163,219,211,166,160,217,261,187,191,335,339,187,187,344,338,221,227
U1838,BVTGMVT2,254,254,124,120,155,163,207,199,166,169,243,217,177,181,333,343,187,187,316,336,235,227
U1839,BVTGMVT2,290,264,124,128,163,161,203,213,160,169,243,215,177,171,333,343,183,191,318,336,221,221
U1840,BVTGMVT2,248,264,130,124,167,163,219,213,160,169,0,0,177,181,333,339,187,191,316,320,221,221
U1842,BVTGMVT2,276,254,124,128,163,161,213,207,164,166,235,233,177,183,335,343,189,191,336,342,235,235
U1844,BVTGMVT2,256,264,124,128,165,161,209,199,0,0,0,0,181,179,333,343,181,191,318,336,235,237
U1845,BVTGMVT2,254,274,104,124,163,161,205,199,166,169,243,219,177,193,339,343,187,169,318,336,235,227
U1846,BVTGMVT2,254,290,124,128,163,161,219,213,160,169,217,233,177,171,333,343,183,187,316,328,221,235
U1762,CNF,282,264,122,132,159,161,211,211,158,164,217,211,177,185,341,339,183,169,340,338,221,237
U1763,CNF,252,272,130,132,163,161,211,207,164,166,215,225,187,185,333,339,187,169,330,338,241,241
U1766,CNF,284,264,130,136,159,163,211,207,158,164,215,225,177,185,333,343,187,169,330,340,0,0
U1767,CNF,276,264,128,136,159,169,211,207,164,166,217,215,185,189,335,339,183,169,320,338,227,227
U1770,CNF,276,270,130,104,165,163,211,211,164,166,215,233,187,171,333,339,191,169,318,338,235,227
U1771,CNF,270,284,130,128,165,163,211,207,166,166,215,233,177,171,339,339,183,191,318,346,235,227
U1772,CNF,270,270,130,122,155,163,211,211,158,166,205,249,177,177,327,333,189,191,318,338,227,237
U1773,CNF,282,284,104,122,159,163,211,199,164,166,215,229,177,171,327,333,189,169,326,338,0,0
U1777,CNF,270,284,130,122,155,163,219,199,168,166,229,247,177,187,333,333,189,169,338,338,235,235
U1778,CNF,248,270,130,132,155,171,211,207,158,166,233,249,171,189,333,329,189,189,340,318,221,237
U1779,CNF,252,274,128,122,165,171,211,199,158,166,233,229,185,171,333,337,191,169,318,338,235,235
U1780,CNF,270,284,130,132,159,171,219,207,158,164,235,253,177,171,341,343,187,191,330,338,235,229
U1781,CNF,270,284,130,130,159,163,219,211,164,166,235,221,177,177,333,339,189,187,340,318,235,235
U1786,CNF,270,252,128,136,167,175,211,207,164,160,233,221,177,171,339,337,189,191,344,338,227,227
U1789,CNF,284,272,130,132,167,157,211,207,164,160,205,215,177,189,333,337,181,189,318,328,227,229
U1790,CNF,284,272,136,132,175,155,219,207,164,168,225,229,177,171,339,343,187,187,326,338,221,227
U2467,FKN,276,270,128,122,155,163,219,207,166,166,259,221,189,189,333,331,189,185,316,316,221,249
U2468,FKN,260,254,132,134,165,163,205,199,166,166,253,221,177,171,341,341,189,191,318,316,221,227
U2469,FKN,248,262,128,122,163,163,219,207,166,160,221,221,183,169,333,339,189,199,318,316,221,237
U2470,FKN,248,260,104,128,163,163,203,217,158,160,221,237,177,171,333,339,193,199,328,338,235,237
U2472,FKN,248,260,126,104,165,163,219,199,162,166,0,0,193,189,335,339,183,191,318,316,221,221
U2473,FKN,248,260,104,104,155,171,209,219,168,166,219,215,183,193,339,339,189,183,318,348,221,235
U2475,FKN,260,276,104,122,155,163,211,211,166,160,221,263,193,179,341,339,183,169,316,348,221,235
U2477,FKN,248,256,128,122,167,167,205,207,166,160,219,259,185,189,327,339,187,169,344,334,235,237
U2478,FKN,256,282,132,134,167,161,211,211,160,156,259,227,177,187,333,339,181,187,336,320,239,239
U2482,FKN,248,258,128,120,179,169,209,199,158,164,215,213,177,187,339,337,187,169,336,346,235,233
U2483,FKN,248,254,104,128,163,163,209,211,158,158,221,231,185,189,333,337,187,187,318,334,221,235
U2484,FKN,248,248,122,132,163,163,209,207,166,160,215,225,177,187,333,331,187,169,326,346,235,233
U2485,FKN,248,272,128,132,161,169,209,207,158,166,215,231,187,179,339,337,187,173,316,346,235,235
U2487,FKN,248,254,126,132,165,169,207,207,158,158,217,217,187,185,0,0,183,187,318,338,235,235
U2490,FKN,248,248,128,128,163,173,211,207,166,160,219,251,193,189,341,333,189,169,326,342,221,239
U2491,FKN,276,290,124,128,163,163,207,199,166,166,215,223,179,189,327,337,183,169,344,322,239,223
U2493,FKN,248,256,104,128,165,161,209,207,166,160,243,261,0,0,0,0,191,169,318,320,235,235
U2495,FKN,256,264,104,128,165,169,205,207,158,166,227,231,177,191,341,337,191,169,340,334,239,235
U2496,FKN,248,256,104,134,159,155,207,207,168,166,221,247,179,189,339,337,189,169,318,316,229,223
U2497,FKN,280,254,104,128,165,161,203,207,166,166,235,213,177,179,339,337,187,187,340,318,221,239
U2498,FKN,260,256,124,128,165,155,205,207,158,166,235,235,179,191,335,339,169,177,318,348,239,235
U2499,FKN,260,254,120,134,165,155,205,197,158,166,239,227,177,193,333,337,187,173,340,338,239,237
U2502,FKN,248,260,104,104,155,173,209,207,166,160,221,227,183,189,333,333,191,169,316,338,221,221
U2503,FKN,248,254,104,128,165,155,205,207,166,166,235,223,177,189,333,337,187,191,326,344,221,221
U2202,GMVT1,284,272,104,120,165,159,211,207,164,166,215,233,177,179,335,333,169,169,318,318,223,223
U2203,GMVT1,270,282,104,104,165,155,199,197,166,166,235,233,181,187,339,339,183,191,318,332,221,235
U2205,GMVT1,260,274,130,128,159,163,203,199,164,166,219,233,177,177,341,343,183,169,318,338,221,221
U2206,GMVT1,248,252,124,128,171,173,203,207,166,166,213,231,185,179,0,0,181,169,332,320,235,229
U2207,GMVT1,280,256,124,120,163,161,211,195,164,166,233,271,181,187,341,333,191,169,330,326,221,221
U2212,GMVT1,248,280,128,128,163,157,205,219,166,166,213,221,0,0,335,333,0,0,316,348,221,235
U2215,GMVT1,258,268,130,130,163,161,203,203,166,166,217,221,177,171,335,333,189,169,340,318,227,227
U2216,GMVT1,280,256,122,136,165,165,211,199,164,166,243,269,181,179,333,339,183,169,344,346,0,0
U2217,GMVT1,248,260,128,120,155,169,209,207,158,166,243,215,179,169,339,331,183,183,318,344,231,223
U2221,GMVT1,280,276,124,128,167,171,207,195,164,166,225,251,181,171,341,331,183,169,332,320,235,229
U2222,GMVT1,276,276,104,122,165,163,207,195,164,166,203,251,181,171,341,339,183,169,318,332,227,227
U2225,GMVT1,0,0,128,136,155,163,219,207,166,166,215,203,187,187,341,333,183,187,318,326,235,235
U1120,MC,258,252,104,104,0,0,205,207,158,160,217,221,181,179,333,339,183,169,318,326,221,245
U1122,MC,248,272,104,132,167,179,0,0,166,160,215,233,185,193,327,339,183,169,334,350,235,235
U1125,MC,260,264,124,134,165,163,205,205,158,160,215,225,177,185,335,333,183,193,326,334,223,223
U1126,MC,248,274,130,128,161,173,207,199,164,166,211,237,177,171,335,327,183,169,318,334,235,227
U1127,MC,254,254,130,136,167,163,209,207,166,160,213,231,171,171,335,333,187,169,318,352,221,227
U1128,MC,260,264,104,104,171,181,207,199,164,160,215,231,187,187,333,337,169,169,330,326,239,239
U1129,MC,280,264,104,132,163,171,211,207,158,166,217,231,187,175,333,337,189,191,330,356,221,227
U1130,MC,280,264,104,132,161,171,207,207,158,171,227,251,187,191,327,337,189,169,318,318,239,235
U1131,MC,248,248,124,128,167,171,207,215,166,160,0,0,183,187,335,333,183,169,340,338,239,239
U1135,MC,248,248,130,128,159,171,211,207,166,171,235,221,185,171,333,333,169,193,340,326,231,237
U1140,MC,254,282,128,122,167,163,211,199,164,160,243,229,185,171,333,339,187,187,326,326,221,235
U1142,MC,248,256,120,120,163,163,209,199,166,166,215,227,171,189,327,333,183,187,326,344,221,235
U1144,MC,256,268,104,134,159,167,203,203,158,162,215,235,183,171,327,333,189,191,344,356,235,223
U1145,MC,248,268,130,124,155,171,209,203,158,160,223,265,177,185,327,327,189,183,330,316,221,221
U1146,MC,248,262,130,122,167,163,207,199,158,166,0,0,187,171,335,327,187,191,318,326,241,241
U1147,MC,248,254,104,122,155,163,211,215,168,160,219,229,177,199,333,331,183,183,340,346,221,235
U1148,MC,276,268,128,115,163,171,207,207,168,160,219,227,183,187,333,333,187,169,330,340,235,235
U1150,MC,252,274,124,134,167,163,0,0,168,166,217,271,185,171,333,329,183,169,326,320,235,241
U1151,MC,282,266,120,106,167,163,207,217,160,160,0,0,171,171,341,339,187,193,316,342,221,235
U1153,MC,248,278,128,122,165,163,205,211,166,160,205,217,187,187,333,339,183,169,340,318,235,237
U1154,MC,248,254,132,148,159,171,0,0,168,166,219,215,177,189,327,327,183,169,338,350,229,223
U1155,MC,254,264,132,138,163,169,217,199,168,168,219,215,189,169,339,329,187,191,318,346,235,233
U1157,MC,248,276,124,132,165,155,203,203,166,160,0,0,187,171,333,339,191,169,330,316,235,237
U1159,MC,248,276,124,132,165,155,203,199,164,160,233,221,177,185,333,339,191,193,330,318,221,235
U1160,MC,276,272,104,128,165,165,203,217,164,166,217,255,187,187,341,333,187,193,330,318,221,227
U1161,MC,272,288,104,136,165,163,205,207,166,160,215,235,185,185,333,339,191,191,318,318,221,237
U1163,MC,248,254,124,128,155,155,207,197,158,162,219,263,171,171,335,327,191,191,318,326,237,229
U1165,MC,252,272,122,136,155,171,211,217,166,160,213,225,185,179,333,333,183,187,318,326,221,221
U1168,MC,252,274,104,124,159,171,205,207,158,166,215,215,183,171,327,339,187,169,318,326,237,237
U1169,MC,256,286,130,104,167,163,205,215,166,160,211,229,183,193,327,331,187,191,320,334,221,235
U1170,MC,254,256,130,136,163,171,211,215,168,160,213,229,177,199,341,331,189,187,326,354,221,237
U1171,MC,256,268,128,120,163,157,209,207,168,166,215,225,183,189,333,339,181,169,332,338,221,243
U1172,MC,276,256,104,120,165,167,207,207,166,160,215,261,187,187,327,333,169,169,318,328,235,223
U1173,MC,248,254,126,124,165,163,205,201,166,166,205,261,177,187,333,333,187,169,318,326,221,235
U1174,MC,0,0,120,115,0,0,209,199,166,166,235,229,185,171,339,343,181,169,318,334,235,227
U1175,MC,248,264,104,124,163,171,203,217,168,168,0,0,187,193,335,339,169,193,318,334,221,221
U1176,MC,256,264,104,124,171,171,209,197,166,166,0,0,185,185,327,337,191,169,330,318,227,241
U1178,MC,256,274,124,128,165,159,211,199,158,166,215,223,171,171,337,337,169,169,320,346,221,221
U1179,MC,272,278,124,124,159,163,205,207,166,166,215,249,187,171,333,337,0,0,318,318,0,0
U1180,MC,248,262,130,104,165,177,205,209,164,166,0,0,171,171,341,333,187,169,336,336,235,235
U1181,MC,256,252,124,124,179,169,205,207,166,160,215,221,183,171,333,337,181,181,318,316,235,237
U1182,MC,248,254,130,104,163,171,209,201,166,160,217,225,171,179,341,327,189,191,318,336,235,237
U1184,MC,276,270,124,120,165,173,207,207,160,160,225,229,185,189,333,337,191,191,320,346,239,223
U1185,MC,248,252,104,128,155,161,205,209,166,166,225,251,177,177,341,327,189,189,318,342,235,223
U1186,MC,248,266,130,124,167,163,207,207,158,164,225,229,171,179,333,331,189,169,318,320,235,237
U1187,MC,248,248,130,136,167,171,203,203,166,160,253,221,189,189,327,337,183,187,316,328,221,233
U1188,MC,276,256,124,122,175,171,219,207,166,160,233,237,187,171,333,339,169,173,344,320,227,241
U1189,MC,258,254,130,128,163,171,207,197,166,160,245,229,187,191,335,333,181,177,318,318,229,225
U1190,MC,260,288,128,122,165,169,211,211,158,166,215,225,171,179,327,327,187,193,338,334,235,237
U1192,MC,268,288,130,104,161,169,211,211,158,160,215,231,183,179,339,343,187,169,334,346,235,235
U1193,MC,260,264,124,128,155,171,207,199,160,160,229,227,187,185,333,339,189,169,330,318,221,239
U1194,MC,282,262,104,104,159,157,207,207,164,166,205,217,177,171,327,339,183,169,318,320,235,235
U1196,MC,248,248,124,134,155,163,205,194,164,166,215,209,187,189,337,337,183,187,342,358,235,235
U1197,MC,258,274,104,120,161,169,203,207,164,166,217,227,183,187,341,339,181,169,340,318,235,235
U1003,OZ12,248,282,130,124,165,155,211,207,166,166,205,215,185,171,339,337,187,191,330,340,221,221
U1004,OZ12,254,250,130,115,163,183,205,209,158,168,215,213,187,189,339,339,191,169,340,356,227,227
U1005,OZ12,272,278,154,154,159,161,211,207,166,160,239,213,181,187,333,339,187,191,318,328,235,235
U1006,OZ12,248,254,122,150,167,171,209,219,164,160,233,229,187,171,333,333,183,183,340,326,235,235
U1007,OZ12,256,278,104,128,165,163,209,199,166,166,227,209,187,187,339,329,181,187,330,334,235,227
U1008,OZ12,248,250,104,104,163,163,211,215,164,160,233,213,177,171,333,339,183,187,318,328,227,233
U1009,OZ12,272,272,104,104,167,167,205,207,164,162,215,227,185,171,339,337,183,187,336,328,221,235
U1011,OZ12,248,268,104,128,167,163,211,207,164,168,235,225,185,193,335,331,181,169,318,326,235,227
U1012,OZ12,248,286,130,124,159,171,205,199,160,160,215,233,187,173,333,339,181,187,326,326,227,229
U1014,OZ12,272,278,136,144,159,179,205,207,158,164,213,213,187,187,341,333,181,183,340,326,235,237
U1016,OZ12,248,262,124,120,165,163,207,217,166,160,219,225,177,171,327,333,187,193,340,332,235,227
U1017,OZ12,248,248,124,120,175,163,203,211,164,162,205,235,187,187,333,343,169,169,340,340,221,221
U1018,OZ12,248,254,104,124,163,163,203,211,160,160,221,227,181,193,333,333,183,183,340,318,237,237
U1019,OZ12,276,276,120,120,161,179,205,217,158,166,215,221,171,179,327,339,183,183,318,328,221,227
U1020,OZ12,276,274,130,104,163,173,211,211,166,160,225,229,187,189,327,333,183,169,340,344,227,237
U1023,OZ12,248,276,124,122,155,163,207,199,166,160,213,207,171,179,333,333,181,183,318,320,235,237
U1024,OZ12,248,258,122,115,163,163,199,199,164,169,217,221,177,177,333,333,183,187,318,320,227,237
U1025,OZ12,264,252,130,128,165,159,211,199,166,160,215,251,179,191,341,341,189,183,318,318,227,223
U1026,OZ12,248,272,130,130,155,163,211,211,158,166,243,261,171,171,327,333,183,187,318,338,221,235
U1027,OZ12,248,248,104,115,167,161,205,219,169,169,245,229,177,171,333,333,169,169,340,344,235,235
U1028,OZ12,248,284,124,120,155,169,203,207,160,160,219,221,177,193,333,337,183,169,334,356,227,237
U1029,OZ12,248,248,128,128,167,163,209,207,166,166,253,223,177,175,341,333,189,191,318,318,239,227
U1030,OZ12,248,288,130,124,159,171,203,207,166,160,215,225,187,171,339,339,187,169,344,356,221,237
U1031,OZ12,278,278,104,104,159,167,207,207,166,160,215,231,187,185,333,339,187,169,326,342,227,237
U1032,OZ12,248,276,124,134,159,171,207,207,166,160,225,207,181,187,335,341,183,183,330,344,221,233
U1033,OZ12,272,272,124,115,163,163,205,207,160,160,215,215,181,185,335,339,185,187,320,334,221,235
U1034,OZ12,248,272,130,128,155,171,205,219,158,166,215,221,181,187,333,339,183,187,340,318,235,227
U1035,OZ12,248,252,124,124,155,171,205,213,166,160,235,221,177,187,333,339,183,183,318,318,235,227
U1036,OZ12,248,282,124,124,161,161,205,209,158,160,221,229,171,171,335,333,187,169,336,342,235,227
U1037,OZ12,248,248,104,128,163,171,203,207,164,166,215,225,179,191,333,331,183,169,330,326,227,227
U1038,OZ12,258,254,104,128,159,163,205,201,158,168,217,217,171,171,341,333,169,193,338,342,221,227
U1040,OZ12,282,268,130,124,165,165,217,201,166,160,225,207,187,171,339,337,183,169,0,0,239,229
U1041,OZ12,256,252,130,128,163,163,205,211,166,160,217,217,177,187,335,333,191,169,338,334,221,229
U1042,OZ12,256,278,124,124,165,163,209,203,166,160,229,231,177,187,333,333,187,169,320,338,221,221
U1044,OZ12,268,278,130,136,165,163,209,211,166,160,211,221,171,171,333,337,189,183,340,346,227,237
U1045,OZ12,280,276,124,120,159,171,211,207,158,162,0,0,183,193,327,333,185,169,318,320,227,227
U1046,OZ12,258,282,104,122,163,157,0,0,160,160,215,237,177,187,327,339,183,169,318,356,221,243
U1047,OZ12,258,254,128,128,165,161,205,195,166,160,217,235,181,187,335,333,183,187,318,344,235,223
U1048,OZ12,256,270,130,128,163,179,211,201,166,160,215,213,185,179,327,333,183,187,340,320,235,237
U1049,OZ12,248,280,130,104,155,163,207,207,168,166,215,215,171,179,333,331,169,169,318,334,235,235
U1050,OZ12,248,280,120,136,161,171,209,207,162,160,235,225,183,171,335,333,183,187,328,320,235,249
U1051,OZ12,274,274,124,122,159,155,203,207,166,160,215,245,187,193,333,339,187,169,330,340,221,235
U1052,OZ12,248,248,128,134,167,175,205,207,168,160,217,231,171,179,341,333,187,169,318,326,237,229
U1053,OZ12,272,294,104,120,171,153,0,0,166,160,213,229,177,187,333,337,189,169,318,326,227,227
U1054,OZ12,256,294,124,132,159,171,211,199,166,160,235,229,177,171,339,339,169,169,318,318,227,229
U1059,OZ12,254,278,124,124,159,163,203,203,158,160,225,225,177,193,341,339,183,187,340,318,227,237
U1061,OZ12,254,252,122,132,155,163,207,207,164,160,217,223,171,171,335,337,189,169,318,318,239,235
U1063,OZ12,248,256,124,128,155,163,205,199,166,160,221,221,187,171,341,331,183,193,318,318,221,241
U1066,OZ12,248,280,128,132,155,163,205,203,160,160,215,229,171,173,327,337,189,187,318,320,221,235
U1067,OZ12,254,286,115,115,163,173,207,199,160,160,215,223,187,171,333,339,169,169,340,328,235,227
U1068,OZ12,276,262,132,132,163,163,209,219,162,162,225,227,171,173,327,337,187,187,318,338,231,237
U1069,OZ12,248,276,104,124,163,161,205,211,168,160,235,233,171,189,333,339,183,169,340,326,221,227
U1070,OZ12,248,264,104,128,163,171,205,211,166,166,225,225,183,171,335,333,169,195,340,336,221,237
U1071,OZ12,260,264,130,104,163,161,209,211,166,160,233,223,177,183,339,339,169,177,336,356,235,223
U1073,OZ12,256,266,128,122,163,161,0,0,162,168,215,233,177,171,0,0,183,187,318,318,235,237
U1075,OZ12,254,272,128,122,177,163,209,207,166,160,217,231,187,171,333,337,169,169,326,344,223,223
U1077,OZ12,276,254,128,120,165,155,0,0,166,160,217,217,185,171,333,333,185,187,318,316,227,227
U1078,OZ12,248,282,128,132,163,173,205,199,158,160,0,0,187,171,333,339,187,169,340,318,227,227
U1079,OZ12,272,286,130,104,175,161,209,207,166,160,0,0,177,179,333,339,187,191,340,318,229,229
U1080,OZ12,254,272,104,128,163,161,203,203,166,160,215,215,177,171,333,339,187,177,340,318,221,229
U1081,OZ12,256,272,130,128,167,163,205,219,166,160,259,271,187,171,327,339,191,169,320,320,235,235
U1082,OZ12,290,272,120,115,165,167,207,199,166,166,213,245,171,171,335,339,183,187,326,326,235,235
U1083,OZ12,290,286,130,124,165,163,207,207,168,160,215,225,177,177,335,331,169,169,340,334,227,223
U1084,OZ12,260,260,120,108,163,161,205,217,160,160,223,271,187,171,341,331,187,169,340,320,221,221
U1085,OZ12,272,266,128,148,163,171,207,199,160,160,217,215,177,181,333,333,183,169,318,320,221,219
U1089,OZ12,248,276,130,130,163,157,197,197,166,166,0,0,177,171,339,339,183,169,344,344,221,221
U1092,OZ12,248,264,128,128,161,173,0,0,166,160,217,215,171,171,335,339,187,169,326,338,227,237
U1093,OZ12,248,258,124,128,171,171,209,203,166,160,239,223,171,171,0,0,183,187,342,356,221,237
U1447,OZ12,260,252,128,154,167,167,207,199,166,160,239,239,177,185,341,339,187,187,338,334,235,227
U1449,OZ12,248,272,104,128,167,163,205,207,164,160,205,213,177,185,333,339,183,169,330,328,235,227
U1450,OZ12,284,252,104,124,167,163,209,209,166,166,205,225,171,171,335,335,187,169,332,338,221,227
U1451,OZ12,260,264,130,104,165,163,205,211,158,166,0,0,183,171,335,333,187,187,326,326,227,227
U1452,OZ12,282,268,130,124,165,169,211,207,166,160,0,0,181,187,333,331,187,169,340,340,221,227
U1454,OZ12,264,278,104,104,163,163,209,211,166,160,215,247,181,171,333,333,187,187,326,322,235,235
U1458,OZ12,272,274,124,128,163,173,211,207,166,160,217,225,183,171,333,343,169,169,340,340,235,227
U1459,OZ12,248,254,124,124,0,0,207,199,168,160,221,225,187,171,339,337,183,169,330,356,227,233
U1460,OZ12,284,284,124,122,159,163,207,199,162,160,225,237,185,171,333,339,183,183,340,346,227,219
U1462,OZ12,268,268,128,122,163,163,203,207,158,160,225,225,185,171,333,339,183,183,318,326,235,235
U1463,OZ12,248,248,128,128,165,163,211,211,166,166,211,227,183,193,341,327,183,187,318,318,221,235
U1464,OZ12,254,262,124,128,175,175,207,207,158,160,233,229,179,189,337,343,183,169,338,338,227,227
U1466,OZ12,250,268,124,128,167,161,211,199,166,166,215,225,187,193,341,339,183,183,318,334,221,227
U1467,OZ12,0,0,130,132,175,163,203,211,166,160,215,223,171,171,327,339,183,169,338,334,221,235
U1468,OZ12,248,254,130,128,175,169,211,207,166,160,215,207,171,171,333,331,183,183,318,334,221,227
U1469,OZ12,0,0,124,124,175,175,0,0,166,166,215,215,183,187,337,337,181,183,338,334,221,237
U1470,OZ12,282,262,104,128,175,171,209,203,166,160,215,223,181,183,339,339,181,169,318,338,235,237
U1473,OZ12,272,262,130,124,159,167,199,199,158,160,213,213,187,179,0,0,169,169,320,334,235,223
U1475,OZ12,280,268,122,134,159,155,209,207,166,160,213,221,173,173,333,333,187,169,318,318,221,227
U1476,OZ12,254,268,128,122,155,163,0,0,166,166,0,0,183,173,333,339,169,169,340,362,235,235
U1477,OZ12,254,278,124,122,167,163,205,207,158,160,217,215,185,185,0,0,189,187,328,334,221,227
U1479,OZ12,276,254,128,128,159,167,207,207,166,160,0,0,181,183,339,339,183,191,340,328,235,237
U1481,OZ12,248,254,130,104,159,163,0,0,160,160,0,0,187,179,339,343,185,183,344,338,239,227
U1482,OZ12,260,254,124,124,159,167,209,203,166,160,225,265,181,187,333,329,169,169,318,342,221,227
U1484,OZ12,254,254,130,124,167,175,207,207,166,160,0,0,187,185,335,331,169,169,318,320,235,235
U1486,OZ12,254,262,130,124,171,173,0,0,158,160,217,217,177,191,0,0,181,183,330,338,221,235
U1490,OZ12,0,0,130,128,155,173,0,0,160,160,205,217,187,187,339,343,183,169,318,334,235,237
U1492,OZ12,254,272,130,128,167,163,0,0,164,160,213,241,183,187,333,331,183,169,340,342,237,237
U1518,SFNF12,280,290,128,122,161,161,207,207,166,160,229,229,183,193,339,339,191,169,330,316,227,237
U1519,SFNF12,260,268,104,144,163,161,211,217,166,160,233,221,173,173,335,327,169,169,334,356,221,233
U1520,SFNF12,248,258,104,124,159,163,207,207,160,160,229,265,177,189,335,339,183,169,316,334,237,237
U1521,SFNF12,272,272,124,106,165,163,211,207,158,160,229,249,187,187,335,339,189,187,326,344,241,241
U1523,SFNF12,248,248,104,128,171,171,207,207,160,160,233,227,177,187,335,333,169,169,318,318,237,223
U1525,SFNF12,260,272,124,124,171,171,211,207,160,160,221,227,187,187,327,333,183,187,318,338,235,237
U1526,SFNF12,248,280,130,122,163,171,211,199,160,160,217,215,181,187,335,339,189,187,330,318,235,235
U1527,SFNF12,260,280,104,124,163,161,207,207,160,160,225,223,171,175,333,333,187,169,318,338,223,223
U1528,SFNF12,248,262,106,154,175,163,207,207,164,166,219,217,187,187,0,0,183,169,318,318,221,235
U1532,SFNF12,260,280,130,130,175,163,209,207,168,166,219,237,187,187,333,333,183,183,330,318,241,241
U1535,SFNF12,248,294,128,120,159,163,207,207,166,160,237,265,177,193,0,0,183,169,344,338,221,223
U1496,SFNF12,248,270,128,128,167,171,0,0,160,160,217,225,183,171,0,0,169,177,344,320,221,239
U1500,SFNF12,276,270,124,154,163,163,207,207,168,160,215,215,193,189,327,337,187,169,318,318,235,235
U1501,SFNF12,248,254,128,150,175,163,209,207,166,160,219,261,181,187,335,333,183,191,318,320,239,227
U1502,SFNF12,254,270,126,134,165,163,0,0,158,160,0,0,187,189,327,339,191,169,318,328,235,229
U1504,SFNF12,254,288,104,134,161,171,203,207,166,160,215,261,183,185,335,327,185,191,318,332,221,221
U1507,SFNF12,260,268,124,120,165,165,0,0,158,162,219,215,171,189,327,331,187,191,318,356,239,235
U1509,SFNF12,248,254,104,122,167,161,207,207,166,166,219,215,183,193,327,331,187,169,318,318,233,233
U1510,SFNF12,248,276,128,128,165,171,205,205,160,160,225,227,187,187,335,339,185,191,330,340,235,237
U1511,SFNF12,278,274,128,122,165,159,207,207,160,160,215,227,171,171,335,339,189,169,336,334,241,241
U1512,SFNF12,260,262,128,115,167,171,211,211,166,160,225,265,187,189,327,339,183,169,340,326,227,227
U1516,SFNF12,280,272,104,104,165,163,205,209,158,166,219,223,177,185,339,339,169,169,328,334,237,215
U2328,WHWI,248,272,104,104,165,163,207,207,160,160,245,245,193,179,327,343,187,169,340,334,221,221
U2329,WHWI,250,272,130,128,163,173,207,199,158,166,217,225,171,189,327,343,189,187,340,340,0,0
U2330,WHWI,276,284,104,104,165,171,211,207,166,166,217,215,185,171,335,327,189,169,340,340,221,221
U2331,WHWI,248,280,124,124,155,171,203,207,162,160,253,207,187,171,327,333,183,193,318,344,235,235
U2332,WHWI,250,250,104,104,165,163,203,199,168,160,0,0,177,177,333,333,189,189,344,338,235,227
U2334,WHWI,284,272,130,122,159,163,211,207,168,160,215,207,187,171,333,343,169,169,318,344,237,237
U2336,WHWI,272,272,124,128,161,173,211,207,164,160,215,249,177,177,333,343,169,169,318,334,221,221
U2337,WHWI,248,248,104,120,159,163,203,207,168,160,245,241,183,187,333,343,191,169,336,334,221,235
U2338,WHWI,276,272,128,134,155,163,211,207,160,160,219,233,183,193,327,333,187,187,340,334,239,241
U2339,WHWI,252,272,128,122,159,155,205,207,160,160,221,221,177,187,341,343,183,187,340,340,235,241
U2341,WHWI,248,272,130,128,165,155,211,199,160,160,215,215,177,171,333,337,187,169,340,334,221,235
U2342,WHWI,248,248,104,122,165,159,207,207,166,160,215,247,187,185,333,333,187,169,340,318,237,237
U2343,WHWI,284,262,130,128,165,171,207,207,166,160,219,217,185,171,343,343,189,169,340,340,235,237
U2348,WHWI,248,276,130,128,159,181,211,207,160,160,217,217,183,193,335,335,169,177,340,338,235,235
U2350,WHWI,248,248,124,122,159,163,207,199,168,160,215,253,185,171,327,333,169,193,318,344,227,227
U2351,WHWI,250,272,128,134,159,159,203,207,168,166,219,213,177,183,327,343,169,169,340,318,235,235
U2352,WHWI,248,248,104,122,165,163,203,207,160,160,217,215,183,187,343,343,189,169,318,318,221,235
U2357,WHWI,260,284,104,124,165,171,203,207,166,160,233,245,177,171,333,343,181,169,318,338,221,221
U2358,WHWI,272,288,124,122,163,163,203,207,160,160,215,233,177,193,333,337,189,193,340,340,221,235
U2359,WHWI,248,290,124,124,163,163,203,211,160,160,239,233,183,187,333,343,189,187,340,318,221,237
U2360,WHWI,272,272,124,122,159,163,219,207,166,160,215,233,183,187,327,333,189,187,340,344,227,237
U2362,WHWI,248,272,130,130,163,161,211,207,164,160,217,225,187,187,327,333,169,169,334,342,221,227
U2363,WHWI,250,272,130,130,167,161,211,207,166,160,0,0,185,173,333,339,189,193,340,338,235,229
U2308,WWI,248,272,128,132,163,161,211,207,158,168,211,207,171,171,335,339,183,187,340,326,235,237
U2309,WWI,280,278,130,124,165,163,207,207,158,168,217,215,187,171,333,339,189,187,338,338,235,237
U2311,WWI,248,278,130,128,155,163,211,207,164,166,211,215,171,189,333,339,189,187,318,326,223,223
U2312,WWI,248,278,130,104,165,163,207,199,158,166,217,215,171,189,333,333,183,169,318,326,235,223
U2313,WWI,252,272,128,128,175,163,207,199,158,166,215,213,183,171,333,339,187,187,340,318,235,223
U2314,WWI,268,272,124,115,165,175,207,207,160,160,259,223,183,183,339,339,183,183,318,334,235,227
U2315,WWI,278,278,130,104,155,155,207,199,166,166,217,223,171,171,333,339,189,169,336,328,221,237
U2316,WWI,248,260,132,115,175,161,207,207,158,160,215,223,171,191,339,339,187,169,340,340,235,227
U2317,WWI,248,248,128,122,159,173,211,207,168,160,215,269,183,171,333,333,181,169,318,348,237,223
U2318,WWI,276,270,104,115,163,173,207,197,158,164,229,223,171,189,333,333,187,191,318,336,221,235
U2319,WWI,272,278,104,124,165,163,205,207,158,164,217,221,183,171,327,339,187,191,326,332,235,223
U2322,WWI,248,272,130,132,161,171,211,207,158,166,217,213,171,171,341,339,189,169,326,320,235,225
U2323,WWI,248,284,130,130,175,163,207,207,158,166,217,215,181,183,339,339,189,169,340,328,221,235
U2520,VSH123,254,256,104,122,161,171,207,207,166,166,245,231,193,189,335,327,189,169,338,350,221,223
U2522,VSH123,248,262,128,134,163,173,199,201,164,166,221,257,0,0,0,0,181,183,318,326,235,235
U2524,VSH123,248,256,130,136,159,155,203,221,160,160,215,233,185,171,339,339,183,169,344,320,235,223
U2525,VSH123,248,260,120,134,175,171,209,209,166,166,0,0,177,179,341,339,169,177,340,342,221,221
U2533,VSH123,0,0,128,122,0,0,203,203,158,162,233,245,187,171,327,339,189,169,318,318,235,227
U2534,VSH123,248,274,128,122,177,171,203,211,158,166,233,213,183,185,341,339,187,169,318,328,235,223
U2509,VSH123,248,254,124,128,163,161,209,207,160,160,239,221,177,187,335,339,183,169,318,318,235,235
U2510,VSH123,248,248,128,120,167,171,207,199,164,166,213,213,171,189,333,331,169,177,316,344,235,235
U2511,VSH123,248,256,128,150,167,161,203,207,158,168,217,233,185,179,327,327,181,187,318,334,227,223
U2512,VSH123,248,268,104,128,167,161,203,207,166,160,0,0,187,179,341,327,191,169,318,342,221,227
U2537,VSH123,260,274,122,134,167,167,205,207,166,160,215,227,181,185,327,339,191,191,318,334,221,235
U2538,VSH123,270,270,130,130,167,173,207,207,164,160,217,221,175,175,335,339,191,169,318,316,221,221
U2539,VSH123,256,278,104,104,165,163,205,207,164,166,259,221,187,171,327,333,183,169,318,318,235,237
U2515,VSH123,270,284,124,156,167,171,0,0,168,166,243,215,183,183,337,331,187,173,340,340,235,233
U2516,VSH123,254,270,128,128,163,171,203,217,166,166,215,225,187,179,0,0,169,169,0,0,235,237
U2519,VSH123,256,264,120,132,165,179,205,195,158,166,227,257,0,0,335,327,185,169,328,332,235,235
U2527,VSH123,260,260,104,140,171,151,205,209,166,160,235,259,177,187,341,339,169,169,340,334,221,235
U2528,VSH123,248,250,104,132,175,171,209,203,168,166,221,229,185,185,333,337,181,189,340,334,235,235
U2531,VSH123,256,268,124,132,163,161,205,203,166,166,227,257,177,193,327,339,183,169,318,346,227,233
