Ind,Pop,B114_1,B114_2,B159__1,B159_2,WGA_1,WGA_2,A5_1,A5_2,B121_1,B121_2,B147_1,B147_2,B249_1,B249_2,B264_1,B264_2
C3984,31,248,258,126,130,165,177,205,209,177,181,335,341,181,181,221,239
C3985,31,260,280,104,124,165,177,203,219,177,183,327,335,189,189,235,239
C4231,31,276,276,116,122,159,167,205,211,177,183,333,335,183,185,231,239
C4344,31,248,248,120,128,165,175,203,213,183,187,327,327,187,189,235,239
C4347,31,276,276,122,128,159,175,205,219,177,181,0,0,187,189,227,237
C4355,31,248,254,120,128,163,163,205,207,177,177,0,0,185,191,221,237
C4429,31,248,254,128,132,163,165,203,207,177,183,333,339,185,191,237,239
C4432,31,254,254,132,136,159,163,203,203,177,187,333,333,183,191,239,239
C4436,31,248,248,122,128,155,163,219,219,177,177,333,333,181,189,227,235
C4450,31,254,258,104,128,163,173,205,207,177,183,333,337,169,181,235,239
C4531,31,248,260,104,128,155,161,203,203,177,183,337,343,179,187,237,237
C1615,31,248,250,130,130,163,171,207,207,177,187,333,333,181,185,235,235
C1616,31,248,270,115,128,161,161,203,211,171,177,333,333,185,187,235,237
C1618,31,248,248,124,132,163,175,205,217,177,181,333,339,185,189,235,237
C1619,31,248,248,130,132,163,165,203,207,183,193,333,339,189,191,221,239
C1620,31,248,250,128,132,159,163,203,217,0,0,339,339,185,189,221,237
C1621,31,250,254,115,130,165,171,211,211,177,177,327,333,183,183,239,241
C1623,31,248,248,104,128,163,165,199,219,177,187,327,331,179,191,221,227
C1625,31,248,250,128,132,159,171,207,207,183,183,327,333,189,189,221,235
C1633,31,250,254,128,128,165,165,205,211,177,183,333,333,169,189,237,239
C1641,31,282,290,128,132,165,177,203,205,185,187,333,341,187,187,221,221
C3202,31,264,276,124,130,163,163,207,207,170,177,333,341,189,189,221,227
C3248,31,248,276,130,174,175,177,203,207,170,179,333,333,183,185,221,235
C3304,31,0,0,104,128,155,0,209,213,183,183,339,339,181,189,221,221
C3333,31,276,276,120,128,161,175,203,207,177,183,333,339,169,191,227,235
C3339,31,0,0,120,128,0,0,201,219,177,193,333,339,169,191,239,239
C3346,31,248,276,120,122,155,165,203,207,179,193,339,341,181,191,221,239
C3349,31,248,276,120,124,155,177,203,207,185,187,333,339,191,191,235,239
C3367,31,282,282,104,122,163,175,0,0,170,181,327,327,189,191,227,239
C3374,31,248,248,122,122,165,177,201,205,183,193,333,341,191,191,221,237
C3405,31,282,282,104,122,165,177,205,209,183,185,327,333,169,183,235,235
C1692,151,252,254,104,140,165,167,203,207,171,179,335,341,183,189,221,235
C1693,151,254,256,104,130,171,179,209,209,177,177,333,333,191,191,221,235
C1694,151,248,290,104,130,165,169,207,209,179,183,333,333,183,191,221,221
C1698,151,248,258,124,128,163,183,199,211,171,179,333,333,183,191,229,235
C1699,151,256,282,128,128,165,175,209,213,171,177,331,337,169,183,227,227
C1700,151,248,256,128,130,159,171,203,207,177,177,331,333,183,187,221,235
C1701,151,252,270,122,124,161,171,205,207,171,177,327,337,181,193,221,237
C1702,151,252,260,104,128,161,175,199,209,171,189,333,341,183,193,221,229
C1703,151,248,256,124,128,163,163,205,207,177,185,335,337,183,193,235,235
C1704,151,256,286,124,130,163,163,203,205,169,179,333,335,183,191,235,237
C1705,151,248,260,104,104,155,167,209,211,177,185,331,335,187,191,235,235
C1706,151,248,254,122,124,165,171,207,207,171,191,327,337,187,187,221,227
C1707,151,250,252,122,128,165,177,199,207,177,177,333,339,183,183,221,235
C1708,151,254,258,120,132,165,169,209,211,171,185,333,333,181,191,229,243
C1710,151,252,258,124,132,159,161,203,207,171,189,333,339,181,185,229,235
C1712,151,248,260,104,134,161,179,205,207,179,189,331,339,169,169,235,235
C1714,151,256,260,128,132,163,171,205,209,183,189,335,337,169,183,221,221
C1715,151,248,252,128,130,155,167,213,217,171,185,333,337,169,189,227,235
C1717,151,252,256,128,130,155,161,203,203,183,185,333,333,191,191,221,235
C1718,151,0,0,0,0,155,167,203,217,173,187,333,333,169,191,235,237
C1719,151,248,276,104,130,159,169,203,209,177,179,331,333,173,183,221,235
C1720,151,248,258,130,134,159,179,205,209,177,179,331,339,169,183,221,235
C1656,170,254,268,124,124,165,171,207,207,177,177,337,337,169,183,229,235
C1657,170,268,276,104,104,163,175,0,0,171,189,335,337,169,183,227,235
C1658,170,266,268,104,124,173,173,199,207,171,177,333,333,183,183,235,235
C1659,170,252,262,104,124,161,175,203,215,177,179,335,339,169,169,235,241
C1661,170,248,266,104,128,165,177,203,207,177,189,333,337,169,169,229,251
C1665,170,274,276,120,122,165,173,207,211,171,179,333,337,169,169,221,235
C1667,170,260,260,124,130,171,173,0,0,179,189,331,337,187,191,233,235
C1674,170,248,280,0,0,0,0,203,217,191,193,339,341,169,185,235,235
C1682,170,248,254,128,130,155,165,207,211,189,191,333,335,183,183,223,227
C1685,170,274,276,128,130,161,165,203,217,173,191,333,337,169,183,227,229
C4543,568,248,254,122,122,167,179,207,207,177,183,335,341,183,191,221,239
C4545,568,248,280,0,0,163,179,217,217,177,189,329,335,179,181,239,239
C4551,568,248,248,0,0,161,165,211,217,179,179,341,341,183,189,237,237
C4490,568,280,280,104,130,171,179,203,211,177,187,337,341,172,181,223,239
C4491,568,256,256,104,120,163,163,203,211,177,179,337,341,169,185,221,235
C4494,568,276,276,104,120,163,179,205,211,177,177,335,341,181,183,235,239
C4497,568,258,276,124,128,177,177,217,217,183,187,341,343,183,191,221,235
C4501,568,248,254,136,136,163,179,205,205,177,179,335,339,181,181,221,229
C4502,568,248,264,104,136,163,165,203,203,177,183,333,333,181,185,221,237
C4503,568,248,272,122,132,179,179,209,209,177,189,337,341,169,183,235,239
C4504,568,254,276,124,126,163,165,209,209,175,175,333,343,169,191,223,239
C4470,568,264,282,128,134,177,179,205,211,171,179,333,335,169,179,221,235
C4474,568,248,248,104,122,163,179,211,211,171,179,335,343,169,183,223,237
C4479,568,278,278,124,128,155,175,211,211,177,177,341,341,169,187,221,239
C4482,568,276,276,130,136,165,171,207,207,171,177,343,345,181,183,227,239
C4485,568,276,282,104,122,165,179,207,207,171,179,335,335,185,187,221,235
C4505,568,248,248,122,124,163,179,201,205,181,187,335,339,169,183,235,239
C4507,568,248,258,122,134,155,167,205,205,177,183,335,335,191,191,237,237
C4542,568,246,248,104,104,167,171,205,205,181,185,337,343,183,191,235,239
C4555,568,248,280,0,0,161,163,211,211,177,187,333,333,185,189,227,227
C4693,568,264,282,122,124,155,159,203,211,177,177,333,341,187,189,237,237
C4696,568,248,280,104,128,155,179,201,205,177,193,333,337,187,189,235,237
C3179,568,248,280,104,130,163,163,207,207,179,183,339,339,191,191,239,239
C3188,568,248,254,120,130,163,177,205,207,177,183,335,341,169,191,221,235
C3193,568,276,282,104,134,175,177,207,211,170,179,333,339,185,185,227,235
C3232,568,254,276,104,158,163,163,203,217,177,181,335,341,169,185,221,239
C3236,568,280,282,122,130,159,163,203,205,183,185,333,341,183,191,239,239
C3250,568,248,282,124,136,177,177,205,211,181,181,333,339,169,191,235,239
C3252,568,248,254,104,136,163,175,203,207,177,185,333,341,187,187,235,235
C3253,568,248,258,128,130,163,177,201,211,177,183,333,335,183,187,221,239
C3277,568,248,282,120,128,171,175,207,211,177,179,333,339,187,191,221,237
C3315,568,248,256,104,136,165,165,211,211,183,189,341,343,169,191,235,237
C3288,568,276,282,124,128,163,179,203,207,170,177,333,333,183,189,227,227
C3293,568,264,282,104,122,165,165,203,209,179,187,327,333,169,169,221,227
C4018,1014,276,276,122,128,163,163,203,205,170,185,335,343,187,187,239,239
C3980,1014,272,280,104,128,159,179,203,203,177,177,335,341,187,191,221,235
C3987,1014,260,272,104,128,163,177,205,217,177,183,335,341,179,189,221,235
C3988,1014,248,260,124,130,175,175,203,205,177,183,341,341,181,189,221,221
C3989,1014,280,280,122,122,165,171,197,203,183,183,333,341,177,187,210,210
C4011,1014,248,254,104,130,177,177,203,203,170,177,339,345,181,181,221,221
C4017,1014,248,258,104,124,163,179,203,203,177,177,341,343,169,187,239,239
C4296,1014,248,248,122,136,163,173,203,211,170,177,333,333,183,187,221,235
C4301,1014,254,254,104,104,167,167,209,209,177,177,333,339,169,183,221,223
C4305,1014,248,254,104,104,165,171,203,215,177,179,0,0,169,181,219,221
C4453,1014,254,254,104,130,165,175,203,203,177,187,333,339,183,187,221,239
C4455,1014,0,0,122,124,165,165,203,203,170,187,327,333,183,187,221,227
C4783,1014,276,280,124,130,155,165,194,203,177,181,341,343,169,187,227,243
C4786,1014,248,280,104,130,167,179,203,207,177,183,333,333,185,187,235,239
C4891,1014,274,276,128,130,177,181,203,203,177,181,339,339,189,191,223,235
C4892,1014,248,280,104,122,167,167,203,207,179,183,343,343,189,191,221,223
C4893,1014,274,276,122,130,171,171,203,207,177,181,333,341,187,189,223,223
C4898,1014,254,276,104,122,163,171,194,207,177,183,333,339,185,189,223,239
C4901,1014,272,276,104,104,163,181,203,207,177,179,333,341,185,185,239,239
C3271,1014,260,280,120,128,165,167,217,219,177,183,327,329,183,185,239,239
C3272,1014,276,280,128,128,167,177,209,217,170,177,329,333,169,169,221,235
C3276,1014,258,282,104,104,167,175,207,209,181,185,329,339,169,191,221,227
C3280,1014,258,276,124,130,163,163,205,217,183,189,0,0,183,189,235,239
C3306,1014,260,276,128,128,165,175,205,217,177,183,333,333,183,193,221,221
C3324,1014,248,248,136,136,163,163,203,205,179,189,329,337,189,189,235,239
C3336,1014,248,280,104,128,163,167,203,217,170,177,333,339,169,183,235,235
C3409,1014,248,254,130,132,161,187,205,211,177,177,0,0,181,183,221,221
C3227,1014,272,278,104,122,167,179,203,203,177,183,333,339,187,191,227,239
C3228,1014,248,256,104,122,159,177,199,211,177,183,329,341,169,181,237,237
C3321,1014,278,280,104,104,177,179,193,205,177,181,333,341,181,181,227,227
C3237,1014,248,278,106,124,161,165,203,205,177,183,327,341,185,187,227,239
C3303,1014,248,280,130,130,163,163,205,207,177,185,333,333,185,187,235,235
C3317,1014,248,248,130,132,163,171,203,205,177,183,333,333,181,187,239,239
C3376,1014,248,276,124,124,163,177,203,203,177,185,0,0,187,189,221,237
C3401,1014,258,280,104,128,175,177,203,205,177,193,333,339,181,189,235,235
C3245,1014,254,278,128,128,161,175,207,207,170,179,327,339,189,189,221,235
C3302,1014,276,276,104,124,161,163,205,207,170,177,327,333,187,189,225,227
C3307,1014,248,248,122,130,171,175,207,211,179,187,327,341,183,183,225,239
C3310,1014,256,274,120,130,163,165,203,203,170,185,339,341,185,189,225,227
C3312,1014,254,276,128,130,165,165,207,211,177,187,339,341,0,0,231,239
C3345,1014,254,280,130,130,163,163,203,209,177,187,327,341,169,185,221,225
C3362,1014,248,274,104,128,165,167,203,207,170,177,333,333,169,189,221,227
C3371,1014,280,282,104,130,171,177,203,207,170,179,327,333,183,191,225,225
C3372,1014,248,280,122,128,163,171,203,211,177,187,333,341,183,183,221,225
C3393,1014,254,276,122,122,163,171,203,207,179,187,333,341,185,185,225,225
C3417,1014,254,282,122,130,171,177,203,209,170,177,327,333,189,191,221,229
C4569,7917,256,256,0,0,165,175,207,211,171,179,333,343,183,191,235,235
C4570,7917,248,248,0,0,155,163,205,211,171,179,333,343,179,187,239,239
C4571,7917,254,282,0,0,163,175,211,217,177,181,333,339,169,187,237,237
C4575,7917,264,282,0,0,163,163,207,207,177,177,339,343,169,177,221,239
C4577,7917,248,280,0,0,161,163,203,217,181,183,341,341,167,177,237,239
C4599,7917,248,276,0,0,177,189,203,209,177,177,329,339,181,189,221,227
C4608,7917,248,254,0,0,165,179,203,207,171,189,333,335,169,189,221,239
C4612,7917,248,282,0,0,159,165,203,203,177,183,331,343,169,177,235,235
C4618,7917,280,280,122,132,163,179,0,0,177,187,333,333,169,183,221,237
C4621,7917,254,272,122,122,159,177,217,217,181,187,341,341,169,189,221,227
C4622,7917,248,276,104,130,179,179,203,217,185,185,327,345,169,185,239,239
C4623,7917,248,252,122,122,163,165,205,205,185,193,327,333,183,191,237,239
C4624,7917,248,278,104,124,163,179,211,219,171,183,333,341,181,185,223,237
C4625,7917,276,284,124,124,163,165,217,217,171,177,333,343,181,183,227,235
C4627,7917,254,282,104,124,163,165,203,203,171,177,335,335,185,191,227,227
C4631,7917,248,272,122,132,179,179,209,209,177,189,337,341,169,183,235,239
C4632,7917,248,254,130,130,163,165,203,211,179,179,333,343,187,187,237,237
C3939,7917,276,276,122,128,161,167,203,209,183,183,333,341,181,187,235,235
C3940,7917,264,264,122,128,161,161,203,209,177,181,331,341,187,187,237,237
C3945,7917,248,248,130,130,163,163,203,205,177,179,335,341,181,185,223,239
C3949,7917,256,256,120,128,163,177,203,205,177,177,335,335,169,193,221,235
C4522,7917,282,282,124,124,155,179,205,209,183,187,333,341,185,185,221,227
C4566,7917,256,278,0,0,163,167,211,211,193,193,341,343,169,183,237,239
C3182,7917,260,276,104,130,163,177,205,217,177,177,327,339,183,187,221,221
C3189,7917,248,276,120,130,163,171,207,211,177,183,335,339,169,187,221,221
C3191,7917,254,276,104,122,163,175,211,211,177,179,339,339,191,191,0,0
C3196,7917,268,280,120,128,177,177,207,211,181,183,333,341,169,183,221,221
C3208,7917,254,272,104,104,161,175,203,203,177,183,335,341,169,185,235,235
C3211,7917,248,276,104,120,161,175,207,213,177,183,339,341,181,183,223,239
C3212,7917,254,276,104,136,161,171,209,215,177,183,331,339,173,185,235,239
C3213,7917,254,280,104,124,171,177,203,207,181,183,333,339,183,189,235,243
C3215,7917,262,278,122,130,179,179,207,207,177,181,333,333,187,189,223,227
C3217,7917,248,276,124,130,177,177,203,207,181,191,329,333,169,183,221,239
C3225,7917,248,278,134,136,155,177,0,0,177,183,339,339,169,187,235,239
C3238,7917,248,248,104,124,0,0,203,207,177,183,335,341,187,189,221,227
C3239,7917,248,254,136,158,155,163,203,211,183,187,333,339,185,191,221,221
C3269,7917,272,278,122,128,163,171,203,217,181,183,0,0,169,191,237,237
C3273,7917,272,282,124,128,171,175,203,207,177,183,339,341,169,181,221,221
C3274,7917,246,252,104,134,161,163,203,207,177,183,333,341,169,187,239,239
C3354,7917,256,276,104,124,163,175,207,211,177,179,333,341,189,189,221,221
C3361,7917,254,256,122,122,161,161,207,211,177,183,333,339,181,189,235,239
C3289,7917,280,282,104,104,163,171,203,203,170,183,333,333,187,187,221,221
C3169,7917,254,278,128,128,177,177,207,209,170,177,333,341,181,187,221,237
C3178,7917,254,282,128,132,161,161,203,207,177,187,327,341,187,189,221,221
C3199,7917,272,282,122,124,163,175,0,0,170,177,333,341,185,191,221,235
C4707,125147,248,278,122,136,161,171,207,217,177,177,331,337,193,193,223,237
C4747,125147,260,260,128,132,161,163,203,209,183,187,333,335,169,187,225,235
C4772,125147,248,280,122,128,155,161,207,211,171,181,333,341,183,187,221,237
C4781,125147,250,250,116,128,163,185,209,219,181,183,331,337,169,183,221,235
C4782,125147,254,254,120,124,155,165,207,207,185,185,333,333,181,181,235,237
C4787,125147,272,286,104,124,163,163,205,209,171,181,335,335,169,187,235,237
C4790,125147,260,274,128,130,155,179,201,203,187,189,333,337,183,183,221,227
C4803,125147,248,276,122,124,155,171,207,209,181,185,333,333,187,191,221,235
C4813,125147,252,260,104,104,161,179,199,211,177,185,333,341,169,187,221,239
C4837,125147,248,252,128,150,161,163,207,211,177,179,333,333,187,189,235,235
C4838,125147,248,272,120,124,161,167,199,207,177,183,331,335,169,191,227,235
C4843,125147,252,260,104,130,155,175,197,207,170,195,333,337,187,193,221,227
C4857,125147,272,276,104,120,155,165,203,205,170,187,333,335,169,169,221,237
C4828,125147,248,276,128,136,159,175,207,209,177,191,333,333,169,183,221,225
C4835,125147,248,272,104,124,163,171,203,211,179,187,335,343,181,187,221,221
C4836,125147,248,248,104,136,165,175,0,0,171,185,329,339,169,191,221,235
C4842,125147,252,270,120,134,163,163,197,203,171,177,333,343,187,193,227,227
C4863,125147,258,258,146,150,0,0,205,207,181,185,337,339,183,183,235,237
C4744,125147,270,278,120,128,161,169,207,209,179,193,333,339,169,169,227,227
C4745,125147,248,270,120,128,165,171,205,211,171,185,339,339,169,183,221,229
C4768,125147,248,270,122,128,161,165,207,211,179,189,331,335,185,185,235,235
C4769,125147,248,272,104,124,159,165,203,207,171,185,335,337,169,189,221,227
C4771,125147,248,276,124,130,159,167,199,207,185,185,333,335,183,187,235,235
C4784,125147,248,254,128,136,171,179,205,207,187,187,333,335,181,183,235,235
C4785,125147,254,276,132,136,163,165,199,207,187,191,333,341,173,183,221,235
C4795,125147,256,264,104,130,165,185,219,219,183,185,329,331,167,167,221,235
C4796,125147,256,276,124,130,161,161,199,203,171,189,331,333,169,187,235,237
C4797,125147,256,276,124,128,165,177,199,209,171,189,331,337,169,187,221,237
C4800,125147,252,254,104,124,159,173,199,207,181,193,335,335,179,197,221,235
C4801,125147,248,264,128,128,163,163,211,217,171,177,341,343,169,183,227,227
C4802,125147,248,256,122,128,163,177,205,207,171,187,333,343,181,183,221,235
C4804,125147,256,274,104,104,163,163,211,211,179,189,333,343,187,191,235,235
C4806,125147,262,262,122,134,159,159,207,217,171,171,331,333,169,181,235,235
C4850,125147,256,270,104,130,167,181,211,217,170,183,331,341,169,187,221,229
C4748,126147,254,262,124,128,163,175,207,209,187,187,337,339,167,167,227,227
C4753,126147,256,260,120,128,165,165,199,199,185,187,327,341,169,169,235,237
C4754,126147,248,252,122,128,163,163,203,205,171,189,337,341,169,189,235,237
C4760,126147,256,276,104,104,163,187,205,205,185,187,333,333,187,189,235,237
C4761,126147,248,262,130,132,159,171,199,207,177,183,333,343,169,191,237,237
C4762,126147,268,268,104,104,165,165,203,207,171,187,335,335,183,187,235,235
C4791,126147,248,248,104,124,167,167,207,217,171,179,335,343,169,183,235,245
C4810,126147,252,272,122,136,165,175,199,207,177,189,327,333,185,187,235,237
C4812,126147,248,262,130,130,167,167,203,207,183,187,333,333,169,187,235,235
C4816,126147,248,260,104,116,163,179,207,207,171,181,333,335,183,187,237,237
C4821,126147,248,262,104,120,165,171,205,207,177,177,337,341,183,187,225,225
C4866,126147,254,262,130,130,159,165,207,209,181,183,331,333,169,169,227,227
C1722,126147,256,262,124,130,155,163,205,207,177,177,333,339,169,187,227,235
C1724,126147,248,252,104,124,165,167,207,207,171,187,339,343,187,189,221,235
C1725,126147,248,276,122,124,167,171,207,209,169,187,333,339,169,187,227,227
C1726,126147,248,252,120,128,165,167,207,209,171,187,329,335,187,189,231,231
C1728,126147,248,254,104,124,155,167,207,209,187,187,329,335,169,187,221,235
C1731,126147,260,262,120,122,161,165,203,205,171,177,327,337,183,187,227,227
C1733,126147,252,262,130,130,163,171,207,215,177,183,0,0,177,183,221,235
C1735,126147,252,284,115,130,161,167,199,209,171,179,333,341,169,187,221,221
C1738,126147,268,276,106,130,161,161,203,207,171,183,333,343,183,183,235,241
C1740,126147,248,248,122,122,171,171,207,213,171,177,333,341,181,183,0,0
C1741,126147,248,258,128,128,155,167,203,209,183,183,333,341,169,169,221,221
C1742,126147,276,280,122,130,163,173,201,211,181,185,333,339,183,187,223,235
C1743,126147,260,272,104,120,163,163,203,211,187,189,333,339,183,191,221,223
C1745,126147,252,258,128,130,165,171,203,203,171,171,331,337,169,177,227,239
C1746,126147,248,260,128,130,163,165,203,211,177,189,333,339,183,187,223,227
C1747,126147,254,272,128,136,163,165,203,207,169,187,327,335,169,187,221,227
C4742,126147,248,256,104,130,163,175,203,207,171,179,333,341,169,191,235,235
C4752,126147,248,254,128,136,155,163,203,209,181,187,339,343,189,189,221,227
C4792,126147,248,250,119,122,155,171,211,211,181,183,333,333,183,187,227,235
C4793,126147,250,254,104,124,159,171,211,211,179,181,331,341,181,193,227,235
C4814,126147,252,276,122,136,155,163,203,211,177,185,331,335,169,179,221,221
C4815,126147,256,272,104,116,155,163,203,209,179,185,333,343,169,187,221,237
C4818,126147,248,248,104,130,159,163,207,209,177,177,339,339,169,183,227,235
C4819,126147,248,254,104,128,171,171,203,211,171,183,333,337,181,189,227,227
C4826,126147,258,272,104,124,161,171,205,207,171,179,333,337,183,191,235,235
C4830,126147,248,256,104,120,155,163,203,211,171,179,327,331,169,183,235,235
C4831,126147,250,276,122,130,163,175,205,217,181,183,337,341,169,181,223,235
C4832,126147,250,260,104,124,163,171,207,207,183,189,335,341,169,172,235,235
C4858,126147,248,248,120,124,163,179,205,209,168,177,335,335,183,193,237,237
C4757,126147,260,272,104,130,163,181,207,219,177,177,339,339,183,187,221,229
C4770,126147,248,276,116,120,155,167,199,207,170,170,333,335,187,187,221,239
C4808,126147,256,276,128,130,159,181,207,221,183,185,333,335,172,187,223,237
C4820,126147,262,274,124,124,163,163,207,217,177,181,327,327,169,183,221,223
C4824,126147,248,260,104,120,163,183,205,207,171,171,335,341,169,187,235,235
C4706,171188,252,272,104,120,163,171,203,211,171,185,333,337,187,187,221,235
C4708,171188,258,280,104,128,161,175,203,211,177,177,333,341,167,181,235,239
C4709,171188,248,254,130,132,165,179,207,209,171,189,333,333,181,183,235,235
C4714,171188,256,262,122,122,163,163,211,211,179,181,335,337,181,191,237,237
C4722,171188,248,260,104,130,163,163,199,203,171,177,337,341,183,183,235,235
C4726,171188,272,272,124,124,161,163,205,211,187,187,333,339,183,185,221,221
C4733,171188,248,256,124,130,175,175,207,211,177,193,331,333,181,193,235,235
C4734,171188,256,272,122,122,155,159,207,207,171,187,333,341,169,191,229,235
C4737,171188,254,258,124,130,159,165,211,211,179,189,335,337,183,191,221,235
C4882,171188,248,284,124,124,161,161,207,209,177,187,327,327,191,193,221,235
C4883,171188,258,258,128,130,163,165,203,203,187,193,331,335,189,191,235,235
C4702,171188,248,278,106,120,159,159,203,209,177,187,333,337,169,185,229,235
C4703,171188,248,248,104,130,161,179,207,211,177,177,327,331,177,183,221,237
C4723,171188,254,266,128,130,161,175,211,211,187,193,333,337,169,183,235,235
C4727,171188,254,260,124,128,155,165,203,207,171,171,335,337,189,191,227,227
C4732,171188,260,268,128,128,155,161,203,209,171,185,333,335,187,191,221,239
C4735,171188,256,256,122,128,161,167,207,209,171,177,333,335,191,197,221,221
C4736,171188,248,278,122,132,179,179,203,207,183,185,333,335,169,191,221,221
C4746,171188,252,280,104,124,179,179,199,211,171,185,335,339,191,191,235,237
C4777,171188,272,274,128,130,161,167,201,207,179,181,333,337,183,183,215,221
C4846,171188,258,280,128,130,163,165,197,211,177,183,335,341,185,189,229,239
C4847,171188,248,252,130,130,161,161,207,211,171,179,335,341,169,183,223,227
C4884,171188,260,278,104,126,161,173,209,211,171,185,335,335,169,181,235,235
C4701,171188,252,272,122,124,155,181,207,209,185,187,335,335,169,169,221,235
C4705,171188,248,252,104,122,161,165,213,217,181,185,333,341,169,187,221,221
C4711,171188,248,254,124,128,171,171,199,207,171,179,337,341,167,183,221,239
C4713,171188,278,278,104,104,163,171,205,207,181,193,327,333,183,183,221,235
C4716,171188,256,256,104,124,165,171,207,211,177,185,333,333,183,183,221,221
C4717,171188,248,258,122,122,159,159,203,205,177,185,335,339,183,183,227,237
C4719,171188,248,256,128,130,163,181,201,211,179,187,337,339,191,193,221,229
C4721,171188,248,272,122,128,155,163,203,211,179,183,333,339,179,181,235,235
C4729,171188,246,248,104,128,161,181,203,211,171,171,333,333,189,191,221,235
C4730,171188,254,238,128,130,163,165,203,203,177,185,341,341,183,187,221,237
C4763,171188,248,272,124,130,159,167,203,207,177,183,331,333,169,187,235,235
C4773,171188,248,248,122,124,159,163,211,211,185,185,333,333,189,189,227,239
C4861,171188,248,280,120,130,161,165,205,211,177,183,331,333,169,183,229,229
C4890,171188,248,248,104,144,163,179,207,217,185,193,333,337,169,169,235,237
C4724,171188,248,262,120,124,167,179,209,211,185,185,341,345,183,187,227,237
C4738,171188,254,272,128,130,155,165,203,207,177,187,333,333,181,183,227,235
C4739,171188,248,274,124,124,155,155,207,217,171,177,339,339,169,183,227,235
C4844,171188,256,274,130,130,159,167,207,209,177,179,333,341,181,189,235,235
C4845,171188,254,258,120,130,163,171,203,209,183,185,331,333,183,193,235,237
C4680,171188,272,280,120,124,167,171,205,205,171,185,333,341,169,191,237,237
C4681,171188,276,276,128,130,175,175,217,217,177,185,333,341,169,183,235,235
C4682,171188,250,250,128,136,155,167,207,217,187,187,333,333,183,191,221,239
C4685,171188,248,256,120,120,163,183,203,203,171,187,333,333,169,183,235,237
C4712,171188,248,272,104,132,159,159,205,207,173,183,327,333,169,191,235,237
C4715,171188,248,256,104,124,161,165,203,205,187,193,329,333,183,191,235,235
C4725,171188,274,274,124,132,161,163,199,209,179,189,333,333,169,169,221,235
C4728,171188,248,252,122,128,157,179,203,209,185,193,333,333,169,183,227,227
C4799,171188,248,286,104,122,163,167,203,211,177,179,333,339,181,183,221,221
C4889,171188,248,268,104,130,175,179,207,207,177,189,343,343,169,187,0,0
C4151,9101113a,248,248,122,130,163,179,203,211,177,187,341,341,183,189,221,239
C4152,9101113a,248,248,122,130,159,163,203,209,183,187,333,343,183,191,221,239
C4153,9101113a,248,256,104,122,163,177,207,207,181,187,333,343,183,191,239,239
C4154,9101113a,248,280,120,120,163,179,205,205,183,187,0,0,169,183,221,239
C4155,9101113a,248,280,128,128,159,163,203,209,183,183,333,341,187,191,235,239
C4157,9101113a,248,248,128,128,163,175,201,201,179,183,333,333,181,181,221,227
C4159,9101113a,248,276,104,122,159,165,203,209,177,183,333,341,183,191,221,239
C4161,9101113a,248,258,104,122,157,163,205,205,177,187,0,0,189,189,237,237
C4163,9101113a,248,276,122,122,159,179,205,205,183,187,335,343,181,191,221,239
C4165,9101113a,276,282,130,136,171,171,203,211,175,187,327,331,175,175,235,239
C4248,9101113a,0,0,130,130,163,177,203,205,183,183,327,339,181,181,221,229
C4371,9101113a,258,258,122,122,177,177,203,207,183,189,335,335,181,183,0,0
C3936,9101113a,276,276,104,128,159,163,203,207,177,187,335,335,181,187,235,235
C3944,9101113a,248,248,122,128,165,179,205,211,170,177,333,341,185,191,235,235
C3954,9101113a,254,272,124,128,177,177,203,205,177,183,327,343,169,181,227,237
C3955,9101113a,276,276,104,124,177,177,207,213,177,183,0,0,181,181,235,241
C3961,9101113a,278,278,104,130,163,163,203,217,177,179,335,343,183,189,239,239
C3973,9101113a,248,248,124,136,155,167,203,211,177,187,335,343,169,183,237,237
C3977,9101113a,248,254,104,124,155,179,203,209,179,181,335,343,187,191,239,239
C4024,9101113a,248,248,128,128,155,163,207,219,177,187,335,341,185,185,235,239
C4025,9101113a,248,248,104,128,159,179,209,219,187,193,335,341,169,191,237,237
C4028,9101113a,282,282,124,124,163,163,203,217,177,187,329,343,183,187,227,235
C4033,9101113a,0,0,104,130,163,175,0,0,177,179,333,333,169,169,239,239
C4034,9101113a,256,256,104,122,155,165,203,205,179,183,327,329,169,189,235,239
C4039,9101113a,248,248,122,128,163,163,205,209,170,177,333,339,169,179,237,237
C4041,9101113a,0,0,104,122,163,167,203,205,183,189,333,339,187,187,221,239
C4042,9101113a,0,0,122,130,165,165,203,205,179,189,0,0,169,189,221,239
C4043,9101113a,248,258,122,122,173,177,207,211,177,177,0,0,183,191,221,239
C4047,9101113a,274,274,122,130,163,177,203,207,183,187,339,339,169,187,221,235
C4048,9101113a,274,274,104,122,165,175,0,0,183,189,333,339,169,183,221,221
C4059,9101113a,248,276,122,128,157,163,203,211,177,177,333,339,169,189,221,239
C4067,9101113a,260,260,122,130,165,175,207,211,185,187,327,339,169,191,221,239
C4068,9101113a,0,0,104,120,159,171,207,217,170,177,327,333,183,187,221,221
C4082,9101113a,260,272,122,130,163,177,203,207,177,177,335,343,183,187,223,239
C4083,9101113a,258,276,122,132,155,163,205,211,185,187,333,341,169,183,221,237
C4086,9101113a,256,276,124,124,159,163,203,207,183,187,333,343,183,187,221,239
C4088,9101113a,248,248,124,124,175,175,207,207,0,0,333,341,169,189,227,237
C4097,9101113a,248,248,120,130,155,167,203,217,177,177,343,343,169,181,221,239
C4099,9101113a,254,254,104,124,0,0,203,203,183,183,327,333,187,187,235,235
C4127,9101113a,248,276,124,124,155,163,203,203,177,185,335,335,169,187,221,227
C4133,9101113a,264,280,104,128,177,177,205,211,177,183,333,333,185,189,221,239
C4135,9101113a,276,280,126,126,163,171,209,211,177,183,333,341,181,185,239,239
C4144,9101113a,248,248,104,122,155,159,205,205,170,187,333,333,169,183,0,0
C4167,9101113a,248,254,122,132,159,165,203,211,170,185,333,333,169,193,235,237
C4236,9101113a,248,248,124,124,159,177,205,211,179,183,333,333,183,191,235,237
C4237,9101113a,248,254,122,128,159,167,199,211,177,187,327,333,169,191,229,237
C4238,9101113a,248,256,122,128,165,175,203,217,170,183,331,339,187,189,235,241
C4239,9101113a,248,248,124,128,159,177,203,203,170,170,333,339,169,189,221,239
C4241,9101113a,248,256,122,128,159,163,203,219,179,181,339,339,183,185,221,239
C4247,9101113a,0,0,128,128,163,163,203,211,177,183,333,339,189,191,227,239
C4256,9101113a,248,248,104,128,165,175,203,217,179,185,333,339,169,187,221,239
C4257,9101113a,248,248,122,124,165,177,203,207,177,193,333,341,187,187,221,235
C4390,9101113a,256,276,104,104,161,177,199,205,170,187,341,343,169,181,235,235
C4534,9101113a,282,282,122,124,163,167,203,207,179,179,335,341,183,191,221,239
C4699,9101113a,248,276,122,124,159,165,203,203,185,187,331,333,169,189,227,227
C4700,9101113a,248,254,104,104,163,177,217,219,177,183,333,333,181,185,227,239
C1542,9101113a,276,278,122,124,163,177,203,207,179,179,333,339,169,187,235,239
C1544,9101113a,282,290,128,130,177,177,207,207,179,179,333,339,185,185,237,239
C1553,9101113a,248,286,122,130,155,163,203,207,187,193,329,341,183,189,227,235
C1557,9101113a,248,276,128,130,163,177,207,217,177,193,333,339,181,183,235,239
C1560,9101113a,248,286,128,130,163,177,203,217,177,185,333,333,181,183,235,239
C1567,9101113a,248,278,124,130,163,177,203,219,177,185,333,339,183,185,235,239
C1569,9101113a,248,282,122,128,163,177,207,219,181,193,333,333,181,185,235,235
C1576,9101113a,248,254,104,124,159,175,203,205,181,187,333,333,183,189,221,237
C1577,9101113a,248,280,124,130,165,177,203,205,177,181,333,333,169,191,227,235
C1579,9101113a,280,282,124,130,165,175,205,217,177,179,333,333,169,181,221,221
C3990,9101113b,248,248,104,120,163,163,203,203,170,183,343,343,169,169,239,239
C3991,9101113b,254,254,124,124,171,179,203,211,177,183,327,341,169,173,221,239
C3992,9101113b,272,272,104,122,155,171,203,203,170,177,343,343,173,187,221,239
C3994,9101113b,254,254,104,136,175,175,203,203,177,187,335,337,173,185,221,235
C4172,9101113b,254,278,104,122,163,171,203,209,185,185,327,343,189,193,221,235
C4173,9101113b,276,276,104,130,163,163,209,209,185,193,0,0,169,181,233,233
C4232,9101113b,276,276,104,106,177,177,203,203,170,183,339,341,183,189,235,235
C4259,9101113b,276,276,128,130,175,175,203,205,177,177,333,339,169,191,221,239
C4260,9101113b,276,276,104,122,163,175,203,213,177,179,341,341,185,187,221,237
C4261,9101113b,0,0,122,122,163,165,203,203,187,193,331,333,185,193,223,223
C4262,9101113b,248,248,124,130,155,165,217,217,170,185,331,333,173,183,221,239
C4263,9101113b,248,248,130,132,163,177,207,207,183,187,339,341,169,189,239,239
C4266,9101113b,272,272,124,130,155,177,207,219,183,185,331,339,173,189,221,227
C4269,9101113b,248,248,122,122,175,175,203,205,183,187,331,337,183,183,235,239
C4272,9101113b,248,248,128,134,159,177,205,209,183,187,333,339,183,185,221,221
C4274,9101113b,256,256,122,122,155,177,215,215,181,187,327,333,181,187,235,235
C4276,9101113b,262,262,104,104,163,163,215,215,183,187,333,339,169,189,235,235
C4277,9101113b,248,256,104,122,161,161,205,215,183,183,331,337,185,187,235,239
C4278,9101113b,248,256,122,128,159,171,211,213,183,187,331,341,181,181,239,239
C4280,9101113b,248,254,122,130,161,171,203,205,181,185,333,341,169,181,237,239
C4281,9101113b,248,248,106,122,163,165,203,219,170,177,333,333,169,189,235,235
C4282,9101113b,248,274,120,128,157,159,199,203,179,183,327,327,183,189,221,235
C4284,9101113b,248,248,104,128,159,177,203,203,177,183,0,0,183,189,237,239
C4286,9101113b,248,254,104,106,161,167,203,211,177,177,333,341,183,189,235,239
C4289,9101113b,262,276,120,124,165,177,207,211,177,181,329,341,183,187,235,235
C4290,9101113b,262,272,120,122,163,165,207,207,177,185,329,333,179,183,237,237
C4311,9101113b,276,276,120,120,155,165,203,219,181,185,333,333,185,187,221,227
C4312,9101113b,262,262,120,128,177,177,203,219,170,183,333,333,181,185,239,243
C4314,9101113b,248,266,104,106,175,175,211,219,177,183,333,333,187,189,237,239
C4318,9101113b,248,258,128,128,163,179,203,203,177,179,339,339,181,183,221,221
C4324,9101113b,256,256,104,122,163,177,205,205,177,183,335,341,169,181,227,233
C4334,9101113b,254,258,124,128,177,177,205,217,170,187,335,335,183,185,239,239
C4529,9101113b,254,280,106,128,163,179,207,207,183,183,335,335,183,187,235,239
C1583,9101113b,248,282,122,156,163,171,203,211,171,177,329,339,169,189,237,239
C1584,9101113b,272,282,128,130,163,163,205,217,183,183,333,341,169,181,237,239
C1589,9101113b,248,248,104,120,165,175,203,217,177,183,333,333,183,185,235,237
C1591,9101113b,248,258,128,128,163,177,203,211,177,183,329,343,169,185,221,235
C1592,9101113b,248,280,124,156,155,177,205,211,177,183,333,339,173,183,235,239
C1594,9101113b,258,262,120,156,175,177,203,211,177,181,333,341,185,187,227,237
C1596,9101113b,248,280,104,120,155,155,203,217,183,183,333,339,169,183,235,235
C1601,9101113b,248,276,104,130,155,163,203,207,177,185,333,333,181,185,229,239
C1605,9101113b,254,272,122,140,163,171,209,211,177,187,327,335,183,189,221,221
C1610,9101113b,276,280,124,130,175,177,205,207,171,183,333,339,169,183,235,237
C1611,9101113b,248,260,104,122,165,165,203,203,177,179,327,333,189,191,221,221
C1613,9101113b,248,276,104,124,163,165,203,207,177,179,333,339,191,191,237,237
C3173,9101113b,248,276,122,128,0,0,199,205,177,183,333,341,169,189,235,239
C3204,9101113b,276,286,124,130,163,179,207,207,181,181,327,333,181,185,221,221
C3258,9101113b,248,258,120,122,155,163,209,211,177,181,0,0,169,183,221,227
C3262,9101113b,248,278,104,156,163,175,199,219,170,183,327,333,169,189,221,221
C3390,9101113b,248,248,124,126,155,175,203,207,170,183,327,331,185,189,221,221
C3424,9101113b,248,276,104,128,175,181,0,0,183,187,329,333,181,187,235,235
C3958,9101113b,248,248,104,130,171,177,203,217,177,183,335,335,169,181,235,235
C3959,9101113b,248,248,104,120,161,179,203,217,177,181,339,343,169,183,237,237
C3960,9101113b,248,276,124,124,155,171,203,203,0,0,335,343,169,183,221,221
C4019,9101113b,260,280,104,140,159,163,199,201,185,187,327,333,181,187,235,235
C4000,9101113b,248,276,104,136,155,181,199,203,181,189,333,341,187,191,223,239
C4002,9101113b,248,276,104,130,163,179,203,205,179,183,333,333,183,189,235,239
C4023,9101113b,272,276,124,130,171,177,203,217,177,183,335,341,181,183,235,239
U1941,APA12PACb,254,272,124,128,161,173,203,215,171,183,339,341,187,187,221,235
U1942,APA12PACb,280,282,128,136,165,171,209,219,171,189,339,343,169,183,235,239
U1957,APA12PACb,0,0,104,122,163,179,207,211,183,183,333,339,169,187,221,221
U2016,APA12PACb,248,284,104,120,165,167,201,201,171,189,327,339,183,187,227,235
U2021,APA12PACb,248,256,128,130,155,165,207,209,183,187,337,341,169,183,223,223
U2022,APA12PACb,256,276,120,134,167,169,205,207,179,183,327,331,183,187,235,235
U2023,APA12PACb,248,272,128,134,155,173,205,207,171,179,331,337,183,187,221,221
U2024,APA12PACb,248,260,124,124,159,171,203,207,179,179,333,339,189,191,235,239
U2025,APA12PACb,248,248,124,134,161,173,203,211,179,187,333,335,181,187,221,249
U2027,APA12PACb,254,256,122,124,163,175,199,207,179,187,333,337,187,193,231,237
U2028,APA12PACb,260,280,124,132,161,171,207,217,179,189,339,339,169,169,221,249
U2029,APA12PACb,256,280,104,130,161,169,205,211,185,189,327,337,183,187,237,237
U2031,APA12PACb,260,266,124,130,161,165,203,217,171,171,333,339,169,187,221,235
U1943,APA12PACb,256,276,128,128,163,179,199,205,179,187,335,337,183,191,221,221
U1944,APA12PACb,254,276,104,128,155,161,199,211,185,187,335,337,169,183,221,235
U1945,APA12PACb,254,274,124,130,163,165,209,211,171,191,335,337,169,181,235,235
U1946,APA12PACb,248,256,104,128,159,165,199,207,177,185,333,337,183,187,221,227
U1947,APA12PACb,248,280,104,120,167,167,199,207,179,189,331,339,169,187,223,223
U1948,APA12PACb,248,248,104,140,163,173,199,205,179,183,327,341,169,191,241,241
U1949,APA12PACb,256,266,104,134,155,163,199,207,171,177,327,339,181,183,227,235
U2005,APA12PACb,258,260,128,130,163,171,197,213,179,183,335,339,183,187,221,221
U2006,APA12PACb,248,288,104,146,163,165,203,213,171,185,339,339,169,187,229,235
U2008,APA12PACb,252,258,120,146,161,161,209,213,171,181,333,339,169,187,229,229
U2010,APA12PACb,258,288,104,120,161,171,0,0,183,189,333,333,181,183,235,235
U2012,APA12PACb,248,256,120,130,165,167,209,217,171,171,333,339,183,187,235,245
U2014,APA12PACb,248,248,122,128,155,161,199,211,179,185,331,333,169,187,235,251
U2702,APA12PACb,248,260,128,132,163,179,203,219,187,189,337,339,191,193,221,233
U2703,APA12PACb,254,286,122,130,165,179,203,207,179,179,337,337,169,193,221,233
U2706,APA12PACb,258,270,104,122,161,171,0,0,171,177,333,337,169,177,221,237
U2707,APA12PACb,248,248,104,115,159,165,207,207,171,171,333,333,183,187,237,237
U2698,APA12PACb,248,264,104,122,159,165,205,211,171,183,333,339,181,183,235,235
U2700,APA12PACb,258,274,120,130,161,167,203,211,171,173,333,341,187,191,221,235
U1924,APA12PACb,248,278,104,130,161,163,207,207,183,195,327,339,183,197,235,237
U1930,APA12PACb,248,254,124,124,163,171,207,207,171,183,331,343,183,187,237,241
U1931,APA12PACb,248,254,104,124,159,171,203,207,171,171,333,343,181,183,221,235
U1934,APA12PACb,248,286,120,120,161,177,203,217,185,187,339,339,177,183,221,227
U1935,APA12PACb,276,282,104,128,161,167,203,217,185,185,333,333,187,191,221,227
U1938,APA12PACb,260,280,104,128,163,167,207,211,171,171,333,343,181,187,229,235
U1939,APA12PACb,248,280,122,128,163,171,201,207,171,187,341,343,169,189,221,221
U1950,APA12PACb,256,256,115,115,171,171,201,207,181,185,329,333,169,187,227,235
U1951,APA12PACb,256,280,124,136,163,165,207,217,179,189,331,333,169,175,221,227
U1953,APA12PACb,262,278,124,124,169,175,207,207,171,185,333,339,169,183,221,235
U1954,APA12PACb,256,262,124,130,161,163,203,207,171,185,331,335,169,169,221,223
U2044,APA12PACb,248,254,128,134,171,171,205,217,179,189,337,339,173,181,225,235
U2047,APA12PACb,254,276,128,136,147,157,199,207,189,189,333,341,183,191,233,235
U2048,APA12PACb,260,286,132,132,165,173,199,209,171,183,333,333,183,183,229,239
U2050,APA12PACb,248,260,120,122,157,161,199,209,179,185,337,339,169,181,235,237
U2051,APA12PACb,254,254,120,134,163,171,199,199,171,177,333,337,183,187,235,237
U2057,APA12PACb,280,282,104,124,167,173,203,205,185,193,333,339,169,183,237,237
U2058,APA12PACb,248,282,124,136,163,163,203,205,185,187,331,331,173,191,235,235
U2059,APA12PACb,282,284,104,122,159,167,203,203,181,193,331,331,169,187,221,221
U2061,APA12PACb,272,280,128,130,163,169,199,207,185,187,327,339,183,183,221,221
U2062,APA12PACb,262,272,130,132,163,163,199,205,171,187,333,333,169,189,235,235
U2063,APA12PACb,248,272,124,130,159,167,199,203,171,187,333,339,169,183,221,221
U2064,APA12PACb,248,254,130,130,163,177,199,217,171,185,333,339,187,189,221,235
U2065,APA12PACb,258,258,104,136,159,171,207,207,185,187,333,335,169,191,235,235
U2067,APA12PACb,248,268,104,124,161,163,205,217,171,177,333,339,169,169,237,237
U2068,APA12PACb,254,268,120,124,161,163,207,207,177,177,333,333,169,181,221,237
U2070,APA12PACb,268,288,124,128,163,165,207,211,177,187,333,343,187,191,221,237
U2076,APA12PACb,268,280,128,128,157,163,199,207,171,177,341,343,169,183,221,235
U2077,APA12PACb,248,280,122,124,163,171,199,203,171,189,333,343,183,189,221,237
U2089,APA12PACb,276,284,104,124,161,175,199,205,177,187,333,335,179,183,235,235
U2090,APA12PACb,248,276,122,124,161,165,203,205,171,181,335,343,183,187,221,235
U2113,APA12PACb,248,276,130,130,165,165,207,209,179,187,331,335,191,193,243,243
U2114,APA12PACb,248,266,104,130,165,173,209,213,179,183,335,339,187,193,221,235
U2115,APA12PACb,248,248,104,128,161,169,207,209,185,187,331,333,169,181,235,235
U2116,APA12PACb,254,284,130,136,161,163,0,0,189,193,333,337,169,169,227,227
U2117,APA12PACb,248,266,122,130,165,177,203,207,177,181,327,335,181,195,221,221
U2119,APA12PACb,248,248,104,128,161,163,195,209,179,179,333,341,169,189,221,223
U2120,APA12PACb,248,254,104,136,163,167,207,215,177,185,329,329,183,191,227,229
U2664,APA12PACb,254,256,104,128,157,171,205,207,177,189,333,339,185,189,221,235
U1198,BV,248,278,130,130,163,167,207,207,171,185,327,333,173,183,237,239
U1199,BV,256,276,130,132,163,171,203,207,179,185,333,335,169,187,223,235
U1200,BV,256,264,120,130,155,163,207,211,185,189,333,335,181,191,223,235
U1201,BV,250,260,122,132,155,169,205,209,177,189,329,333,169,187,235,237
U1202,BV,256,260,104,132,155,163,209,217,175,177,333,335,169,169,227,229
U1203,BV,254,268,132,138,163,171,203,203,171,191,331,337,183,183,221,237
U1205,BV,248,250,124,130,161,165,207,217,189,189,327,333,187,191,235,235
U1206,BV,248,254,124,138,163,163,203,207,177,189,333,343,183,187,233,235
U1208,BV,248,260,104,132,163,165,203,207,171,189,333,333,183,191,227,237
U1209,BV,250,262,120,132,163,169,203,211,177,189,333,339,183,191,235,235
U1210,BV,248,248,128,138,163,163,209,217,181,189,327,333,169,183,223,235
U1211,BV,248,258,132,138,163,177,207,211,171,179,337,339,169,191,221,235
U1212,BV,256,286,104,120,171,173,211,217,171,179,333,339,187,187,221,235
U1213,BV,248,258,130,138,163,167,207,207,171,187,337,339,169,187,235,239
U1214,BV,248,248,120,132,161,169,203,217,179,179,333,341,183,191,221,235
U1217,BV,250,260,130,134,163,163,209,217,171,189,339,341,183,191,235,235
U1224,BV,250,262,120,124,155,165,203,205,187,189,329,335,169,183,221,235
U1227,BV,248,260,104,128,155,167,209,215,177,185,335,335,169,187,235,237
U1229,BV,254,258,104,120,163,171,199,209,177,193,327,337,169,191,233,235
U1230,BV,248,254,104,124,161,163,207,209,177,185,329,337,169,169,219,219
U1232,BV,258,268,104,148,161,161,199,209,171,189,333,335,169,173,221,233
U1233,BV,252,252,104,124,163,171,194,203,177,177,329,335,0,0,221,221
U1234,BV,248,260,104,148,161,163,207,207,171,183,333,333,173,189,227,229
U1235,BV,256,268,124,148,155,169,199,209,185,189,331,333,183,191,221,245
U1236,BV,248,264,124,128,163,165,203,209,187,189,331,333,187,191,221,221
U1239,BV,254,276,124,134,163,165,203,207,179,185,331,333,169,183,221,235
U1240,BV,258,268,124,128,163,163,203,211,185,189,331,333,191,191,237,237
U1242,BV,248,248,130,138,163,165,205,207,177,177,333,337,169,191,237,239
U1245,BV,248,254,120,138,159,163,207,207,185,185,333,337,183,195,235,237
U1251,BV,258,266,120,130,169,171,207,211,171,189,337,339,191,193,235,235
U1262,BV,248,266,115,132,159,169,203,207,171,177,333,337,183,193,225,237
U1267,BV,262,276,122,132,163,163,203,207,177,185,335,337,189,193,227,235
U1274,BV,248,256,104,128,159,173,199,211,169,171,333,335,183,187,235,235
U1294,BV,250,278,122,124,155,169,207,211,189,189,329,331,183,187,223,235
U1306,BV,248,256,124,124,159,159,211,211,171,189,329,333,189,191,221,221
U1314,BV,258,270,104,128,159,169,203,211,189,189,333,339,183,187,0,0
U1315,BV,248,260,104,128,155,163,211,211,171,177,327,335,191,193,227,235
U1319,BV,274,280,104,109,161,167,211,217,177,185,333,333,169,193,227,235
U1320,BV,262,272,104,124,155,165,199,205,171,189,339,341,183,187,223,235
U1324,BV,248,254,132,132,155,163,203,211,171,193,327,333,173,187,221,221
U1331,BV,250,254,130,132,155,163,199,209,185,189,339,339,187,189,221,235
U1333,BV,248,248,104,124,155,167,203,211,179,185,335,339,169,183,221,221
U1340,BV,276,278,104,134,163,167,199,207,179,187,337,339,169,189,235,247
U1344,BV,262,276,126,130,167,171,209,213,171,183,327,337,169,183,221,235
U1346,BV,248,256,104,148,155,169,199,207,171,187,333,335,183,183,221,223
U1349,BV,248,276,130,132,155,163,207,211,181,185,331,333,183,183,229,235
U1375,BV,248,254,104,136,161,165,207,211,177,187,339,343,169,183,223,235
U1383,BV,248,270,124,136,167,171,199,211,177,191,0,0,183,183,221,235
U1385,BV,248,276,104,128,155,157,203,207,181,183,327,333,183,191,227,243
U1413,BV,248,260,124,132,0,0,209,211,177,179,333,339,169,183,227,235
U1417,BV,258,276,124,130,163,167,207,213,171,189,333,337,169,183,235,239
U1852,BVT,248,280,128,130,161,163,197,209,171,179,329,333,183,183,221,237
U1853,BVT,248,280,124,130,159,161,201,211,171,185,331,333,169,183,221,221
U1855,BVT,254,264,124,128,155,177,207,211,171,177,333,333,183,187,237,237
U1858,BVT,248,276,128,130,155,163,203,207,171,179,327,333,187,191,237,237
U1859,BVT,264,280,122,128,171,171,207,209,171,185,333,339,169,173,217,221
U1860,BVT,248,288,104,115,167,173,209,209,171,185,329,339,173,189,221,221
U1862,BVT,248,256,124,130,163,171,207,211,177,193,339,339,169,183,221,227
U1863,BVT,250,278,130,136,163,175,211,211,177,193,337,339,169,187,221,221
U1865,BVT,248,256,122,134,165,177,203,207,171,177,333,341,183,187,221,237
U1871,BVT,256,278,120,128,161,167,205,209,177,177,333,333,169,183,221,221
U1873,BVT,256,278,104,120,155,155,203,207,179,187,333,339,169,183,223,229
U1875,BVT,278,282,128,130,163,167,207,207,177,183,331,335,169,191,221,221
U1876,BVT,248,282,104,130,167,177,203,207,183,189,333,341,191,193,233,235
U2448,BVTGMVT2,248,260,104,120,159,163,203,207,177,189,327,337,185,187,221,221
U2449,BVTGMVT2,248,256,124,128,157,165,203,203,177,179,327,333,187,187,237,237
U2450,BVTGMVT2,252,282,124,128,173,173,197,207,185,193,339,339,183,185,235,235
U2451,BVTGMVT2,248,254,122,124,165,167,199,205,177,181,0,0,169,183,221,237
U2452,BVTGMVT2,248,248,104,124,163,163,201,209,177,177,0,0,181,191,221,221
U2453,BVTGMVT2,248,278,104,124,175,177,205,207,177,185,333,333,187,191,227,235
U2454,BVTGMVT2,248,264,128,130,175,175,207,207,171,177,339,343,169,183,239,243
U2455,BVTGMVT2,248,258,128,158,159,175,207,211,179,179,333,333,179,183,235,235
U2456,BVTGMVT2,258,282,104,124,155,173,203,207,171,179,335,339,187,191,0,0
U2457,BVTGMVT2,248,276,104,134,165,173,207,211,179,187,335,337,185,187,221,221
U2459,BVTGMVT2,258,272,124,128,155,175,209,219,177,183,333,341,183,193,235,237
U2460,BVTGMVT2,248,258,128,136,161,171,201,205,179,185,333,343,169,169,235,235
U2461,BVTGMVT2,252,272,104,124,151,171,207,211,177,179,333,337,169,189,227,227
U1826,BVTGMVT2,248,254,122,124,161,177,211,211,177,185,331,339,169,183,221,235
U1827,BVTGMVT2,248,262,104,128,155,177,205,213,171,171,339,339,169,191,221,235
U1828,BVTGMVT2,248,290,130,130,159,169,205,207,171,187,333,339,181,183,221,227
U1829,BVTGMVT2,248,254,104,136,163,163,211,217,171,181,333,335,169,179,235,237
U1831,BVTGMVT2,254,268,124,128,161,163,209,213,177,187,333,339,169,191,235,237
U1833,BVTGMVT2,248,254,124,142,165,175,211,211,171,171,331,333,169,183,221,221
U1834,BVTGMVT2,252,254,104,124,159,163,199,207,171,177,339,343,183,187,0,0
U1836,BVTGMVT2,248,264,122,132,159,163,211,217,169,185,335,339,167,185,219,235
U1837,BVTGMVT2,248,254,104,122,155,163,211,219,187,191,335,339,187,187,221,227
U1838,BVTGMVT2,254,254,120,124,155,163,199,207,177,181,333,343,187,187,227,235
U1839,BVTGMVT2,264,290,124,128,161,163,203,213,171,177,333,343,183,191,221,221
U1840,BVTGMVT2,248,264,124,130,163,167,213,219,177,181,333,339,187,191,221,221
U1842,BVTGMVT2,254,276,124,128,161,163,207,213,177,183,335,343,189,191,235,235
U1844,BVTGMVT2,256,264,124,128,161,165,199,209,179,181,333,343,181,191,235,237
U1845,BVTGMVT2,254,274,104,124,161,163,199,205,177,193,339,343,169,187,227,235
U1762,CNF,264,282,122,132,159,161,211,211,177,185,339,341,169,183,221,237
U1763,CNF,252,272,130,132,161,163,207,211,185,187,333,339,169,187,241,241
U1765,CNF,248,252,130,130,159,159,211,211,185,187,333,333,169,187,227,227
U1766,CNF,264,284,130,136,159,163,207,211,177,185,333,343,169,187,0,0
U1767,CNF,264,276,128,136,159,169,207,211,185,189,335,339,169,183,227,227
U1771,CNF,270,284,128,130,163,165,207,211,171,177,339,339,183,191,227,235
U1772,CNF,270,270,122,130,155,163,211,211,177,177,327,333,189,191,227,237
U1777,CNF,270,284,122,130,155,163,199,219,177,187,333,333,169,189,235,235
U1778,CNF,248,270,130,132,155,171,207,211,171,189,329,333,189,189,221,237
U1779,CNF,252,274,122,128,165,171,199,211,171,185,333,337,169,191,235,235
U1780,CNF,270,284,130,132,159,171,207,219,171,177,341,343,187,191,229,235
U1789,CNF,272,284,130,132,157,167,207,211,177,189,333,337,181,189,227,229
U1790,CNF,272,284,132,136,155,175,207,219,171,177,339,343,187,187,221,227
U2467,FKN,270,276,122,128,155,163,207,219,189,189,331,333,185,189,221,249
U2468,FKN,254,260,132,134,163,165,199,205,171,177,341,341,189,191,221,227
U2469,FKN,248,262,122,128,163,163,207,219,169,183,333,339,189,199,221,237
U2470,FKN,248,260,104,128,163,163,203,217,171,177,333,339,193,199,235,237
U2471,FKN,270,276,122,124,165,169,219,219,163,189,339,339,169,187,221,237
U2472,FKN,248,260,104,126,163,165,199,219,189,193,335,339,183,191,221,221
U2475,FKN,260,276,104,122,155,163,211,211,179,193,339,341,169,183,221,235
U2476,FKN,248,278,119,122,155,165,199,219,179,183,339,339,181,191,221,229
U2477,FKN,248,256,122,128,167,167,205,207,185,189,327,339,169,187,235,237
U2478,FKN,256,282,132,134,161,167,211,211,177,187,333,339,181,187,239,239
U2481,FKN,278,282,128,132,161,179,197,211,177,183,333,339,187,189,237,237
U2482,FKN,248,258,120,128,169,179,199,209,177,187,337,339,169,187,233,235
U2483,FKN,248,254,104,128,163,163,209,211,185,189,333,337,187,187,221,235
U2484,FKN,248,248,122,132,163,163,207,209,177,187,331,333,169,187,233,235
U2485,FKN,248,272,128,132,161,169,207,209,179,187,337,339,173,187,235,235
U2487,FKN,248,254,126,132,165,169,207,207,185,187,0,0,183,187,235,235
U2490,FKN,248,248,128,128,163,173,207,211,189,193,333,341,169,189,221,239
U2491,FKN,276,290,124,128,163,163,199,207,179,189,327,337,169,183,223,239
U2495,FKN,256,264,104,128,165,169,205,207,177,191,337,341,169,191,235,239
U2496,FKN,248,256,104,134,155,159,207,207,179,189,337,339,169,189,223,229
U2497,FKN,254,280,104,128,161,165,203,207,177,179,337,339,187,187,221,239
U2498,FKN,256,260,124,128,155,165,205,207,179,191,335,339,169,177,235,239
U2499,FKN,254,260,120,134,155,165,197,205,177,193,333,337,173,187,237,239
U2502,FKN,248,260,104,104,155,173,207,209,183,189,333,333,169,191,221,221
U2503,FKN,248,254,104,128,155,165,205,207,177,189,333,337,187,191,221,221
U2202,GMVT1,272,284,104,120,159,165,207,211,177,179,333,335,169,169,223,223
U2203,GMVT1,270,282,104,104,155,165,197,199,181,187,339,339,183,191,221,235
U2205,GMVT1,260,274,128,130,159,163,199,203,177,177,341,343,169,183,221,221
U2206,GMVT1,248,252,124,128,171,173,203,207,179,185,0,0,169,181,229,235
U2207,GMVT1,256,280,120,124,161,163,195,211,181,187,333,341,169,191,221,221
U2212,GMVT1,248,280,128,128,157,163,205,219,0,0,333,335,0,0,221,235
U2215,GMVT1,258,268,130,130,161,163,203,203,171,177,333,335,169,189,227,227
U2216,GMVT1,256,280,122,136,165,165,199,211,179,181,333,339,169,183,0,0
U2217,GMVT1,248,260,120,128,155,169,207,209,169,179,331,339,183,183,223,231
U2221,GMVT1,276,280,124,128,167,171,195,207,171,181,331,341,169,183,229,235
U2222,GMVT1,276,276,104,122,163,165,195,207,171,181,339,341,169,183,227,227
U2224,GMVT1,260,276,122,138,165,167,203,219,171,183,0,0,169,183,235,235
U2225,GMVT1,0,0,128,136,155,163,207,219,187,187,333,341,183,187,235,235
U1120,MC,252,258,104,104,0,0,205,207,179,181,333,339,169,183,221,245
U1122,MC,248,272,104,132,167,179,0,0,185,193,327,339,169,183,235,235
U1125,MC,260,264,124,134,163,165,205,205,177,185,333,335,183,193,223,223
U1126,MC,248,274,128,130,161,173,199,207,171,177,327,335,169,183,227,235
U1127,MC,254,254,130,136,163,167,207,209,171,171,333,335,169,187,221,227
U1128,MC,260,264,104,104,171,181,199,207,187,187,333,337,169,169,239,239
U1129,MC,264,280,104,132,163,171,207,211,175,187,333,337,189,191,221,227
U1131,MC,248,248,124,128,167,171,207,215,183,187,333,335,169,183,239,239
U1135,MC,248,248,128,130,159,171,207,211,171,185,333,333,169,193,231,237
U1140,MC,254,282,122,128,163,167,199,211,171,185,333,339,187,187,221,235
U1142,MC,248,256,120,120,163,163,199,209,171,189,327,333,183,187,221,235
U1144,MC,256,268,104,134,159,167,203,203,171,183,327,333,189,191,223,235
U1145,MC,248,268,124,130,155,171,203,209,177,185,327,327,183,189,221,221
U1146,MC,248,262,122,130,163,167,199,207,171,187,327,335,187,191,241,241
U1147,MC,248,254,104,122,155,163,211,215,177,199,331,333,183,183,221,235
U1148,MC,268,276,115,128,163,171,207,207,183,187,333,333,169,187,235,235
U1150,MC,252,274,124,134,163,167,0,0,171,185,329,333,169,183,235,241
U1151,MC,266,282,106,120,163,167,207,217,171,171,339,341,187,193,221,235
U1153,MC,248,278,122,128,163,165,205,211,187,187,333,339,169,183,235,237
U1155,MC,254,264,132,138,163,169,199,217,169,189,329,339,187,191,233,235
U1157,MC,248,276,124,132,155,165,203,203,171,187,333,339,169,191,235,237
U1159,MC,248,276,124,132,155,165,199,203,177,185,333,339,191,193,221,235
U1160,MC,272,276,104,128,165,165,203,217,187,187,333,341,187,193,221,227
U1161,MC,272,288,104,136,163,165,205,207,185,185,333,339,191,191,221,237
U1163,MC,248,254,124,128,155,155,197,207,171,171,327,335,191,191,229,237
U1165,MC,252,272,122,136,155,171,211,217,179,185,333,333,183,187,221,221
U1168,MC,252,274,104,124,159,171,205,207,171,183,327,339,169,187,237,237
U1169,MC,256,286,104,130,163,167,205,215,183,193,327,331,187,191,221,235
U1170,MC,254,256,130,136,163,171,211,215,177,199,331,341,187,189,221,237
U1171,MC,256,268,120,128,157,163,207,209,183,189,333,339,169,181,221,243
U1173,MC,248,254,124,126,163,165,201,205,177,187,333,333,169,187,221,235
U1174,MC,0,0,115,120,0,0,199,209,171,185,339,343,169,181,227,235
U1175,MC,248,264,104,124,163,171,203,217,187,193,335,339,169,193,221,221
U1176,MC,256,264,104,124,171,171,197,209,185,185,327,337,169,191,227,241
U1177,MC,248,248,128,136,165,167,199,207,181,187,327,337,169,187,237,239
U1178,MC,256,274,124,128,159,165,199,211,171,171,337,337,169,169,221,221
U1179,MC,272,278,124,124,159,163,205,207,171,187,333,337,0,0,0,0
U1180,MC,248,262,104,130,165,177,205,209,171,171,333,341,169,187,235,235
U1181,MC,252,256,124,124,169,179,205,207,171,183,333,337,181,181,235,237
U1182,MC,248,254,104,130,163,171,201,209,171,179,327,341,189,191,235,237
U1184,MC,270,276,120,124,165,173,207,207,185,189,333,337,191,191,223,239
U1185,MC,248,252,104,128,155,161,205,209,177,177,327,341,189,189,223,235
U1186,MC,248,266,124,130,163,167,207,207,171,179,331,333,169,189,235,237
U1187,MC,248,248,130,136,167,171,203,203,189,189,327,337,183,187,221,233
U1188,MC,256,276,122,124,171,175,207,219,171,187,333,339,169,173,227,241
U1189,MC,254,258,128,130,163,171,197,207,187,191,333,335,177,181,225,229
U1190,MC,260,288,122,128,165,169,211,211,171,179,327,327,187,193,235,237
U1194,MC,262,282,104,104,157,159,207,207,171,177,327,339,169,183,235,235
U1196,MC,248,248,124,134,155,163,194,205,187,189,337,337,183,187,235,235
U1197,MC,258,274,104,120,161,169,203,207,183,187,339,341,169,181,235,235
U1003,OZ12,248,282,124,130,155,165,207,211,171,185,337,339,187,191,221,221
U1004,OZ12,250,254,115,130,163,183,205,209,187,189,339,339,169,191,227,227
U1005,OZ12,272,278,154,154,159,161,207,211,181,187,333,339,187,191,235,235
U1006,OZ12,248,254,122,150,167,171,209,219,171,187,333,333,183,183,235,235
U1007,OZ12,256,278,104,128,163,165,199,209,187,187,329,339,181,187,227,235
U1008,OZ12,248,250,104,104,163,163,211,215,171,177,333,339,183,187,227,233
U1009,OZ12,272,272,104,104,167,167,205,207,171,185,337,339,183,187,221,235
U1011,OZ12,248,268,104,128,163,167,207,211,185,193,331,335,169,181,227,235
U1012,OZ12,248,286,124,130,159,171,199,205,173,187,333,339,181,187,227,229
U1014,OZ12,272,278,136,144,159,179,205,207,187,187,333,341,181,183,235,237
U1016,OZ12,248,262,120,124,163,165,207,217,171,177,327,333,187,193,227,235
U1017,OZ12,248,248,120,124,163,175,203,211,187,187,333,343,169,169,221,221
U1018,OZ12,248,254,104,124,163,163,203,211,181,193,333,333,183,183,237,237
U1019,OZ12,276,276,120,120,161,179,205,217,171,179,327,339,183,183,221,227
U1020,OZ12,274,276,104,130,163,173,211,211,187,189,327,333,169,183,227,237
U1023,OZ12,248,276,122,124,155,163,199,207,171,179,333,333,181,183,235,237
U1024,OZ12,248,258,115,122,163,163,199,199,177,177,333,333,183,187,227,237
U1025,OZ12,252,264,128,130,159,165,199,211,179,191,341,341,183,189,223,227
U1026,OZ12,248,272,130,130,155,163,211,211,171,171,327,333,183,187,221,235
U1027,OZ12,248,248,104,115,161,167,205,219,171,177,333,333,169,169,235,235
U1028,OZ12,248,284,120,124,155,169,203,207,177,193,333,337,169,183,227,237
U1029,OZ12,248,248,128,128,163,167,207,209,175,177,333,341,189,191,227,239
U1030,OZ12,248,288,124,130,159,171,203,207,171,187,339,339,169,187,221,237
U1031,OZ12,278,278,104,104,159,167,207,207,185,187,333,339,169,187,227,237
U1032,OZ12,248,276,124,134,159,171,207,207,181,187,335,341,183,183,221,233
U1033,OZ12,272,272,115,124,163,163,205,207,181,185,335,339,185,187,221,235
U1034,OZ12,248,272,128,130,155,171,205,219,181,187,333,339,183,187,227,235
U1035,OZ12,248,252,124,124,155,171,205,213,177,187,333,339,183,183,227,235
U1036,OZ12,248,282,124,124,161,161,205,209,171,171,333,335,169,187,227,235
U1037,OZ12,248,248,104,128,163,171,203,207,179,191,331,333,169,183,227,227
U1038,OZ12,254,258,104,128,159,163,201,205,171,171,333,341,169,193,221,227
U1040,OZ12,268,282,124,130,165,165,201,217,171,187,337,339,169,183,229,239
U1041,OZ12,252,256,128,130,163,163,205,211,177,187,333,335,169,191,221,229
U1044,OZ12,268,278,130,136,163,165,209,211,171,171,333,337,183,189,227,237
U1045,OZ12,276,280,120,124,159,171,207,211,183,193,327,333,169,185,227,227
U1046,OZ12,258,282,104,122,157,163,0,0,177,187,327,339,169,183,221,243
U1047,OZ12,254,258,128,128,161,165,195,205,181,187,333,335,183,187,223,235
U1048,OZ12,256,270,128,130,163,179,201,211,179,185,327,333,183,187,235,237
U1049,OZ12,248,280,104,130,155,163,207,207,171,179,331,333,169,169,235,235
U1050,OZ12,248,280,120,136,161,171,207,209,171,183,333,335,183,187,235,249
U1051,OZ12,274,274,122,124,155,159,203,207,187,193,333,339,169,187,221,235
U1052,OZ12,248,248,128,134,167,175,205,207,171,179,333,341,169,187,229,237
U1053,OZ12,272,294,104,120,153,171,0,0,177,187,333,337,169,189,227,227
U1054,OZ12,256,294,124,132,159,171,199,211,171,177,339,339,169,169,227,229
U1059,OZ12,254,278,124,124,159,163,203,203,177,193,339,341,183,187,227,237
U1061,OZ12,252,254,122,132,155,163,207,207,171,171,335,337,169,189,235,239
U1063,OZ12,248,256,124,128,155,163,199,205,171,187,331,341,183,193,221,241
U1066,OZ12,248,280,128,132,155,163,203,205,171,173,327,337,187,189,221,235
U1069,OZ12,248,276,104,124,161,163,205,211,171,189,333,339,169,183,221,227
U1070,OZ12,248,264,104,128,163,171,205,211,171,183,333,335,169,195,221,237
U1071,OZ12,260,264,104,130,161,163,209,211,177,183,339,339,169,177,223,235
U1073,OZ12,256,266,122,128,161,163,0,0,171,177,0,0,183,187,235,237
U1075,OZ12,254,272,122,128,163,177,207,209,171,187,333,337,169,169,223,223
U1078,OZ12,248,282,128,132,163,173,199,205,171,187,333,339,169,187,227,227
U1079,OZ12,272,286,104,130,161,175,207,209,177,179,333,339,187,191,229,229
U1080,OZ12,254,272,104,128,161,163,203,203,171,177,333,339,177,187,221,229
U1081,OZ12,256,272,128,130,163,167,205,219,171,187,327,339,169,191,235,235
U1083,OZ12,286,290,124,130,163,165,207,207,177,177,331,335,169,169,223,227
U1084,OZ12,260,260,108,120,161,163,205,217,171,187,331,341,169,187,221,221
U1085,OZ12,266,272,128,148,163,171,199,207,177,181,333,333,169,183,219,221
U1089,OZ12,248,276,130,130,157,163,197,197,171,177,339,339,169,183,221,221
U1093,OZ12,248,258,124,128,171,171,203,209,171,171,0,0,183,187,221,237
U1447,OZ12,252,260,128,154,167,167,199,207,177,185,339,341,187,187,227,235
U1449,OZ12,248,272,104,128,163,167,205,207,177,185,333,339,169,183,227,235
U1452,OZ12,268,282,124,130,165,169,207,211,181,187,331,333,169,187,221,227
U1458,OZ12,272,274,124,128,163,173,207,211,171,183,333,343,169,169,227,235
U1459,OZ12,248,254,124,124,0,0,199,207,171,187,337,339,169,183,227,233
U1460,OZ12,284,284,122,124,159,163,199,207,171,185,333,339,183,183,219,227
U1462,OZ12,268,268,122,128,163,163,203,207,171,185,333,339,183,183,235,235
U1463,OZ12,248,248,128,128,163,165,211,211,183,193,327,341,183,187,221,235
U1464,OZ12,254,262,124,128,175,175,207,207,179,189,337,343,169,183,227,227
U1469,OZ12,0,0,124,124,175,175,0,0,183,187,337,337,181,183,221,237
U1470,OZ12,262,282,104,128,171,175,203,209,181,183,339,339,169,181,235,237
U1472,OZ12,256,258,104,120,155,163,0,0,171,171,327,337,169,193,229,229
U1473,OZ12,262,272,124,130,159,167,199,199,179,187,0,0,169,169,223,235
U1476,OZ12,254,268,122,128,155,163,0,0,173,183,333,339,169,169,235,235
U1477,OZ12,254,278,122,124,163,167,205,207,185,185,0,0,187,189,221,227
U1479,OZ12,254,276,128,128,159,167,207,207,181,183,339,339,183,191,235,237
U1481,OZ12,248,254,104,130,159,163,0,0,179,187,339,343,183,185,227,239
U1518,SFNF12,280,290,122,128,161,161,207,207,183,193,339,339,169,191,227,237
U1519,SFNF12,260,268,104,144,161,163,211,217,173,173,327,335,169,169,221,233
U1520,SFNF12,248,258,104,124,159,163,207,207,177,189,335,339,169,183,237,237
U1521,SFNF12,272,272,106,124,163,165,207,211,187,187,335,339,187,189,241,241
U1523,SFNF12,248,248,104,128,171,171,207,207,177,187,333,335,169,169,223,237
U1526,SFNF12,248,280,122,130,163,171,199,211,181,187,335,339,187,189,235,235
U1527,SFNF12,260,280,104,124,161,163,207,207,171,175,333,333,169,187,223,223
U1528,SFNF12,248,262,106,154,163,175,207,207,187,187,0,0,169,183,221,235
U1532,SFNF12,260,280,130,130,163,175,207,209,187,187,333,333,183,183,241,241
U1496,SFNF12,248,270,128,128,167,171,0,0,171,183,0,0,169,177,221,239
U1500,SFNF12,270,276,124,154,163,163,207,207,189,193,327,337,169,187,235,235
U1501,SFNF12,248,254,128,150,163,175,207,209,181,187,333,335,183,191,227,239
U1502,SFNF12,254,270,126,134,163,165,0,0,187,189,327,339,169,191,229,235
U1504,SFNF12,254,288,104,134,161,171,203,207,183,185,327,335,185,191,221,221
U1509,SFNF12,248,254,104,122,161,167,207,207,183,193,327,331,169,187,233,233
U1510,SFNF12,248,276,128,128,165,171,205,205,187,187,335,339,185,191,235,237
U1512,SFNF12,260,262,115,128,167,171,211,211,187,189,327,339,169,183,227,227
U2328,WHWI,248,272,104,104,163,165,207,207,179,193,327,343,169,187,221,221
U2329,WHWI,250,272,128,130,163,173,199,207,171,189,327,343,187,189,0,0
U2331,WHWI,248,280,124,124,155,171,203,207,171,187,327,333,183,193,235,235
U2332,WHWI,250,250,104,104,163,165,199,203,177,177,333,333,189,189,227,235
U2334,WHWI,272,284,122,130,159,163,207,211,171,187,333,343,169,169,237,237
U2336,WHWI,272,272,124,128,161,173,207,211,177,177,333,343,169,169,221,221
U2337,WHWI,248,248,104,120,159,163,203,207,183,187,333,343,169,191,221,235
U2338,WHWI,272,276,128,134,155,163,207,211,183,193,327,333,187,187,239,241
U2339,WHWI,252,272,122,128,155,159,205,207,177,187,341,343,183,187,235,241
U2341,WHWI,248,272,128,130,155,165,199,211,171,177,333,337,169,187,221,235
U2343,WHWI,262,284,128,130,165,171,207,207,171,185,343,343,169,189,235,237
U2347,WHWI,276,284,104,128,159,163,203,207,171,193,333,343,189,189,235,235
U2348,WHWI,248,276,128,130,159,181,207,211,183,193,335,335,169,177,235,235
U2350,WHWI,248,248,122,124,159,163,199,207,171,185,327,333,169,193,227,227
U2351,WHWI,250,272,128,134,159,159,203,207,177,183,327,343,169,169,235,235
U2353,WHWI,248,276,124,130,163,165,201,207,171,185,327,343,169,189,221,227
U2356,WHWI,248,276,130,130,163,163,201,207,187,193,333,343,169,169,235,235
U2358,WHWI,272,288,122,124,163,163,203,207,177,193,333,337,189,193,221,235
U2359,WHWI,248,290,124,124,163,163,203,211,183,187,333,343,187,189,221,237
U2360,WHWI,272,272,122,124,159,163,207,219,183,187,327,333,187,189,227,237
U2363,WHWI,250,272,130,130,161,167,207,211,173,185,333,339,189,193,229,235
U2308,WWI,248,272,128,132,161,163,207,211,171,171,335,339,183,187,235,237
U2309,WWI,278,280,124,130,163,165,207,207,171,187,333,339,187,189,235,237
U2311,WWI,248,278,128,130,155,163,207,211,171,189,333,339,187,189,223,223
U2312,WWI,248,278,104,130,163,165,199,207,171,189,333,333,169,183,223,235
U2313,WWI,252,272,128,128,163,175,199,207,171,183,333,339,187,187,223,235
U2314,WWI,268,272,115,124,165,175,207,207,183,183,339,339,183,183,227,235
U2317,WWI,248,248,122,128,159,173,207,211,171,183,333,333,169,181,223,237
U2318,WWI,270,276,104,115,163,173,197,207,171,189,333,333,187,191,221,235
U2319,WWI,272,278,104,124,163,165,205,207,171,183,327,339,187,191,223,235
U2520,VSH123,254,256,104,122,161,171,207,207,189,193,327,335,169,189,221,223
U2522,VSH123,248,262,128,134,163,173,199,201,0,0,0,0,181,183,235,235
U2524,VSH123,248,256,130,136,155,159,203,221,171,185,339,339,169,183,223,235
U2525,VSH123,248,260,120,134,171,175,209,209,177,179,339,341,169,177,221,221
U2526,VSH123,248,260,104,128,159,171,209,219,177,177,339,341,181,191,221,239
U2533,VSH123,0,0,122,128,0,0,203,203,171,187,327,339,169,189,227,235
U2534,VSH123,248,274,122,128,171,177,203,211,183,185,339,341,169,187,223,235
U2509,VSH123,248,254,124,128,161,163,207,209,177,187,335,339,169,183,235,235
U2510,VSH123,248,248,120,128,167,171,199,207,171,189,331,333,169,177,235,235
U2511,VSH123,248,256,128,150,161,167,203,207,179,185,327,327,181,187,223,227
U2512,VSH123,248,268,104,128,161,167,203,207,179,187,327,341,169,191,221,227
U2537,VSH123,260,274,122,134,167,167,205,207,181,185,327,339,191,191,221,235
U2538,VSH123,270,270,130,130,167,173,207,207,175,175,335,339,169,191,221,221
U2539,VSH123,256,278,104,104,163,165,205,207,171,187,327,333,169,183,235,237
U2515,VSH123,270,284,124,156,167,171,0,0,183,183,331,337,173,187,233,235
U2516,VSH123,254,270,128,128,163,171,203,217,179,187,0,0,169,169,235,237
U2519,VSH123,256,264,120,132,165,179,195,205,0,0,327,335,169,185,235,235
U2528,VSH123,248,250,104,132,171,175,203,209,185,185,333,337,181,189,235,235
U2531,VSH123,256,268,124,132,161,163,203,205,177,193,327,339,169,183,227,233
