"","Ind","Pop","Longitude","Latitude","B114_1","B114_2","B159__1","B159_2","WGA_1","WGA_2","A5_1","A5_2","B121_1","B121_2","B147_1","B147_2","B249_1","B249_2","B264_1","B264_2"
"1","C3984","31",-66.008133,46.5847,248,258,126,130,165,177,205,209,177,181,335,341,181,181,221,239
"2","C3985","31",-66.169433,46.54515,260,280,104,124,165,177,203,219,177,183,327,335,189,189,235,239
"4","C4231","31",-66.00969,46.58398,276,276,116,122,159,167,205,211,177,183,333,335,183,185,231,239
"5","C4344","31",-66.21698,46.52758,248,248,120,128,165,175,203,213,183,187,327,327,187,189,235,239
"6","C4347","31",-66.21658,46.52859,276,276,122,128,159,175,205,219,177,181,0,0,187,189,227,237
"11","C4355","31",-66.02469,46.5824,248,254,120,128,163,163,205,207,177,177,0,0,185,191,221,237
"27","C4429","31",-65.8899,46.60793,248,254,128,132,163,165,203,207,177,183,333,339,185,191,237,239
"30","C4432","31",-65.89039,46.6082,254,254,132,136,159,163,203,203,177,187,333,333,183,191,239,239
"34","C4436","31",-66.16756,46.54517,248,248,122,128,155,163,219,219,177,177,333,333,181,189,227,235
"47","C4450","31",-66.16978,46.54542,254,258,104,128,163,173,205,207,177,183,333,337,169,181,235,239
"49","C4531","31",-65.88141,46.61545,248,260,104,128,155,161,203,203,177,183,337,343,179,187,237,237
"50","C1615","31",-66.0242642,46.5798023,248,250,130,130,163,171,207,207,177,187,333,333,181,185,235,235
"51","C1616","31",-66.0255204,46.5806991,248,270,115,128,161,161,203,211,171,177,333,333,185,187,235,237
"53","C1618","31",-66.0260447,46.5801817,248,248,124,132,163,175,205,217,177,181,333,339,185,189,235,237
"54","C1619","31",-66.0257488,46.580579,248,248,130,132,163,165,203,207,183,193,333,339,189,191,221,239
"55","C1620","31",-66.0252398,46.5808178,248,250,128,132,159,163,203,217,0,0,339,339,185,189,221,237
"56","C1621","31",-66.0239152,46.5811703,250,254,115,130,165,171,211,211,177,177,327,333,183,183,239,241
"58","C1623","31",-66.0232172,46.5815211,248,248,104,128,163,165,199,219,177,187,327,331,179,191,221,227
"60","C1625","31",-66.0246294,46.5809999,248,250,128,132,159,171,207,207,183,183,327,333,189,189,221,235
"65","C1633","31",-66.026569,46.5820493,250,254,128,128,165,165,205,211,177,183,333,333,169,189,237,239
"73","C1641","31",-66.026902,46.58312,282,290,128,132,165,177,203,205,185,187,333,341,187,187,221,221
"87","C3202","31",-66.22345,46.52545,264,276,124,130,163,163,207,207,170,177,333,341,189,189,221,227
"88","C3248","31",-66.22122,46.52693,248,276,130,174,175,177,203,207,170,179,333,333,183,185,221,235
"90","C3304","31",-66.22307,46.52577,0,0,104,128,155,0,209,213,183,183,339,339,181,189,221,221
"93","C3333","31",-66.21975,46.52648,276,276,120,128,161,175,203,207,177,183,333,339,169,191,227,235
"94","C3339","31",-66.221,46.52593,0,0,120,128,0,0,201,219,177,193,333,339,169,191,239,239
"95","C3346","31",-66.21865,46.52722,248,276,120,122,155,165,203,207,179,193,339,341,181,191,221,239
"96","C3349","31",-66.221,46.52723,248,276,120,124,155,177,203,207,185,187,333,339,191,191,235,239
"98","C3367","31",-66.21833,46.52697,282,282,104,122,163,175,0,0,170,181,327,327,189,191,227,239
"100","C3374","31",-66.22652,46.5248,248,248,122,122,165,177,201,205,183,193,333,341,191,191,221,237
"103","C3405","31",-66.21907,46.52663,282,282,104,122,165,177,205,209,183,185,327,333,169,183,235,235
"105","C1692","151",-78.5228007,44.6061659,252,254,104,140,165,167,203,207,171,179,335,341,183,189,221,235
"106","C1693","151",-78.5243996,44.6059035,254,256,104,130,171,179,209,209,177,177,333,333,191,191,221,235
"107","C1694","151",-78.5243943,44.6060295,248,290,104,130,165,169,207,209,179,183,333,333,183,191,221,221
"109","C1698","151",-78.5262107,44.6050966,248,258,124,128,163,183,199,211,171,179,333,333,183,191,229,235
"110","C1699","151",-78.5307984,44.6065643,256,282,128,128,165,175,209,213,171,177,331,337,169,183,227,227
"111","C1700","151",-78.5329318,44.6052871,248,256,128,130,159,171,203,207,177,177,331,333,183,187,221,235
"112","C1701","151",-78.5257843,44.603863,252,270,122,124,161,171,205,207,171,177,327,337,181,193,221,237
"113","C1702","151",-78.5248344,44.6030862,252,260,104,128,161,175,199,209,171,189,333,341,183,193,221,229
"114","C1703","151",-78.5243469,44.6021034,248,256,124,128,163,163,205,207,177,185,335,337,183,193,235,235
"115","C1704","151",-78.5243675,44.6019148,256,286,124,130,163,163,203,205,169,179,333,335,183,191,235,237
"116","C1705","151",-78.526917,44.6033024,248,260,104,104,155,167,209,211,177,185,331,335,187,191,235,235
"117","C1706","151",-78.5268937,44.603851,248,254,122,124,165,171,207,207,171,191,327,337,187,187,221,227
"118","C1707","151",-78.5269692,44.6041498,250,252,122,128,165,177,199,207,177,177,333,339,183,183,221,235
"119","C1708","151",-78.5249716,44.6048987,254,258,120,132,165,169,209,211,171,185,333,333,181,191,229,243
"121","C1710","151",-78.5240128,44.605517,252,258,124,132,159,161,203,207,171,189,333,339,181,185,229,235
"122","C1712","151",-78.5229961,44.6048288,248,260,104,134,161,179,205,207,179,189,331,339,169,169,235,235
"123","C1714","151",-78.5218979,44.6039857,256,260,128,132,163,171,205,209,183,189,335,337,169,183,221,221
"124","C1715","151",-78.5223125,44.604904,248,252,128,130,155,167,213,217,171,185,333,337,169,189,227,235
"125","C1717","151",-78.5221118,44.6048816,252,256,128,130,155,161,203,203,183,185,333,333,191,191,221,235
"126","C1718","151",-78.5223635,44.6054813,0,0,0,0,155,167,203,217,173,187,333,333,169,191,235,237
"127","C1719","151",-78.5220366,44.6054652,248,276,104,130,159,169,203,209,177,179,331,333,173,183,221,235
"128","C1720","151",-78.5218496,44.6054161,248,258,130,134,159,179,205,209,177,179,331,339,169,183,221,235
"129","C1656","170",-77.0865895,45.3966815,254,268,124,124,165,171,207,207,177,177,337,337,169,183,229,235
"130","C1657","170",-77.0863352,45.3967132,268,276,104,104,163,175,0,0,171,189,335,337,169,183,227,235
"131","C1658","170",-77.0868288,45.3965871,266,268,104,124,173,173,199,207,171,177,333,333,183,183,235,235
"132","C1659","170",-77.087019,45.3965476,252,262,104,124,161,175,203,215,177,179,335,339,169,169,235,241
"133","C1661","170",-77.0878786,45.3962979,248,266,104,128,165,177,203,207,177,189,333,337,169,169,229,251
"137","C1665","170",-77.0851977,45.3932324,274,276,120,122,165,173,207,211,171,179,333,337,169,169,221,235
"138","C1667","170",-77.0859649,45.3935964,260,260,124,130,171,173,0,0,179,189,331,337,187,191,233,235
"140","C1674","170",-77.0838528,45.393833,248,280,0,0,0,0,203,217,191,193,339,341,169,185,235,235
"144","C1682","170",-77.0834016,45.3926801,248,254,128,130,155,165,207,211,189,191,333,335,183,183,223,227
"146","C1685","170",-77.0667948,45.3920188,274,276,128,130,161,165,203,217,173,191,333,337,169,183,227,229
"149","C4543","568",-67.76541,46.80829,248,254,122,122,167,179,207,207,177,183,335,341,183,191,221,239
"151","C4545","568",-67.71828,46.81424,248,280,0,0,163,179,217,217,177,189,329,335,179,181,239,239
"156","C4551","568",-67.71926,46.8078,248,248,0,0,161,165,211,217,179,179,341,341,183,189,237,237
"158","C4490","568",-67.48239,46.79328,280,280,104,130,171,179,203,211,177,187,337,341,172,181,223,239
"159","C4491","568",-67.42652,46.85066,256,256,104,120,163,163,203,211,177,179,337,341,169,185,221,235
"162","C4494","568",-67.48274,46.79346,276,276,104,120,163,179,205,211,177,177,335,341,181,183,235,239
"165","C4497","568",-67.48536,46.79283,258,276,124,128,177,177,217,217,183,187,341,343,183,191,221,235
"169","C4501","568",-67.43448,46.8676,248,254,136,136,163,179,205,205,177,179,335,339,181,181,221,229
"170","C4502","568",-67.43421,46.86742,248,264,104,136,163,165,203,203,177,183,333,333,181,185,221,237
"171","C4503","568",-67.46809,46.81286,248,272,122,132,179,179,209,209,177,189,337,341,169,183,235,239
"172","C4504","568",-67.51776,46.7825,254,276,124,126,163,165,209,209,175,175,333,343,169,191,223,239
"175","C4470","568",-67.74347,46.5911,264,282,128,134,177,179,205,211,171,179,333,335,169,179,221,235
"179","C4474","568",-67.74245,46.58837,248,248,104,122,163,179,211,211,171,179,335,343,169,183,223,237
"184","C4479","568",-67.74587,46.58565,278,278,124,128,155,175,211,211,177,177,341,341,169,187,221,239
"187","C4482","568",-67.74605,46.58723,276,276,130,136,165,171,207,207,171,177,343,345,181,183,227,239
"190","C4485","568",-67.74468,46.58895,276,282,104,122,165,179,207,207,171,179,335,335,185,187,221,235
"194","C4505","568",-67.69682,46.76226,248,248,122,124,163,179,201,205,181,187,335,339,169,183,235,239
"196","C4507","568",-67.69671,46.76189,248,258,122,134,155,167,205,205,177,183,335,335,191,191,237,237
"205","C4542","568",-67.72968,46.779342,246,248,104,104,167,171,205,205,181,185,337,343,183,191,235,239
"209","C4555","568",-67.7196,46.67613,248,280,0,0,161,163,211,211,177,187,333,333,185,189,227,227
"236","C4693","568",-67.70884,46.7767,264,282,122,124,155,159,203,211,177,177,333,341,187,189,237,237
"237","C4696","568",-67.69806,46.76454,248,280,104,128,155,179,201,205,177,193,333,337,187,189,235,237
"239","C3179","568",-67.74717,46.5919,248,280,104,130,163,163,207,207,179,183,339,339,191,191,239,239
"241","C3188","568",-67.74478,46.5877,248,254,120,130,163,177,205,207,177,183,335,341,169,191,221,235
"244","C3193","568",-67.74605,46.58963,276,282,104,134,175,177,207,211,170,179,333,339,185,185,227,235
"246","C3232","568",-67.7447,46.58927,254,276,104,158,163,163,203,217,177,181,335,341,169,185,221,239
"247","C3236","568",-67.74492,46.59042,280,282,122,130,159,163,203,205,183,185,333,341,183,191,239,239
"249","C3250","568",-67.74435,46.58935,248,282,124,136,177,177,205,211,181,181,333,339,169,191,235,239
"251","C3252","568",-67.74463,46.58732,248,254,104,136,163,175,203,207,177,185,333,341,187,187,235,235
"252","C3253","568",-67.74478,46.58915,248,258,128,130,163,177,201,211,177,183,333,335,183,187,221,239
"254","C3277","568",-67.74417,46.58888,248,282,120,128,171,175,207,211,177,179,333,339,187,191,221,237
"255","C3315","568",-67.74428,46.59058,248,256,104,136,165,165,211,211,183,189,341,343,169,191,235,237
"261","C3288","568",-67.74478,46.5877,276,282,124,128,163,179,203,207,170,177,333,333,183,189,227,227
"262","C3293","568",-67.74605,46.58963,264,282,104,122,165,165,203,209,179,187,327,333,169,169,221,227
"263","C4018","1014",-65.557611,45.707194,276,276,122,128,163,163,203,205,170,185,335,343,187,187,239,239
"264","C3980","1014",-66.169338,45.438321,272,280,104,128,159,179,203,203,177,177,335,341,187,191,221,235
"265","C3987","1014",-66.173779,45.441761,260,272,104,128,163,177,205,217,177,183,335,341,179,189,221,235
"266","C3988","1014",-66.122472,45.633334,248,260,124,130,175,175,203,205,177,183,341,341,181,189,221,221
"267","C3989","1014",-66.122858,45.633238,280,280,122,122,165,171,197,203,183,183,333,341,177,187,210,210
"269","C4011","1014",-65.39142,45.773113,248,254,104,130,177,177,203,203,170,177,339,345,181,181,221,221
"270","C4017","1014",-65.35059,45.95345,248,258,104,124,163,179,203,203,177,177,341,343,169,187,239,239
"271","C4296","1014",-65.8775,45.56496,248,248,122,136,163,173,203,211,170,177,333,333,183,187,221,235
"275","C4301","1014",-65.86193,45.64833,254,254,104,104,167,167,209,209,177,177,333,339,169,183,221,223
"279","C4305","1014",-65.81559,45.6669,248,254,104,104,165,171,203,215,177,179,0,0,169,181,219,221
"281","C4453","1014",-65.47487,45.71189,254,254,104,130,165,175,203,203,177,187,333,339,183,187,221,239
"283","C4455","1014",-65.47464,45.7115,0,0,122,124,165,165,203,203,170,187,327,333,183,187,221,227
"297","C4783","1014",-65.3239,46.01134,276,280,124,130,155,165,194,203,177,181,341,343,169,187,227,243
"298","C4786","1014",-65.32406,46.01204,248,280,104,130,167,179,203,207,177,183,333,333,185,187,235,239
"300","C4891","1014",-65.31928,46.01513,274,276,128,130,177,181,203,203,177,181,339,339,189,191,223,235
"301","C4892","1014",-65.31964,46.01468,248,280,104,122,167,167,203,207,179,183,343,343,189,191,221,223
"302","C4893","1014",-65.31942,46.01396,274,276,122,130,171,171,203,207,177,181,333,341,187,189,223,223
"307","C4898","1014",-65.31878,46.01289,254,276,104,122,163,171,194,207,177,183,333,339,185,189,223,239
"310","C4901","1014",-65.32207,46.01352,272,276,104,104,163,181,203,207,177,179,333,341,185,185,239,239
"317","C3271","1014",-66.12552,45.46955,260,280,120,128,165,167,217,219,177,183,327,329,183,185,239,239
"318","C3272","1014",-66.12552,45.46955,276,280,128,128,167,177,209,217,170,177,329,333,169,169,221,235
"319","C3276","1014",-66.12552,45.46955,258,282,104,104,167,175,207,209,181,185,329,339,169,191,221,227
"320","C3280","1014",-66.12552,45.46955,258,276,124,130,163,163,205,217,183,189,0,0,183,189,235,239
"323","C3306","1014",-66.12552,45.46955,260,276,128,128,165,175,205,217,177,183,333,333,183,193,221,221
"324","C3324","1014",-66.12552,45.46955,248,248,136,136,163,163,203,205,179,189,329,337,189,189,235,239
"330","C3336","1014",-66.12552,45.46955,248,280,104,128,163,167,203,217,170,177,333,339,169,183,235,235
"335","C3409","1014",-66.12552,45.46955,248,254,130,132,161,187,205,211,177,177,0,0,181,183,221,221
"343","C3227","1014",-65.31953,46.01322,272,278,104,122,167,179,203,203,177,183,333,339,187,191,227,239
"344","C3228","1014",-65.32067,46.01323,248,256,104,122,159,177,199,211,177,183,329,341,169,181,237,237
"351","C3321","1014",-65.32025,46.01272,278,280,104,104,177,179,193,205,177,181,333,341,181,181,227,227
"355","C3237","1014",-65.90425,45.5082,248,278,106,124,161,165,203,205,177,183,327,341,185,187,227,239
"357","C3303","1014",-65.90413,45.50905,248,280,130,130,163,163,205,207,177,185,333,333,185,187,235,235
"358","C3317","1014",-65.90372,45.50978,248,248,130,132,163,171,203,205,177,183,333,333,181,187,239,239
"363","C3376","1014",-65.91717,45.50238,248,276,124,124,163,177,203,203,177,185,0,0,187,189,221,237
"366","C3401","1014",-65.90112,45.51218,258,280,104,128,175,177,203,205,177,193,333,339,181,189,235,235
"371","C3245","1014",-65.44883,45.69812,254,278,128,128,161,175,207,207,170,179,327,339,189,189,221,235
"374","C3302","1014",-65.44983,45.69878,276,276,104,124,161,163,205,207,170,177,327,333,187,189,225,227
"375","C3307","1014",-65.44868,45.69893,248,248,122,130,171,175,207,211,179,187,327,341,183,183,225,239
"376","C3310","1014",-65.4426,45.69753,256,274,120,130,163,165,203,203,170,185,339,341,185,189,225,227
"377","C3312","1014",-65.446,45.69767,254,276,128,130,165,165,207,211,177,187,339,341,0,0,231,239
"379","C3345","1014",-65.44327,45.69808,254,280,130,130,163,163,203,209,177,187,327,341,169,185,221,225
"380","C3362","1014",-65.44008,45.69513,248,274,104,128,165,167,203,207,170,177,333,333,169,189,221,227
"381","C3371","1014",-65.44152,45.69785,280,282,104,130,171,177,203,207,170,179,327,333,183,191,225,225
"382","C3372","1014",-65.44195,45.69697,248,280,122,128,163,171,203,211,177,187,333,341,183,183,221,225
"385","C3393","1014",-65.44212,45.69723,254,276,122,122,163,171,203,207,179,187,333,341,185,185,225,225
"387","C3417","1014",-65.44623,45.698,254,282,122,130,171,177,203,209,170,177,327,333,189,191,221,229
"388","C4569","7917",-67.77381,46.11324,256,256,0,0,165,175,207,211,171,179,333,343,183,191,235,235
"389","C4570","7917",-67.77499,46.11107,248,248,0,0,155,163,205,211,171,179,333,343,179,187,239,239
"390","C4571","7917",-67.7771,46.11139,254,282,0,0,163,175,211,217,177,181,333,339,169,187,237,237
"394","C4575","7917",-67.78121,46.1109,264,282,0,0,163,163,207,207,177,177,339,343,169,177,221,239
"396","C4577","7917",-67.78123,46.1098,248,280,0,0,161,163,203,217,181,183,341,341,167,177,237,239
"398","C4599","7917",-67.72555,46.2172,248,276,0,0,177,189,203,209,177,177,329,339,181,189,221,227
"407","C4608","7917",-67.67991,46.19519,248,254,0,0,165,179,203,207,171,189,333,335,169,189,221,239
"411","C4612","7917",-67.68191,46.19322,248,282,0,0,159,165,203,203,177,183,331,343,169,177,235,235
"417","C4618","7917",-67.67003,46.17844,280,280,122,132,163,179,0,0,177,187,333,333,169,183,221,237
"420","C4621","7917",-67.67352,46.19163,254,272,122,122,159,177,217,217,181,187,341,341,169,189,221,227
"421","C4622","7917",-67.73211,46.22433,248,276,104,130,179,179,203,217,185,185,327,345,169,185,239,239
"422","C4623","7917",-67.72203,46.22078,248,252,122,122,163,165,205,205,185,193,327,333,183,191,237,239
"423","C4624","7917",-67.72523,46.21958,248,278,104,124,163,179,211,219,171,183,333,341,181,185,223,237
"424","C4625","7917",-67.72469,46.21936,276,284,124,124,163,165,217,217,171,177,333,343,181,183,227,235
"426","C4627","7917",-67.72304,46.22002,254,282,104,124,163,165,203,203,171,177,335,335,185,191,227,227
"430","C4631","7917",-67.73234,46.22438,248,272,122,132,179,179,209,209,177,189,337,341,169,183,235,239
"431","C4632","7917",-67.77552,46.11082,248,254,130,130,163,165,203,211,179,179,333,343,187,187,237,237
"432","C3939","7917",-67.46129,45.89572,276,276,122,128,161,167,203,209,183,183,333,341,181,187,235,235
"433","C3940","7917",-67.46123,45.89587,264,264,122,128,161,161,203,209,177,181,331,341,187,187,237,237
"434","C3945","7917",-67.2463,45.96757,248,248,130,130,163,163,203,205,177,179,335,341,181,185,223,239
"438","C3949","7917",-67.24504,45.96681,256,256,120,128,163,177,203,205,177,177,335,335,169,193,221,235
"442","C4522","7917",-67.62744,45.90804,282,282,124,124,155,179,205,209,183,187,333,341,185,185,221,227
"447","C4566","7917",-67.76341,46.11412,256,278,0,0,163,167,211,211,193,193,341,343,169,183,237,239
"456","C3182","7917",-67.53717,46.02178,260,276,104,130,163,177,205,217,177,177,327,339,183,187,221,221
"457","C3189","7917",-67.53753,46.02133,248,276,120,130,163,171,207,211,177,183,335,339,169,187,221,221
"458","C3191","7917",-67.53795,46.02135,254,276,104,122,163,175,211,211,177,179,339,339,191,191,0,0
"459","C3196","7917",-67.537,46.02148,268,280,120,128,177,177,207,211,181,183,333,341,169,183,221,221
"460","C3208","7917",-67.5386,46.02123,254,272,104,104,161,175,203,203,177,183,335,341,169,185,235,235
"462","C3211","7917",-67.5381,46.02108,248,276,104,120,161,175,207,213,177,183,339,341,181,183,223,239
"463","C3212","7917",-67.53848,46.02138,254,276,104,136,161,171,209,215,177,183,331,339,173,185,235,239
"464","C3213","7917",-67.53757,46.02157,254,280,104,124,171,177,203,207,181,183,333,339,183,189,235,243
"465","C3215","7917",-67.53838,46.02135,262,278,122,130,179,179,207,207,177,181,333,333,187,189,223,227
"466","C3217","7917",-67.54932,46.03568,248,276,124,130,177,177,203,207,181,191,329,333,169,183,221,239
"467","C3225","7917",-67.52642,46.01485,248,278,134,136,155,177,0,0,177,183,339,339,169,187,235,239
"470","C3238","7917",-67.53713,46.02145,248,248,104,124,0,0,203,207,177,183,335,341,187,189,221,227
"471","C3239","7917",-67.53717,46.0215,248,254,136,158,155,163,203,211,183,187,333,339,185,191,221,221
"472","C3269","7917",-67.54913,46.03562,272,278,122,128,163,171,203,217,181,183,0,0,169,191,237,237
"473","C3273","7917",-67.54937,46.0357,272,282,124,128,171,175,203,207,177,183,339,341,169,181,221,221
"474","C3274","7917",-67.5386,46.0213,246,252,104,134,161,163,203,207,177,183,333,341,169,187,239,239
"475","C3354","7917",-67.53852,46.02127,256,276,104,124,163,175,207,211,177,179,333,341,189,189,221,221
"476","C3361","7917",-67.52622,46.0147,254,256,122,122,161,161,207,211,177,183,333,339,181,189,235,239
"477","C3289","7917",-67.53753,46.02133,280,282,104,104,163,171,203,203,170,183,333,333,187,187,221,221
"478","C3169","7917",-67.74898,45.8021,254,278,128,128,177,177,207,209,170,177,333,341,181,187,221,237
"480","C3178","7917",-67.74873,45.80197,254,282,128,132,161,161,203,207,177,187,327,341,187,189,221,221
"481","C3199","7917",-67.7484,45.802,272,282,122,124,163,175,0,0,170,177,333,341,185,191,221,235
"497","C4707","125147",-79.47819718,44.0705543,248,278,122,136,161,171,207,217,177,177,331,337,193,193,223,237
"498","C4747","125147",-79.31148647,44.0390229,260,260,128,132,161,163,203,209,183,187,333,335,169,187,225,235
"499","C4772","125147",-79.38496721,44.07691795,248,280,122,128,155,161,207,211,171,181,333,341,183,187,221,237
"500","C4781","125147",-79.43645969,44.59367138,250,250,116,128,163,185,209,219,181,183,331,337,169,183,221,235
"501","C4782","125147",-79.62593849,44.39923821,254,254,120,124,155,165,207,207,185,185,333,333,181,181,235,237
"502","C4787","125147",-79.5355593,44.25073716,272,286,104,124,163,163,205,209,171,181,335,335,169,187,235,237
"503","C4790","125147",-79.5355593,44.25073716,260,274,128,130,155,179,201,203,187,189,333,337,183,183,221,227
"504","C4803","125147",-79.47133638,43.9756033,248,276,122,124,155,171,207,209,181,185,333,333,187,191,221,235
"505","C4813","125147",-79.51345962,44.03422207,252,260,104,104,161,179,199,211,177,185,333,341,169,187,221,239
"506","C4837","125147",-79.55735586,44.54190461,248,252,128,150,161,163,207,211,177,179,333,333,187,189,235,235
"507","C4838","125147",-79.56742198,44.5395106,248,272,120,124,161,167,199,207,177,183,331,335,169,191,227,235
"508","C4843","125147",-79.48722082,44.11924672,252,260,104,130,155,175,197,207,170,195,333,337,187,193,221,227
"509","C4857","125147",-79.36040365,44.58633884,272,276,104,120,155,165,203,205,170,187,333,335,169,169,221,237
"510","C4828","125147",-79.66213241,44.6371307,248,276,128,136,159,175,207,209,177,191,333,333,169,183,221,225
"511","C4835","125147",-79.62641067,44.53451874,248,272,104,124,163,171,203,211,179,187,335,343,181,187,221,221
"512","C4836","125147",-79.6115833,44.54937378,248,248,104,136,165,175,0,0,171,185,329,339,169,191,221,235
"513","C4842","125147",-79.66835945,44.58039765,252,270,120,134,163,163,197,203,171,177,333,343,187,193,227,227
"514","C4863","125147",-79.48852935,44.60105236,258,258,146,150,0,0,205,207,181,185,337,339,183,183,235,237
"515","C4744","125147",-79.10008076,43.91724483,270,278,120,128,161,169,207,209,179,193,333,339,169,169,227,227
"516","C4745","125147",-79.03330964,43.94705048,248,270,120,128,165,171,205,211,171,185,339,339,169,183,221,229
"517","C4768","125147",-79.12191928,43.88344678,248,270,122,128,161,165,207,211,179,189,331,335,185,185,235,235
"518","C4769","125147",-79.11804773,43.89372808,248,272,104,124,159,165,203,207,171,185,335,337,169,189,221,227
"519","C4771","125147",-79.26919204,44.00890396,248,276,124,130,159,167,199,207,185,185,333,335,183,187,235,235
"520","C4784","125147",-79.1220092,43.88335822,248,254,128,136,171,179,205,207,187,187,333,335,181,183,235,235
"521","C4785","125147",-79.12194812,43.88332121,254,276,132,136,163,165,199,207,187,191,333,341,173,183,221,235
"522","C4795","125147",-78.92349399,43.90782381,256,264,104,130,165,185,219,219,183,185,329,331,167,167,221,235
"523","C4796","125147",-79.31101476,43.90964601,256,276,124,130,161,161,199,203,171,189,331,333,169,187,235,237
"524","C4797","125147",-79.31101476,43.90964601,256,276,124,128,165,177,199,209,171,189,331,337,169,187,221,237
"525","C4800","125147",-79.11027342,43.89901083,252,254,104,124,159,173,199,207,181,193,335,335,179,197,221,235
"526","C4801","125147",-79.12536348,43.90261775,248,264,128,128,163,163,211,217,171,177,341,343,169,183,227,227
"527","C4802","125147",-79.12370028,43.90363485,248,256,122,128,163,177,205,207,171,187,333,343,181,183,221,235
"528","C4804","125147",-79.52481132,43.89895733,256,274,104,104,163,163,211,211,179,189,333,343,187,191,235,235
"530","C4806","125147",-79.51682335,43.93481398,262,262,122,134,159,159,207,217,171,171,331,333,169,181,235,235
"531","C4850","125147",-79.19501845,43.84747654,256,270,104,130,167,181,211,217,170,183,331,341,169,187,221,229
"532","C4748","126147",-79.99760478,44.21683336,254,262,124,128,163,175,207,209,187,187,337,339,167,167,227,227
"533","C4753","126147",-79.99758422,44.21140429,256,260,120,128,165,165,199,199,185,187,327,341,169,169,235,237
"534","C4754","126147",-79.99766268,44.2097304,248,252,122,128,163,163,203,205,171,189,337,341,169,189,235,237
"535","C4760","126147",-80.18270251,44.27838531,256,276,104,104,163,187,205,205,185,187,333,333,187,189,235,237
"536","C4761","126147",-80.24932118,44.40611723,248,262,130,132,159,171,199,207,177,183,333,343,169,191,237,237
"537","C4762","126147",-80.19230551,44.29456904,268,268,104,104,165,165,203,207,171,187,335,335,183,187,235,235
"538","C4791","126147",-80.01063824,44.26156632,248,248,104,124,167,167,207,217,171,179,335,343,169,183,235,245
"539","C4810","126147",-80.03877112,44.21879875,252,272,122,136,165,175,199,207,177,189,327,333,185,187,235,237
"540","C4812","126147",-80.27188675,44.42960766,248,262,130,130,167,167,203,207,183,187,333,333,169,187,235,235
"541","C4816","126147",-79.99193488,43.99475317,248,260,104,116,163,179,207,207,171,181,333,335,183,187,237,237
"542","C4821","126147",-80.20816941,44.33879475,248,262,104,120,165,171,205,207,177,177,337,341,183,187,225,225
"544","C4866","126147",-80.27619625,44.42858172,254,262,130,130,159,165,207,209,181,183,331,333,169,169,227,227
"545","C1722","126147",-80.2638593,44.406518,256,262,124,130,155,163,205,207,177,177,333,339,169,187,227,235
"546","C1724","126147",-80.2620054,44.4081265,248,252,104,124,165,167,207,207,171,187,339,343,187,189,221,235
"547","C1725","126147",-80.2620182,44.4081086,248,276,122,124,167,171,207,209,169,187,333,339,169,187,227,227
"548","C1726","126147",-80.2621315,44.4080913,248,252,120,128,165,167,207,209,171,187,329,335,187,189,231,231
"550","C1728","126147",-80.2619041,44.4081979,248,254,104,124,155,167,207,209,187,187,329,335,169,187,221,235
"551","C1731","126147",-80.2613993,44.4083837,260,262,120,122,161,165,203,205,171,177,327,337,183,187,227,227
"552","C1733","126147",-80.2607591,44.4093608,252,262,130,130,163,171,207,215,177,183,0,0,177,183,221,235
"554","C1735","126147",-80.2605197,44.4094223,252,284,115,130,161,167,199,209,171,179,333,341,169,187,221,221
"555","C1738","126147",-80.2617352,44.4096372,268,276,106,130,161,161,203,207,171,183,333,343,183,183,235,241
"557","C1740","126147",-80.2592039,44.4091887,248,248,122,122,171,171,207,213,171,177,333,341,181,183,0,0
"558","C1741","126147",-80.259256,44.409036,248,258,128,128,155,167,203,209,183,183,333,341,169,169,221,221
"559","C1742","126147",-80.2453954,44.3988801,276,280,122,130,163,173,201,211,181,185,333,339,183,187,223,235
"560","C1743","126147",-80.2454586,44.3988445,260,272,104,120,163,163,203,211,187,189,333,339,183,191,221,223
"561","C1745","126147",-80.2458144,44.399495,252,258,128,130,165,171,203,203,171,171,331,337,169,177,227,239
"562","C1746","126147",-80.2452011,44.3993379,248,260,128,130,163,165,203,211,177,189,333,339,183,187,223,227
"563","C1747","126147",-80.2445025,44.3989822,254,272,128,136,163,165,203,207,169,187,327,335,169,187,221,227
"564","C4742","126147",-79.74743543,43.40849548,248,256,104,130,163,175,203,207,171,179,333,341,169,191,235,235
"566","C4752","126147",-79.97113998,43.20546921,248,254,128,136,155,163,203,209,181,187,339,343,189,189,221,227
"567","C4792","126147",-79.89117321,43.24505376,248,250,119,122,155,171,211,211,181,183,333,333,183,187,227,235
"568","C4793","126147",-79.89070996,43.24478814,250,254,104,124,159,171,211,211,179,181,331,341,181,193,227,235
"570","C4814","126147",-79.8782074,43.42304455,252,276,122,136,155,163,203,211,177,185,331,335,169,179,221,221
"571","C4815","126147",-79.89308186,43.41893947,256,272,104,116,155,163,203,209,179,185,333,343,169,187,221,237
"573","C4818","126147",-79.89117534,43.24507179,248,248,104,130,159,163,207,209,177,177,339,339,169,183,227,235
"574","C4819","126147",-79.89266101,43.2445189,248,254,104,128,171,171,203,211,171,183,333,337,181,189,227,227
"575","C4826","126147",-79.92898935,43.77108846,258,272,104,124,161,171,205,207,171,179,333,337,183,191,235,235
"577","C4830","126147",-79.89100219,43.24429572,248,256,104,120,155,163,203,211,171,179,327,331,169,183,235,235
"578","C4831","126147",-79.8869725,43.245076,250,276,122,130,163,175,205,217,181,183,337,341,169,181,223,235
"579","C4832","126147",-79.89037471,43.24357827,250,260,104,124,163,171,207,207,183,189,335,341,169,172,235,235
"580","C4858","126147",-79.9101369,43.47629856,248,248,120,124,163,179,205,209,168,177,335,335,183,193,237,237
"581","C4757","126147",-80.01076233,43.93495433,260,272,104,130,163,181,207,219,177,177,339,339,183,187,221,229
"582","C4770","126147",-79.96523778,43.95642971,248,276,116,120,155,167,199,207,170,170,333,335,187,187,221,239
"583","C4808","126147",-79.92179422,43.91962667,256,276,128,130,159,181,207,221,183,185,333,335,172,187,223,237
"585","C4820","126147",-79.95011389,43.94329064,262,274,124,124,163,163,207,217,177,181,327,327,169,183,221,223
"586","C4824","126147",-79.9097247,43.91074265,248,260,104,120,163,183,205,207,171,171,335,341,169,187,235,235
"587","C4706","171188",-76.37702413,45.11617148,252,272,104,120,163,171,203,211,171,185,333,337,187,187,221,235
"588","C4708","171188",-75.83995332,45.29375657,258,280,104,128,161,175,203,211,177,177,333,341,167,181,235,239
"589","C4709","171188",-75.92347576,45.27891641,248,254,130,132,165,179,207,209,171,189,333,333,181,183,235,235
"590","C4714","171188",-76.08621699,45.14720434,256,262,122,122,163,163,211,211,179,181,335,337,181,191,237,237
"591","C4722","171188",-75.78849281,45.35713338,248,260,104,130,163,163,199,203,171,177,337,341,183,183,235,235
"592","C4726","171188",-75.94849913,45.41467734,272,272,124,124,161,163,205,211,187,187,333,339,183,185,221,221
"593","C4733","171188",-75.93459065,45.34237621,248,256,124,130,175,175,207,211,177,193,331,333,181,193,235,235
"594","C4734","171188",-76.49107657,45.00961571,256,272,122,122,155,159,207,207,171,187,333,341,169,191,229,235
"595","C4737","171188",-75.92020752,45.28023001,254,258,124,130,159,165,211,211,179,189,335,337,183,191,221,235
"598","C4882","171188",-75.93164141,45.34155417,248,284,124,124,161,161,207,209,177,187,327,327,191,193,221,235
"599","C4883","171188",-75.78792824,45.35601211,258,258,128,130,163,165,203,203,187,193,331,335,189,191,235,235
"600","C4702","171188",-75.66162342,45.05074094,248,278,106,120,159,159,203,209,177,187,333,337,169,185,229,235
"601","C4703","171188",-75.71606299,45.19697879,248,248,104,130,161,179,207,211,177,177,327,331,177,183,221,237
"602","C4723","171188",-75.83389357,44.78405235,254,266,128,130,161,175,211,211,187,193,333,337,169,183,235,235
"603","C4727","171188",-75.86220774,44.68202564,254,260,124,128,155,165,203,207,171,171,335,337,189,191,227,227
"604","C4732","171188",-75.8623339,44.68202469,260,268,128,128,155,161,203,209,171,185,333,335,187,191,221,239
"605","C4735","171188",-75.86196207,44.68247761,256,256,122,128,161,167,207,209,171,177,333,335,191,197,221,221
"606","C4736","171188",-75.64864662,45.26730573,248,278,122,132,179,179,203,207,183,185,333,335,169,191,221,221
"607","C4746","171188",-75.73908993,45.2605182,252,280,104,124,179,179,199,211,171,185,335,339,191,191,235,237
"608","C4777","171188",-75.68052885,45.44847076,272,274,128,130,161,167,201,207,179,181,333,337,183,183,215,221
"609","C4846","171188",-76.24268815,44.7682094,258,280,128,130,163,165,197,211,177,183,335,341,185,189,229,239
"610","C4847","171188",-76.0799642,44.72291725,248,252,130,130,161,161,207,211,171,179,335,341,169,183,223,227
"611","C4884","171188",-75.65992845,45.40029986,260,278,104,126,161,173,209,211,171,185,335,335,169,181,235,235
"612","C4701","171188",-75.54946212,45.0079916,252,272,122,124,155,181,207,209,185,187,335,335,169,169,221,235
"613","C4705","171188",-75.44020805,45.25810961,248,252,104,122,161,165,213,217,181,185,333,341,169,187,221,221
"614","C4711","171188",-74.99104377,45.47752823,248,254,124,128,171,171,199,207,171,179,337,341,167,183,221,239
"615","C4713","171188",-74.61182669,45.54977809,278,278,104,104,163,171,205,207,181,193,327,333,183,183,221,235
"616","C4716","171188",-75.38013952,44.83822696,256,256,104,124,165,171,207,211,177,185,333,333,183,183,221,221
"617","C4717","171188",-75.49989121,45.06281569,248,258,122,122,159,159,203,205,177,185,335,339,183,183,227,237
"618","C4719","171188",-75.29913656,44.9744802,248,256,128,130,163,181,201,211,179,187,337,339,191,193,221,229
"619","C4721","171188",-75.53305939,45.01810647,248,272,122,128,155,163,203,211,179,183,333,339,179,181,235,235
"620","C4729","171188",-75.55312831,45.2958929,246,248,104,128,161,181,203,211,171,171,333,333,189,191,221,235
"621","C4730","171188",-74.89517401,45.2214814,254,238,128,130,163,165,203,203,177,185,341,341,183,187,221,237
"622","C4763","171188",-75.57449071,44.9728959,248,272,124,130,159,167,203,207,177,183,331,333,169,187,235,235
"623","C4773","171188",-75.56429271,44.96754556,248,248,122,124,159,163,211,211,185,185,333,333,189,189,227,239
"624","C4861","171188",-75.38454829,44.84099388,248,280,120,130,161,165,205,211,177,183,331,333,169,183,229,229
"625","C4890","171188",-74.45861567,45.42330945,248,248,104,144,163,179,207,217,185,193,333,337,169,169,235,237
"627","C4724","171188",-75.90493036,44.57312494,248,262,120,124,167,179,209,211,185,185,341,345,183,187,227,237
"628","C4738","171188",-76.13029846,44.53663678,254,272,128,130,155,165,203,207,177,187,333,333,181,183,227,235
"629","C4739","171188",-75.70478233,44.61644236,248,274,124,124,155,155,207,217,171,177,339,339,169,183,227,235
"632","C4844","171188",-76.02606367,44.50848827,256,274,130,130,159,167,207,209,177,179,333,341,181,189,235,235
"633","C4845","171188",-76.0265423,44.50851998,254,258,120,130,163,171,203,209,183,185,331,333,183,193,235,237
"634","C4680","171188",-74.458859,45.037651,272,280,120,124,167,171,205,205,171,185,333,341,169,191,237,237
"635","C4681","171188",-74.455706,45.041008,276,276,128,130,175,175,217,217,177,185,333,341,169,183,235,235
"636","C4682","171188",-74.455007,45.040403,250,250,128,136,155,167,207,217,187,187,333,333,183,191,221,239
"638","C4685","171188",-74.459549,45.036437,248,256,120,120,163,183,203,203,171,187,333,333,169,183,235,237
"641","C4712","171188",-75.05832275,44.95902259,248,272,104,132,159,159,205,207,173,183,327,333,169,191,235,237
"642","C4715","171188",-75.27344316,44.87048992,248,256,104,124,161,165,203,205,187,193,329,333,183,191,235,235
"643","C4725","171188",-74.88881215,45.21805479,274,274,124,132,161,163,199,209,179,189,333,333,169,169,221,235
"644","C4728","171188",-75.18315988,44.90753401,248,252,122,128,157,179,203,209,185,193,333,333,169,183,227,227
"646","C4799","171188",-74.74346727,45.08723335,248,286,104,122,163,167,203,211,177,179,333,339,181,183,221,221
"647","C4889","171188",-74.51961231,45.34045502,248,268,104,130,175,179,207,207,177,189,343,343,169,187,0,0
"648","C4151","9101113a",-66.49139,45.85282,248,248,122,130,163,179,203,211,177,187,341,341,183,189,221,239
"649","C4152","9101113a",-66.49198,45.85253,248,248,122,130,159,163,203,209,183,187,333,343,183,191,221,239
"650","C4153","9101113a",-66.4926,45.85251,248,256,104,122,163,177,207,207,181,187,333,343,183,191,239,239
"651","C4154","9101113a",-66.49263,45.85255,248,280,120,120,163,179,205,205,183,187,0,0,169,183,221,239
"652","C4155","9101113a",-66.49258,45.85262,248,280,128,128,159,163,203,209,183,183,333,341,187,191,235,239
"654","C4157","9101113a",-66.49394,45.85294,248,248,128,128,163,175,201,201,179,183,333,333,181,181,221,227
"656","C4159","9101113a",-66.49464,45.85323,248,276,104,122,159,165,203,209,177,183,333,341,183,191,221,239
"658","C4161","9101113a",-66.49532,45.85361,248,258,104,122,157,163,205,205,177,187,0,0,189,189,237,237
"660","C4163","9101113a",-66.49554,45.85373,248,276,122,122,159,179,205,205,183,187,335,343,181,191,221,239
"662","C4165","9101113a",-66.50516,45.86591,276,282,130,136,171,171,203,211,175,187,327,331,175,175,235,239
"663","C4248","9101113a",-66.53136,45.78881,0,0,130,130,163,177,203,205,183,183,327,339,181,181,221,229
"665","C4371","9101113a",-66.53119,45.78853,258,258,122,122,177,177,203,207,183,189,335,335,181,183,0,0
"668","C3936","9101113a",-66.42884,45.8931,276,276,104,128,159,163,203,207,177,187,335,335,181,187,235,235
"671","C3944","9101113a",-66.36237,45.8847,248,248,122,128,165,179,205,211,170,177,333,341,185,191,235,235
"675","C3954","9101113a",-66.35604,45.8932,254,272,124,128,177,177,203,205,177,183,327,343,169,181,227,237
"676","C3955","9101113a",-66.35604,45.8932,276,276,104,124,177,177,207,213,177,183,0,0,181,181,235,241
"677","C3961","9101113a",-66.298742,45.883303,278,278,104,130,163,163,203,217,177,179,335,343,183,189,239,239
"682","C3973","9101113a",-66.42385,45.89117,248,248,124,136,155,167,203,211,177,187,335,343,169,183,237,237
"686","C3977","9101113a",-66.27182,45.89287,248,254,104,124,155,179,203,209,179,181,335,343,187,191,239,239
"688","C4024","9101113a",-66.307246,45.888071,248,248,128,128,155,163,207,219,177,187,335,341,185,185,235,239
"689","C4025","9101113a",-66.307106,45.887797,248,248,104,128,159,179,209,219,187,193,335,341,169,191,237,237
"692","C4028","9101113a",-66.307648,45.888005,282,282,124,124,163,163,203,217,177,187,329,343,183,187,227,235
"697","C4033","9101113a",-66.303377,45.886851,0,0,104,130,163,175,0,0,177,179,333,333,169,169,239,239
"698","C4034","9101113a",-66.300982,45.885406,256,256,104,122,155,165,203,205,179,183,327,329,169,189,235,239
"700","C4039","9101113a",-66.493343,45.858093,248,248,122,128,163,163,205,209,170,177,333,339,169,179,237,237
"701","C4041","9101113a",-66.494987,45.859409,0,0,104,122,163,167,203,205,183,189,333,339,187,187,221,239
"702","C4042","9101113a",-66.496167,45.859494,0,0,122,130,165,165,203,205,179,189,0,0,169,189,221,239
"703","C4043","9101113a",-66.501968,45.864037,248,258,122,122,173,177,207,211,177,177,0,0,183,191,221,239
"707","C4047","9101113a",-66.493861,45.857583,274,274,122,130,163,177,203,207,183,187,339,339,169,187,221,235
"708","C4048","9101113a",-66.496083,45.859722,274,274,104,122,165,175,0,0,183,189,333,339,169,183,221,221
"716","C4059","9101113a",-66.48981,45.85624,248,276,122,128,157,163,203,211,177,177,333,339,169,189,221,239
"721","C4067","9101113a",-66.48995,45.8561,260,260,122,130,165,175,207,211,185,187,327,339,169,191,221,239
"722","C4068","9101113a",-66.49078,45.85688,0,0,104,120,159,171,207,217,170,177,327,333,183,187,221,221
"738","C4082","9101113a",-66.48364,45.85434,260,272,122,130,163,177,203,207,177,177,335,343,183,187,223,239
"739","C4083","9101113a",-66.48415,45.85434,258,276,122,132,155,163,205,211,185,187,333,341,169,183,221,237
"742","C4086","9101113a",-66.48022,45.85249,256,276,124,124,159,163,203,207,183,187,333,343,183,187,221,239
"744","C4088","9101113a",-66.48029,45.85262,248,248,124,124,175,175,207,207,0,0,333,341,169,189,227,237
"752","C4097","9101113a",-66.48503,45.85472,248,248,120,130,155,167,203,217,177,177,343,343,169,181,221,239
"754","C4099","9101113a",-66.4855,45.85455,254,254,104,124,0,0,203,203,183,183,327,333,187,187,235,235
"779","C4127","9101113a",-66.4799,45.85241,248,276,124,124,155,163,203,203,177,185,335,335,169,187,221,227
"785","C4133","9101113a",-66.48794,45.85509,264,280,104,128,177,177,205,211,177,183,333,333,185,189,221,239
"787","C4135","9101113a",-66.48776,45.85534,276,280,126,126,163,171,209,211,177,183,333,341,181,185,239,239
"796","C4144","9101113a",-66.48889,45.8527,248,248,104,122,155,159,205,205,170,187,333,333,169,183,0,0
"801","C4167","9101113a",-66.22143,46.06123,248,254,122,132,159,165,203,211,170,185,333,333,169,193,235,237
"802","C4236","9101113a",-66.36519,45.89359,248,248,124,124,159,177,205,211,179,183,333,333,183,191,235,237
"803","C4237","9101113a",-66.36536,45.89288,248,254,122,128,159,167,199,211,177,187,327,333,169,191,229,237
"804","C4238","9101113a",-66.36349,45.89005,248,256,122,128,165,175,203,217,170,183,331,339,187,189,235,241
"805","C4239","9101113a",-66.36403,45.8926,248,248,124,128,159,177,203,203,170,170,333,339,169,189,221,239
"807","C4241","9101113a",-66.36111,45.88865,248,256,122,128,159,163,203,219,179,181,339,339,183,185,221,239
"811","C4247","9101113a",-66.29263,45.87758,0,0,128,128,163,163,203,211,177,183,333,339,189,191,227,239
"818","C4256","9101113a",-66.29688,45.8814,248,248,104,128,165,175,203,217,179,185,333,339,169,187,221,239
"819","C4257","9101113a",-66.28997,45.87606,248,248,122,124,165,177,203,207,177,193,333,341,187,187,221,235
"836","C4390","9101113a",-66.49261,45.88464,256,276,104,104,161,177,199,205,170,187,341,343,169,181,235,235
"867","C4534","9101113a",-66.3638,45.88848,282,282,122,124,163,167,203,207,179,179,335,341,183,191,221,239
"870","C4699","9101113a",-66.38107,45.88245,248,276,122,124,159,165,203,203,185,187,331,333,169,189,227,227
"871","C4700","9101113a",-66.38047,45.88568,248,254,104,104,163,177,217,219,177,183,333,333,181,185,227,239
"873","C1542","9101113a",-66.2996161,45.8859133,276,278,122,124,163,177,203,207,179,179,333,339,169,187,235,239
"875","C1544","9101113a",-66.3008952,45.8855835,282,290,128,130,177,177,207,207,179,179,333,339,185,185,237,239
"883","C1553","9101113a",-66.3032891,45.8864501,248,286,122,130,155,163,203,207,187,193,329,341,183,189,227,235
"887","C1557","9101113a",-66.3051282,45.8873306,248,276,128,130,163,177,207,217,177,193,333,339,181,183,235,239
"890","C1560","9101113a",-66.3066797,45.8877632,248,286,128,130,163,177,203,217,177,185,333,333,181,183,235,239
"897","C1567","9101113a",-66.3093678,45.8878806,248,278,124,130,163,177,203,219,177,185,333,339,183,185,235,239
"899","C1569","9101113a",-66.3106213,45.8880812,248,282,122,128,163,177,207,219,181,193,333,333,181,185,235,235
"905","C1576","9101113a",-66.3129533,45.887299,248,254,104,124,159,175,203,205,181,187,333,333,183,189,221,237
"906","C1577","9101113a",-66.3140508,45.8859207,248,280,124,130,165,177,203,205,177,181,333,333,169,191,227,235
"908","C1579","9101113a",-66.3126454,45.8859326,280,282,124,130,165,175,205,217,177,179,333,333,169,181,221,221
"909","C3990","9101113b",-66.669269,45.963994,248,248,104,120,163,163,203,203,170,183,343,343,169,169,239,239
"910","C3991","9101113b",-66.667105,45.96427,254,254,124,124,171,179,203,211,177,183,327,341,169,173,221,239
"911","C3992","9101113b",-66.667009,45.964323,272,272,104,122,155,171,203,203,170,177,343,343,173,187,221,239
"913","C3994","9101113b",-66.668267,45.964183,254,254,104,136,175,175,203,203,177,187,335,337,173,185,221,235
"915","C4172","9101113b",-66.69308,45.98742,254,278,104,122,163,171,203,209,185,185,327,343,189,193,221,235
"916","C4173","9101113b",-66.6918,45.98801,276,276,104,130,163,163,209,209,185,193,0,0,169,181,233,233
"918","C4232","9101113b",-66.64687,45.9617,276,276,104,106,177,177,203,203,170,183,339,341,183,189,235,235
"920","C4259","9101113b",-66.78109,45.96775,276,276,128,130,175,175,203,205,177,177,333,339,169,191,221,239
"921","C4260","9101113b",-66.78146,45.96796,276,276,104,122,163,175,203,213,177,179,341,341,185,187,221,237
"922","C4261","9101113b",-66.76376,45.96838,0,0,122,122,163,165,203,203,187,193,331,333,185,193,223,223
"923","C4262","9101113b",-66.75617,45.96694,248,248,124,130,155,165,217,217,170,185,331,333,173,183,221,239
"924","C4263","9101113b",-66.75663,45.96708,248,248,130,132,163,177,207,207,183,187,339,341,169,189,239,239
"927","C4266","9101113b",-66.75691,45.96753,272,272,124,130,155,177,207,219,183,185,331,339,173,189,221,227
"930","C4269","9101113b",-66.74807,45.9665,248,248,122,122,175,175,203,205,183,187,331,337,183,183,235,239
"933","C4272","9101113b",-66.74092,45.96669,248,248,128,134,159,177,205,209,183,187,333,339,183,185,221,221
"935","C4274","9101113b",-66.72433,45.96772,256,256,122,122,155,177,215,215,181,187,327,333,181,187,235,235
"937","C4276","9101113b",-66.72677,45.96781,262,262,104,104,163,163,215,215,183,187,333,339,169,189,235,235
"938","C4277","9101113b",-66.72535,45.96781,248,256,104,122,161,161,205,215,183,183,331,337,185,187,235,239
"939","C4278","9101113b",-66.71777,45.96761,248,256,122,128,159,171,211,213,183,187,331,341,181,181,239,239
"941","C4280","9101113b",-66.71599,45.96762,248,254,122,130,161,171,203,205,181,185,333,341,169,181,237,239
"942","C4281","9101113b",-66.71211,45.9677,248,248,106,122,163,165,203,219,170,177,333,333,169,189,235,235
"943","C4282","9101113b",-66.71072,45.9675,248,274,120,128,157,159,199,203,179,183,327,327,183,189,221,235
"945","C4284","9101113b",-66.70877,45.96769,248,248,104,128,159,177,203,203,177,183,0,0,183,189,237,239
"947","C4286","9101113b",-66.7376,45.96688,248,254,104,106,161,167,203,211,177,177,333,341,183,189,235,239
"950","C4289","9101113b",-66.70252,45.96596,262,276,120,124,165,177,207,211,177,181,329,341,183,187,235,235
"951","C4290","9101113b",-66.70243,45.96613,262,272,120,122,163,165,207,207,177,185,329,333,179,183,237,237
"961","C4311","9101113b",-66.6734,45.96122,276,276,120,120,155,165,203,219,181,185,333,333,185,187,221,227
"962","C4312","9101113b",-66.67552,45.96243,262,262,120,128,177,177,203,219,170,183,333,333,181,185,239,243
"964","C4314","9101113b",-66.68288,45.96513,248,266,104,106,175,175,211,219,177,183,333,333,187,189,237,239
"968","C4318","9101113b",-66.69072,45.98466,248,258,128,128,163,179,203,203,177,179,339,339,181,183,221,221
"973","C4324","9101113b",-66.70061,46.00626,256,256,104,122,163,177,205,205,177,183,335,341,169,181,227,233
"977","C4334","9101113b",-66.68658,45.98795,254,258,124,128,177,177,205,217,170,187,335,335,183,185,239,239
"983","C4529","9101113b",-66.64878,45.96125,254,280,106,128,163,179,207,207,183,183,335,335,183,187,235,239
"985","C1583","9101113b",-66.8321107,45.9855681,248,282,122,156,163,171,203,211,171,177,329,339,169,189,237,239
"986","C1584","9101113b",-66.8322352,45.9853544,272,282,128,130,163,163,205,217,183,183,333,341,169,181,237,239
"990","C1589","9101113b",-66.8317652,45.9841665,248,248,104,120,165,175,203,217,177,183,333,333,183,185,235,237
"992","C1591","9101113b",-66.8314992,45.9837024,248,258,128,128,163,177,203,211,177,183,329,343,169,185,221,235
"993","C1592","9101113b",-66.831302,45.9834646,248,280,124,156,155,177,205,211,177,183,333,339,173,183,235,239
"995","C1594","9101113b",-66.8313119,45.9828798,258,262,120,156,175,177,203,211,177,181,333,341,185,187,227,237
"997","C1596","9101113b",-66.8313152,45.9824658,248,280,104,120,155,155,203,217,183,183,333,339,169,183,235,235
"1002","C1601","9101113b",-66.8317275,45.9828156,248,276,104,130,155,163,203,207,177,185,333,333,181,185,229,239
"1006","C1605","9101113b",-66.8314974,45.9854034,254,272,122,140,163,171,209,211,177,187,327,335,183,189,221,221
"1011","C1610","9101113b",-66.8314726,45.9866991,276,280,124,130,175,177,205,207,171,183,333,339,169,183,235,237
"1012","C1611","9101113b",-66.8313609,45.986913,248,260,104,122,165,165,203,203,177,179,327,333,189,191,221,221
"1014","C1613","9101113b",-66.8313283,45.9874164,248,276,104,124,163,165,203,207,177,179,333,339,191,191,237,237
"1016","C3173","9101113b",-66.91072,46.06885,248,276,122,128,0,0,199,205,177,183,333,341,169,189,235,239
"1017","C3204","9101113b",-66.91138,46.06835,276,286,124,130,163,179,207,207,181,181,327,333,181,185,221,221
"1021","C3258","9101113b",-66.90855,46.07263,248,258,120,122,155,163,209,211,177,181,0,0,169,183,221,227
"1022","C3262","9101113b",-66.92072,46.07208,248,278,104,156,163,175,199,219,170,183,327,333,169,189,221,221
"1026","C3390","9101113b",-66.922,46.07248,248,248,124,126,155,175,203,207,170,183,327,331,185,189,221,221
"1027","C3424","9101113b",-66.9096,46.06962,248,276,104,128,175,181,0,0,183,187,329,333,181,187,235,235
"1028","C3958","9101113b",-66.577054,46.002343,248,248,104,130,171,177,203,217,177,183,335,335,169,181,235,235
"1029","C3959","9101113b",-66.672434,46.270326,248,248,104,120,161,179,203,217,177,181,339,343,169,183,237,237
"1030","C3960","9101113b",-66.671308,46.270536,248,276,124,124,155,171,203,203,0,0,335,343,169,183,221,221
"1033","C4019","9101113b",-66.582507,45.988462,260,280,104,140,159,163,199,201,185,187,327,333,181,187,235,235
"1039","C4000","9101113b",-66.60488,45.925868,248,276,104,136,155,181,199,203,181,189,333,341,187,191,223,239
"1041","C4002","9101113b",-66.605512,45.926154,248,276,104,130,163,179,203,205,179,183,333,333,183,189,235,239
"1049","C4023","9101113b",-66.576626,46.002403,272,276,124,130,171,177,203,217,177,183,335,341,181,183,235,239
"1051","U1941","APA12PACb",-78.9640434,41.8558719,254,272,124,128,161,173,203,215,171,183,339,341,187,187,221,235
"1052","U1942","APA12PACb",-78.9477644,41.852601,280,282,128,136,165,171,209,219,171,189,339,343,169,183,235,239
"1053","U1957","APA12PACb",-78.9589435,41.835166,0,0,104,122,163,179,207,211,183,183,333,339,169,187,221,221
"1054","U2016","APA12PACb",-78.9484086,41.854684,248,284,104,120,165,167,201,201,171,189,327,339,183,187,227,235
"1055","U2021","APA12PACb",-78.958476,41.8388863,248,256,128,130,155,165,207,209,183,187,337,341,169,183,223,223
"1056","U2022","APA12PACb",-78.9578555,41.8390824,256,276,120,134,167,169,205,207,179,183,327,331,183,187,235,235
"1057","U2023","APA12PACb",-78.9577346,41.8383418,248,272,128,134,155,173,205,207,171,179,331,337,183,187,221,221
"1058","U2024","APA12PACb",-78.9580977,41.8379069,248,260,124,124,159,171,203,207,179,179,333,339,189,191,235,239
"1059","U2025","APA12PACb",-78.9577351,41.837189,248,248,124,134,161,173,203,211,179,187,333,335,181,187,221,249
"1061","U2027","APA12PACb",-78.9572362,41.8369729,254,256,122,124,163,175,199,207,179,187,333,337,187,193,231,237
"1062","U2028","APA12PACb",-78.9572748,41.8368926,260,280,124,132,161,171,207,217,179,189,339,339,169,169,221,249
"1063","U2029","APA12PACb",-78.9570876,41.8333137,256,280,104,130,161,169,205,211,185,189,327,337,183,187,237,237
"1065","U2031","APA12PACb",-78.9565105,41.8332855,260,266,124,130,161,165,203,217,171,171,333,339,169,187,221,235
"1068","U1943","APA12PACb",-79.2568496,41.8382918,256,276,128,128,163,179,199,205,179,187,335,337,183,191,221,221
"1069","U1944","APA12PACb",-79.2562674,41.8375535,254,276,104,128,155,161,199,211,185,187,335,337,169,183,221,235
"1070","U1945","APA12PACb",-79.2631744,41.8377752,254,274,124,130,163,165,209,211,171,191,335,337,169,181,235,235
"1071","U1946","APA12PACb",-79.2630228,41.8375928,248,256,104,128,159,165,199,207,177,185,333,337,183,187,221,227
"1072","U1947","APA12PACb",-79.2611927,41.8331249,248,280,104,120,167,167,199,207,179,189,331,339,169,187,223,223
"1073","U1948","APA12PACb",-79.2611925,41.8331339,248,248,104,140,163,173,199,205,179,183,327,341,169,191,241,241
"1074","U1949","APA12PACb",-79.2611047,41.8319257,256,266,104,134,155,163,199,207,171,177,327,339,181,183,227,235
"1076","U2005","APA12PACb",-79.1164872,41.8228989,258,260,128,130,163,171,197,213,179,183,335,339,183,187,221,221
"1077","U2006","APA12PACb",-79.1165701,41.8229453,248,288,104,146,163,165,203,213,171,185,339,339,169,187,229,235
"1079","U2008","APA12PACb",-79.1158781,41.8231411,252,258,120,146,161,161,209,213,171,181,333,339,169,187,229,229
"1081","U2010","APA12PACb",-79.1147326,41.8231943,258,288,104,120,161,171,0,0,183,189,333,333,181,183,235,235
"1083","U2012","APA12PACb",-79.1145377,41.8232722,248,256,120,130,165,167,209,217,171,171,333,339,183,187,235,245
"1085","U2014","APA12PACb",-79.1096045,41.8223354,248,248,122,128,155,161,199,211,179,185,331,333,169,187,235,251
"1087","U2702","APA12PACb",-79.25517,41.54528,248,260,128,132,163,179,203,219,187,189,337,339,191,193,221,233
"1088","U2703","APA12PACb",-79.255,41.54493,254,286,122,130,165,179,203,207,179,179,337,337,169,193,221,233
"1090","U2706","APA12PACb",-79.25742,41.54366,258,270,104,122,161,171,0,0,171,177,333,337,169,177,221,237
"1091","U2707","APA12PACb",-79.25728,41.54283,248,248,104,115,159,165,207,207,171,171,333,333,183,187,237,237
"1093","U2698","APA12PACb",-79.67814,41.69298,248,264,104,122,159,165,205,211,171,183,333,339,181,183,235,235
"1094","U2700","APA12PACb",-79.67642,41.69276,258,274,120,130,161,167,203,211,171,173,333,341,187,191,221,235
"1095","U1924","APA12PACb",-79.4335656,41.5357614,248,278,104,130,161,163,207,207,183,195,327,339,183,197,235,237
"1096","U1930","APA12PACb",-79.4362788,41.5350957,248,254,124,124,163,171,207,207,171,183,331,343,183,187,237,241
"1097","U1931","APA12PACb",-79.4362002,41.5348785,248,254,104,124,159,171,203,207,171,171,333,343,181,183,221,235
"1100","U1934","APA12PACb",-79.4360249,41.5341916,248,286,120,120,161,177,203,217,185,187,339,339,177,183,221,227
"1101","U1935","APA12PACb",-79.4360262,41.5341376,276,282,104,128,161,167,203,217,185,185,333,333,187,191,221,227
"1104","U1938","APA12PACb",-79.4357922,41.5339002,260,280,104,128,163,167,207,211,171,171,333,343,181,187,229,235
"1105","U1939","APA12PACb",-79.4359011,41.5338566,248,280,122,128,163,171,201,207,171,187,341,343,169,189,221,221
"1107","U1950","APA12PACb",-79.2615604,41.8315544,256,256,115,115,171,171,201,207,181,185,329,333,169,187,227,235
"1108","U1951","APA12PACb",-79.2621681,41.8313474,256,280,124,136,163,165,207,217,179,189,331,333,169,175,221,227
"1109","U1953","APA12PACb",-79.2624792,41.8309738,262,278,124,124,169,175,207,207,171,185,333,339,169,183,221,235
"1110","U1954","APA12PACb",-79.2622741,41.8309888,256,262,124,130,161,163,203,207,171,185,331,335,169,169,221,223
"1111","U2044","APA12PACb",-79.2151435,41.5932839,248,254,128,134,171,171,205,217,179,189,337,339,173,181,225,235
"1114","U2047","APA12PACb",-79.2123435,41.5938798,254,276,128,136,147,157,199,207,189,189,333,341,183,191,233,235
"1115","U2048","APA12PACb",-79.2134036,41.5937252,260,286,132,132,165,173,199,209,171,183,333,333,183,183,229,239
"1117","U2050","APA12PACb",-79.2131943,41.5939201,248,260,120,122,157,161,199,209,179,185,337,339,169,181,235,237
"1118","U2051","APA12PACb",-79.2135536,41.5939437,254,254,120,134,163,171,199,199,171,177,333,337,183,187,235,237
"1121","U2057","APA12PACb",-79.4355994,41.5369239,280,282,104,124,167,173,203,205,185,193,333,339,169,183,237,237
"1122","U2058","APA12PACb",-79.4359363,41.5368745,248,282,124,136,163,163,203,205,185,187,331,331,173,191,235,235
"1123","U2059","APA12PACb",-79.436765,41.5373091,282,284,104,122,159,167,203,203,181,193,331,331,169,187,221,221
"1125","U2061","APA12PACb",-79.4362935,41.5374738,272,280,128,130,163,169,199,207,185,187,327,339,183,183,221,221
"1126","U2062","APA12PACb",-79.4367914,41.5377057,262,272,130,132,163,163,199,205,171,187,333,333,169,189,235,235
"1127","U2063","APA12PACb",-79.4368365,41.5378234,248,272,124,130,159,167,199,203,171,187,333,339,169,183,221,221
"1128","U2064","APA12PACb",-79.4373531,41.5392716,248,254,130,130,163,177,199,217,171,185,333,339,187,189,221,235
"1129","U2065","APA12PACb",-79.4374751,41.5396785,258,258,104,136,159,171,207,207,185,187,333,335,169,191,235,235
"1131","U2067","APA12PACb",-79.4363042,41.5320517,248,268,104,124,161,163,205,217,171,177,333,339,169,169,237,237
"1132","U2068","APA12PACb",-79.4362188,41.5321136,254,268,120,124,161,163,207,207,177,177,333,333,169,181,221,237
"1134","U2070","APA12PACb",-79.4362395,41.532249,268,288,124,128,163,165,207,211,177,187,333,343,187,191,221,237
"1139","U2076","APA12PACb",-79.4363407,41.533025,268,280,128,128,157,163,199,207,171,177,341,343,169,183,221,235
"1140","U2077","APA12PACb",-79.4363769,41.5330165,248,280,122,124,163,171,199,203,171,189,333,343,183,189,221,237
"1150","U2089","APA12PACb",-79.2875342,41.7932077,276,284,104,124,161,175,199,205,177,187,333,335,179,183,235,235
"1151","U2090","APA12PACb",-79.287405,41.7930886,248,276,122,124,161,165,203,205,171,181,335,343,183,187,221,235
"1156","U2113","APA12PACb",-79.071819,41.3544756,248,276,130,130,165,165,207,209,179,187,331,335,191,193,243,243
"1157","U2114","APA12PACb",-79.0718025,41.3542231,248,266,104,130,165,173,209,213,179,183,335,339,187,193,221,235
"1158","U2115","APA12PACb",-79.0727626,41.3545004,248,248,104,128,161,169,207,209,185,187,331,333,169,181,235,235
"1159","U2116","APA12PACb",-79.0015697,41.3606264,254,284,130,136,161,163,0,0,189,193,333,337,169,169,227,227
"1160","U2117","APA12PACb",-78.9755408,41.3746094,248,266,122,130,165,177,203,207,177,181,327,335,181,195,221,221
"1161","U2119","APA12PACb",-78.9353871,41.388622,248,248,104,128,161,163,195,209,179,179,333,341,169,189,221,223
"1162","U2120","APA12PACb",-78.9055364,41.3997552,248,254,104,136,163,167,207,215,177,185,329,329,183,191,227,229
"1164","U2664","APA12PACb",-79.10321,41.32987,254,256,104,128,157,171,205,207,177,189,333,339,185,189,221,235
"1165","U1198","BV",-85.911685,35.9208704,248,278,130,130,163,167,207,207,171,185,327,333,173,183,237,239
"1166","U1199","BV",-85.9120226,35.9204948,256,276,130,132,163,171,203,207,179,185,333,335,169,187,223,235
"1167","U1200","BV",-85.911606,35.9185437,256,264,120,130,155,163,207,211,185,189,333,335,181,191,223,235
"1168","U1201","BV",-85.9121185,35.91835,250,260,122,132,155,169,205,209,177,189,329,333,169,187,235,237
"1169","U1202","BV",-85.9121185,35.91835,256,260,104,132,155,163,209,217,175,177,333,335,169,169,227,229
"1170","U1203","BV",-85.9117515,35.9184368,254,268,132,138,163,171,203,203,171,191,331,337,183,183,221,237
"1172","U1205","BV",-85.9091117,35.912129,248,250,124,130,161,165,207,217,189,189,327,333,187,191,235,235
"1173","U1206","BV",-85.9091682,35.9120484,248,254,124,138,163,163,203,207,177,189,333,343,183,187,233,235
"1175","U1208","BV",-85.9092124,35.9120578,248,260,104,132,163,165,203,207,171,189,333,333,183,191,227,237
"1176","U1209","BV",-85.9092803,35.9119503,250,262,120,132,163,169,203,211,177,189,333,339,183,191,235,235
"1177","U1210","BV",-85.9092099,35.9122381,248,248,128,138,163,163,209,217,181,189,327,333,169,183,223,235
"1178","U1211","BV",-85.9092131,35.9120037,248,258,132,138,163,177,207,211,171,179,337,339,169,191,221,235
"1179","U1212","BV",-85.9091913,35.9119765,256,286,104,120,171,173,211,217,171,179,333,339,187,187,221,235
"1180","U1213","BV",-85.9092813,35.9118781,248,258,130,138,163,167,207,207,171,187,337,339,169,187,235,239
"1181","U1214","BV",-85.9092815,35.9118691,248,248,120,132,161,169,203,217,179,179,333,341,183,191,221,235
"1184","U1217","BV",-85.9092379,35.9118146,250,260,130,134,163,163,209,217,171,189,339,341,183,191,235,235
"1190","U1224","BV",-85.9092487,35.9099124,250,262,120,124,155,165,203,205,187,189,329,335,169,183,221,235
"1191","U1227","BV",-85.9081974,35.9068827,248,260,104,128,155,167,209,215,177,185,335,335,169,187,235,237
"1192","U1229","BV",-85.9106894,35.9061751,254,258,104,120,163,171,199,209,177,193,327,337,169,191,233,235
"1193","U1230","BV",-85.9105579,35.9060657,248,254,104,124,161,163,207,209,177,185,329,337,169,169,219,219
"1195","U1232","BV",-85.9105071,35.9057316,258,268,104,148,161,161,199,209,171,189,333,335,169,173,221,233
"1196","U1233","BV",-85.9116893,35.9027492,252,252,104,124,163,171,194,203,177,177,329,335,0,0,221,221
"1197","U1234","BV",-85.9118237,35.9026512,248,260,104,148,161,163,207,207,171,183,333,333,173,189,227,229
"1198","U1235","BV",-85.9119164,35.9015432,256,268,124,148,155,169,199,209,185,189,331,333,183,191,221,245
"1199","U1236","BV",-85.9117613,35.9015417,248,264,124,128,163,165,203,209,187,189,331,333,187,191,221,221
"1201","U1239","BV",-85.9117226,35.9011267,254,276,124,134,163,165,203,207,179,185,331,333,169,183,221,235
"1202","U1240","BV",-85.9115241,35.9010618,258,268,124,128,163,163,203,211,185,189,331,333,191,191,237,237
"1204","U1242","BV",-85.9123502,35.8981843,248,248,130,138,163,165,205,207,177,177,333,337,169,191,237,239
"1206","U1245","BV",-85.9125304,35.8979695,248,254,120,138,159,163,207,207,185,185,333,337,183,195,235,237
"1210","U1251","BV",-85.9133896,35.8967241,258,266,120,130,169,171,207,211,171,189,337,339,191,193,235,235
"1217","U1262","BV",-85.9136463,35.8965822,248,266,115,132,159,169,203,207,171,177,333,337,183,193,225,237
"1219","U1267","BV",-85.9135978,35.8968883,262,276,122,132,163,163,203,207,177,185,335,337,189,193,227,235
"1223","U1274","BV",-85.908273,35.9070276,248,256,104,128,159,173,199,211,169,171,333,335,183,187,235,235
"1226","U1294","BV",-85.9095517,35.9099422,250,278,122,124,155,169,207,211,189,189,329,331,183,187,223,235
"1234","U1306","BV",-85.9117635,35.9005681,248,256,124,124,159,159,211,211,171,189,329,333,189,191,221,221
"1239","U1314","BV",-85.9098456,35.9120726,258,270,104,128,159,169,203,211,189,189,333,339,183,187,0,0
"1240","U1315","BV",-85.9073083,35.9102915,248,260,104,128,155,163,211,211,171,177,327,335,191,193,227,235
"1243","U1319","BV",-85.9109067,35.9161933,274,280,104,109,161,167,211,217,177,185,333,333,169,193,227,235
"1244","U1320","BV",-85.9145966,35.9239801,262,272,104,124,155,165,199,205,171,189,339,341,183,187,223,235
"1246","U1324","BV",-85.9139101,35.8967379,248,254,132,132,155,163,203,211,171,193,327,333,173,187,221,221
"1250","U1331","BV",-85.9083575,35.9073259,250,254,130,132,155,163,199,209,185,189,339,339,187,189,221,235
"1251","U1333","BV",-85.9102457,35.9150964,248,248,104,124,155,167,203,211,179,185,335,339,169,183,221,221
"1253","U1340","BV",-85.911299,35.9182975,276,278,104,134,163,167,199,207,179,187,337,339,169,189,235,247
"1256","U1344","BV",-85.9105139,35.9060472,262,276,126,130,167,171,209,213,171,183,327,337,169,183,221,235
"1258","U1346","BV",-85.9086911,35.9128915,248,256,104,148,155,169,199,207,171,187,333,335,183,183,221,223
"1261","U1349","BV",-85.9134841,35.8962922,248,276,130,132,155,163,207,211,181,185,331,333,183,183,229,235
"1278","U1375","BV",-85.9085809,35.9128455,248,254,104,136,161,165,207,211,177,187,339,343,169,183,223,235
"1280","U1383","BV",-85.9104901,35.906624,248,270,124,136,167,171,199,211,177,191,0,0,183,183,221,235
"1281","U1385","BV",-85.9103495,35.9065236,248,276,104,128,155,157,203,207,181,183,327,333,183,191,227,243
"1296","U1413","BV",-85.9116448,35.9181384,248,260,124,132,0,0,209,211,177,179,333,339,169,183,227,235
"1298","U1417","BV",-85.9105297,35.9066244,258,276,124,130,163,167,207,213,171,189,333,337,169,183,235,239
"1301","U1852","BVT",-73.002411,44.4474793,248,280,128,130,161,163,197,209,171,179,329,333,183,183,221,237
"1302","U1853","BVT",-73.0022716,44.4475128,248,280,124,130,159,161,201,211,171,185,331,333,169,183,221,221
"1304","U1855","BVT",-73.0018495,44.4462541,254,264,124,128,155,177,207,211,171,177,333,333,183,187,237,237
"1307","U1858","BVT",-73.0022897,44.4458747,248,276,128,130,155,163,203,207,171,179,327,333,187,191,237,237
"1308","U1859","BVT",-73.0022018,44.4451349,264,280,122,128,171,171,207,209,171,185,333,339,169,173,217,221
"1309","U1860","BVT",-73.002226,44.4451623,248,288,104,115,167,173,209,209,171,185,329,339,173,189,221,221
"1311","U1862","BVT",-73.001546,44.4448353,248,256,124,130,163,171,207,211,177,193,339,339,169,183,221,227
"1312","U1863","BVT",-73.0015543,44.4449615,250,278,130,136,163,175,211,211,177,193,337,339,169,187,221,221
"1313","U1865","BVT",-73.0009212,44.4439961,248,256,122,134,165,177,203,207,171,177,333,341,183,187,221,237
"1317","U1871","BVT",-73.0002999,44.4437872,256,278,120,128,161,167,205,209,177,177,333,333,169,183,221,221
"1318","U1873","BVT",-72.9967423,44.444193,256,278,104,120,155,155,203,207,179,187,333,339,169,183,223,229
"1320","U1875","BVT",-73.0002146,44.4429755,278,282,128,130,163,167,207,207,177,183,331,335,169,191,221,221
"1321","U1876","BVT",-73.0002146,44.4429755,248,282,104,130,167,177,203,207,183,189,333,341,191,193,233,235
"1322","U2448","BVTGMVT2",-72.8069622,43.940537,248,260,104,120,159,163,203,207,177,189,327,337,185,187,221,221
"1323","U2449","BVTGMVT2",-72.8069528,43.8996292,248,256,124,128,157,165,203,203,177,179,327,333,187,187,237,237
"1324","U2450","BVTGMVT2",-72.8454391,43.8823562,252,282,124,128,173,173,197,207,185,193,339,339,183,185,235,235
"1325","U2451","BVTGMVT2",-72.828039,43.8809338,248,254,122,124,165,167,199,205,177,181,0,0,169,183,221,237
"1326","U2452","BVTGMVT2",-72.8150614,43.8808509,248,248,104,124,163,163,201,209,177,177,0,0,181,191,221,221
"1327","U2453","BVTGMVT2",-72.813657,43.8820192,248,278,104,124,175,177,205,207,177,185,333,333,187,191,227,235
"1328","U2454","BVTGMVT2",-72.8135605,43.8206515,248,264,128,130,175,175,207,207,171,177,339,343,169,183,239,243
"1329","U2455","BVTGMVT2",-72.8139161,43.8247769,248,258,128,158,159,175,207,211,179,179,333,333,179,183,235,235
"1330","U2456","BVTGMVT2",-72.8129742,43.8244516,258,282,104,124,155,173,203,207,171,179,335,339,187,191,0,0
"1331","U2457","BVTGMVT2",-72.8121271,43.8336239,248,276,104,134,165,173,207,211,179,187,335,337,185,187,221,221
"1333","U2459","BVTGMVT2",-72.8161818,43.8422417,258,272,124,128,155,175,209,219,177,183,333,341,183,193,235,237
"1334","U2460","BVTGMVT2",-72.8161979,43.8420234,248,258,128,136,161,171,201,205,179,185,333,343,169,169,235,235
"1335","U2461","BVTGMVT2",-72.8181438,43.8419199,252,272,104,124,151,171,207,211,177,179,333,337,169,189,227,227
"1336","U1826","BVTGMVT2",-72.6023607,44.1655523,248,254,122,124,161,177,211,211,177,185,331,339,169,183,221,235
"1337","U1827","BVTGMVT2",-72.6015702,44.1659228,248,262,104,128,155,177,205,213,171,171,339,339,169,191,221,235
"1338","U1828","BVTGMVT2",-72.6014923,44.1659932,248,290,130,130,159,169,205,207,171,187,333,339,181,183,221,227
"1339","U1829","BVTGMVT2",-72.6023411,44.1663441,248,254,104,136,163,163,211,217,171,181,333,335,169,179,235,237
"1341","U1831","BVTGMVT2",-72.6030948,44.1659548,254,268,124,128,161,163,209,213,177,187,333,339,169,191,235,237
"1343","U1833","BVTGMVT2",-72.6032355,44.1658768,248,254,124,142,165,175,211,211,171,171,331,333,169,183,221,221
"1344","U1834","BVTGMVT2",-72.6033675,44.1660146,252,254,104,124,159,163,199,207,171,177,339,343,183,187,0,0
"1346","U1836","BVTGMVT2",-72.6029743,44.1661504,248,264,122,132,159,163,211,217,169,185,335,339,167,185,219,235
"1347","U1837","BVTGMVT2",-72.6030114,44.1661601,248,254,104,122,155,163,211,219,187,191,335,339,187,187,221,227
"1348","U1838","BVTGMVT2",-72.6031983,44.1664882,254,254,120,124,155,163,199,207,177,181,333,343,187,187,227,235
"1349","U1839","BVTGMVT2",-72.6036073,44.1662717,264,290,124,128,161,163,203,213,171,177,333,343,183,191,221,221
"1350","U1840","BVTGMVT2",-72.6036448,44.1662725,248,264,124,130,163,167,213,219,177,181,333,339,187,191,221,221
"1351","U1842","BVTGMVT2",-72.6036422,44.1663354,254,276,124,128,161,163,207,213,177,183,335,343,189,191,235,235
"1352","U1844","BVTGMVT2",-72.6037066,44.1665979,256,264,124,128,161,165,199,209,179,181,333,343,181,191,235,237
"1353","U1845","BVTGMVT2",-72.6038605,44.166196,254,274,104,124,161,163,199,205,177,193,339,343,169,187,227,235
"1355","U1762","CNF",-88.63258,45.47117,264,282,122,132,159,161,211,211,177,185,339,341,169,183,221,237
"1356","U1763","CNF",-88.63,45.47082,252,272,130,132,161,163,207,211,185,187,333,339,169,187,241,241
"1357","U1765","CNF",-88.62977,45.47015,248,252,130,130,159,159,211,211,185,187,333,333,169,187,227,227
"1358","U1766","CNF",-88.62974,45.47028,264,284,130,136,159,163,207,211,177,185,333,343,169,187,0,0
"1359","U1767","CNF",-88.62962,45.47071,264,276,128,136,159,169,207,211,185,189,335,339,169,183,227,227
"1361","U1771","CNF",-88.62845,45.47129,270,284,128,130,163,165,207,211,171,177,339,339,183,191,227,235
"1362","U1772","CNF",-88.62765,45.47136,270,270,122,130,155,163,211,211,177,177,327,333,189,191,227,237
"1367","U1777","CNF",-88.62579,45.47129,270,284,122,130,155,163,199,219,177,187,333,333,169,189,235,235
"1368","U1778","CNF",-88.62554,45.47151,248,270,130,132,155,171,207,211,171,189,329,333,189,189,221,237
"1369","U1779","CNF",-88.625,45.47158,252,274,122,128,165,171,199,211,171,185,333,337,169,191,235,235
"1370","U1780","CNF",-88.62416,45.4713,270,284,130,132,159,171,207,219,171,177,341,343,187,191,229,235
"1379","U1789","CNF",-88.62406,45.4733,272,284,130,132,157,167,207,211,177,189,333,337,181,189,227,229
"1380","U1790","CNF",-88.62271,45.4729,272,284,132,136,155,175,207,219,171,177,339,343,187,187,221,227
"1382","U2467","FKN",-79.4602605,38.5764765,270,276,122,128,155,163,207,219,189,189,331,333,185,189,221,249
"1383","U2468","FKN",-79.4624281,38.5765747,254,260,132,134,163,165,199,205,171,177,341,341,189,191,221,227
"1384","U2469","FKN",-79.4625628,38.5762064,248,262,122,128,163,163,207,219,169,183,333,339,189,199,221,237
"1385","U2470","FKN",-79.4624918,38.5761454,248,260,104,128,163,163,203,217,171,177,333,339,193,199,235,237
"1386","U2471","FKN",-79.4618912,38.5760343,270,276,122,124,165,169,219,219,163,189,339,339,169,187,221,237
"1387","U2472","FKN",-79.4620532,38.5761385,248,260,104,126,163,165,199,219,189,193,335,339,183,191,221,221
"1389","U2475","FKN",-79.4610883,38.575908,260,276,104,122,155,163,211,211,179,193,339,341,169,183,221,235
"1390","U2476","FKN",-79.4612186,38.5757456,248,278,119,122,155,165,199,219,179,183,339,339,181,191,221,229
"1391","U2477","FKN",-79.4611285,38.5748601,248,256,122,128,167,167,205,207,185,189,327,339,169,187,235,237
"1392","U2478","FKN",-79.4617977,38.5748697,256,282,132,134,161,167,211,211,177,187,333,339,181,187,239,239
"1394","U2481","FKN",-79.4589526,38.5746454,278,282,128,132,161,179,197,211,177,183,333,339,187,189,237,237
"1395","U2482","FKN",-79.4589744,38.5743543,248,258,120,128,169,179,199,209,177,187,337,339,169,187,233,235
"1396","U2483","FKN",-79.4589974,38.5743079,248,254,104,128,163,163,209,211,185,189,333,337,187,187,221,235
"1397","U2484","FKN",-79.4587855,38.5741,248,248,122,132,163,163,207,209,177,187,331,333,169,187,233,235
"1398","U2485","FKN",-79.4593719,38.5740383,248,272,128,132,161,169,207,209,179,187,337,339,173,187,235,235
"1399","U2487","FKN",-79.4594236,38.5737644,248,254,126,132,165,169,207,207,185,187,0,0,183,187,235,235
"1400","U2490","FKN",-79.4602436,38.5701523,248,248,128,128,163,173,207,211,189,193,333,341,169,189,221,239
"1401","U2491","FKN",-79.460186,38.5978885,276,290,124,128,163,163,199,207,179,189,327,337,169,183,223,239
"1403","U2495","FKN",-79.1754316,38.5978691,256,264,104,128,165,169,205,207,177,191,337,341,169,191,235,239
"1404","U2496","FKN",-79.1753164,38.5978504,248,256,104,134,155,159,207,207,179,189,337,339,169,189,223,229
"1405","U2497","FKN",-79.1753166,38.5978495,254,280,104,128,161,165,203,207,177,179,337,339,187,187,221,239
"1406","U2498","FKN",-79.1752712,38.5979021,256,260,124,128,155,165,205,207,179,191,335,339,169,177,235,239
"1407","U2499","FKN",-79.1752138,38.59731,254,260,120,134,155,165,197,205,177,193,333,337,173,187,237,239
"1408","U2502","FKN",-79.1746729,38.59762,248,260,104,104,155,173,207,209,183,189,333,333,169,191,221,221
"1409","U2503","FKN",-79.1759277,38.5978246,248,254,104,128,155,165,205,207,177,189,333,337,187,191,221,221
"1410","U2202","GMVT1",-72.5507688,42.9886203,272,284,104,120,159,165,207,211,177,179,333,335,169,169,223,223
"1411","U2203","GMVT1",-72.5505254,42.9882639,270,282,104,104,155,165,197,199,181,187,339,339,183,191,221,235
"1412","U2205","GMVT1",-72.5522441,42.9885348,260,274,128,130,159,163,199,203,177,177,341,343,169,183,221,221
"1413","U2206","GMVT1",-72.5522441,42.9885348,248,252,124,128,171,173,203,207,179,185,0,0,169,181,229,235
"1414","U2207","GMVT1",-72.551426,42.986275,256,280,120,124,161,163,195,211,181,187,333,341,169,191,221,221
"1415","U2212","GMVT1",-72.551426,42.986275,248,280,128,128,157,163,205,219,0,0,333,335,0,0,221,235
"1418","U2215","GMVT1",-72.5502136,42.9806754,258,268,130,130,161,163,203,203,171,177,333,335,169,189,227,227
"1419","U2216","GMVT1",-72.5502136,42.9806754,256,280,122,136,165,165,199,211,179,181,333,339,169,183,0,0
"1421","U2217","GMVT1",-72.5530933,42.986608,248,260,120,128,155,169,207,209,169,179,331,339,183,183,223,231
"1423","U2221","GMVT1",-72.549945,42.9914481,276,280,124,128,167,171,195,207,171,181,331,341,169,183,229,235
"1424","U2222","GMVT1",-72.5494648,42.9924193,276,276,104,122,163,165,195,207,171,181,339,341,169,183,227,227
"1426","U2224","GMVT1",-72.5494296,42.9926887,260,276,122,138,165,167,203,219,171,183,0,0,169,183,235,235
"1427","U2225","GMVT1",-72.5489422,42.9926062,0,0,128,136,155,163,207,219,187,187,333,341,183,187,235,235
"1431","U1120","MC",-86.1056974,37.1737347,252,258,104,104,0,0,205,207,179,181,333,339,169,183,221,245
"1432","U1122","MC",-86.0372434,37.2678156,248,272,104,132,167,179,0,0,185,193,327,339,169,183,235,235
"1433","U1125","MC",-86.0411209,37.2413017,260,264,124,134,163,165,205,205,177,185,333,335,183,193,223,223
"1434","U1126","MC",-86.2263948,37.2245212,248,274,128,130,161,173,199,207,171,177,327,335,169,183,227,235
"1435","U1127","MC",-86.1222191,37.1778874,254,254,130,136,163,167,207,209,171,171,333,335,169,187,221,227
"1436","U1128","MC",-86.0717042,37.1293233,260,264,104,104,171,181,199,207,187,187,333,337,169,169,239,239
"1437","U1129","MC",-86.0720206,37.1292266,264,280,104,132,163,171,207,211,175,187,333,337,189,191,221,227
"1439","U1131","MC",-86.0728085,37.1292418,248,248,124,128,167,171,207,215,183,187,333,335,169,183,239,239
"1440","U1135","MC",-86.0786263,37.1303688,248,248,128,130,159,171,207,211,171,185,333,333,169,193,231,237
"1444","U1140","MC",-86.1206463,37.1794622,254,282,122,128,163,167,199,211,171,185,333,339,187,187,221,235
"1445","U1142","MC",-86.048968,37.2116647,248,256,120,120,163,163,199,209,171,189,327,333,183,187,221,235
"1446","U1144","MC",-86.029433,37.2533389,256,268,104,134,159,167,203,203,171,183,327,333,189,191,223,235
"1447","U1145","MC",-86.0285205,37.252394,248,268,124,130,155,171,203,209,177,185,327,327,183,189,221,221
"1448","U1146","MC",-86.0933922,37.2268768,248,262,122,130,163,167,199,207,171,187,327,335,187,191,241,241
"1449","U1147","MC",-86.1328823,37.1516814,248,254,104,122,155,163,211,215,177,199,331,333,183,183,221,235
"1450","U1148","MC",-86.2281029,37.1995909,268,276,115,128,163,171,207,207,183,187,333,333,169,187,235,235
"1451","U1150","MC",-86.2163978,37.2233107,252,274,124,134,163,167,0,0,171,185,329,333,169,183,235,241
"1452","U1151","MC",-86.0791263,37.1866192,266,282,106,120,163,167,207,217,171,171,339,341,187,193,221,235
"1453","U1153","MC",-86.0776411,37.1873829,248,278,122,128,163,165,205,211,187,187,333,339,169,183,235,237
"1455","U1155","MC",-86.0570732,37.2495151,254,264,132,138,163,169,199,217,169,189,329,339,187,191,233,235
"1457","U1157","MC",-86.0977779,37.1936854,248,276,124,132,155,165,203,203,171,187,333,339,169,191,235,237
"1458","U1159","MC",-86.098068,37.1939219,248,276,124,132,155,165,199,203,177,185,333,339,191,193,221,235
"1459","U1160","MC",-86.0981776,37.1941842,272,276,104,128,165,165,203,217,187,187,333,341,187,193,221,227
"1460","U1161","MC",-86.0970362,37.1764903,272,288,104,136,163,165,205,207,185,185,333,339,191,191,221,237
"1461","U1163","MC",-86.1486246,37.2089526,248,254,124,128,155,155,197,207,171,171,327,335,191,191,229,237
"1462","U1165","MC",-86.1113532,37.1813309,252,272,122,136,155,171,211,217,179,185,333,333,183,187,221,221
"1463","U1168","MC",-86.112986,37.2276111,252,274,104,124,159,171,205,207,171,183,327,339,169,187,237,237
"1464","U1169","MC",-86.2422524,37.2168357,256,286,104,130,163,167,205,215,183,193,327,331,187,191,221,235
"1465","U1170","MC",-86.1310193,37.153101,254,256,130,136,163,171,211,215,177,199,331,341,187,189,221,237
"1466","U1171","MC",-86.1775313,37.2089225,256,268,120,128,157,163,207,209,183,189,333,339,169,181,221,243
"1468","U1173","MC",-86.1575425,37.2157136,248,254,124,126,163,165,201,205,177,187,333,333,169,187,221,235
"1469","U1174","MC",-86.1585688,37.2156488,0,0,115,120,0,0,199,209,171,185,339,343,169,181,227,235
"1470","U1175","MC",-86.1601762,37.2150203,248,264,104,124,163,171,203,217,187,193,335,339,169,193,221,221
"1471","U1176","MC",-86.1611475,37.2148378,256,264,104,124,171,171,197,209,185,185,327,337,169,191,227,241
"1472","U1177","MC",-86.1632176,37.215168,248,248,128,136,165,167,199,207,181,187,327,337,169,187,237,239
"1473","U1178","MC",-86.1635759,37.2153868,256,274,124,128,159,165,199,211,171,171,337,337,169,169,221,221
"1474","U1179","MC",-86.1641934,37.2155985,272,278,124,124,159,163,205,207,171,187,333,337,0,0,0,0
"1475","U1180","MC",-86.1643624,37.2156087,248,262,104,130,165,177,205,209,171,171,333,341,169,187,235,235
"1476","U1181","MC",-86.1557768,37.2163861,252,256,124,124,169,179,205,207,171,183,333,337,181,181,235,237
"1477","U1182","MC",-86.1533864,37.2174868,248,254,104,130,163,171,201,209,171,179,327,341,189,191,235,237
"1478","U1184","MC",-86.1538909,37.2177247,270,276,120,124,165,173,207,207,185,189,333,337,191,191,223,239
"1479","U1185","MC",-86.1535158,37.2180105,248,252,104,128,155,161,205,209,177,177,327,341,189,189,223,235
"1480","U1186","MC",-86.1900804,37.2178516,248,266,124,130,163,167,207,207,171,179,331,333,169,189,235,237
"1481","U1187","MC",-86.1893734,37.2186129,248,248,130,136,167,171,203,203,189,189,327,337,183,187,221,233
"1482","U1188","MC",-86.1858705,37.2215364,256,276,122,124,171,175,207,219,171,187,333,339,169,173,227,241
"1483","U1189","MC",-86.1862826,37.2230445,254,258,128,130,163,171,197,207,187,191,333,335,177,181,225,229
"1484","U1190","MC",-86.0386134,37.2132576,260,288,122,128,165,169,211,211,171,179,327,327,187,193,235,237
"1488","U1194","MC",-86.0796041,37.1862354,262,282,104,104,157,159,207,207,171,177,327,339,169,183,235,235
"1490","U1196","MC",-86.0573954,37.1502217,248,248,124,134,155,163,194,205,187,189,337,337,183,187,235,235
"1491","U1197","MC",-86.1076134,37.1937509,258,274,104,120,161,169,203,207,183,187,339,341,169,181,235,235
"1492","U1003","OZ12",-90.9915479,36.9497268,248,282,124,130,155,165,207,211,171,185,337,339,187,191,221,221
"1493","U1004","OZ12",-91.0266816,36.9899011,250,254,115,130,163,183,205,209,187,189,339,339,169,191,227,227
"1494","U1005","OZ12",-90.976738,36.9725664,272,278,154,154,159,161,207,211,181,187,333,339,187,191,235,235
"1495","U1006","OZ12",-91.017051,37.0038097,248,254,122,150,167,171,209,219,171,187,333,333,183,183,235,235
"1496","U1007","OZ12",-91.0875782,36.8551332,256,278,104,128,163,165,199,209,187,187,329,339,181,187,227,235
"1497","U1008","OZ12",-91.0758791,36.8600909,248,250,104,104,163,163,211,215,171,177,333,339,183,187,227,233
"1498","U1009","OZ12",-91.0801486,36.8607008,272,272,104,104,167,167,205,207,171,185,337,339,183,187,221,235
"1499","U1011","OZ12",-91.6207906,37.440616,248,268,104,128,163,167,207,211,185,193,331,335,169,181,227,235
"1500","U1012","OZ12",-91.621364,37.4426326,248,286,124,130,159,171,199,205,173,187,333,339,181,187,227,229
"1501","U1014","OZ12",-91.6217941,37.4438364,272,278,136,144,159,179,205,207,187,187,333,341,181,183,235,237
"1502","U1016","OZ12",-91.6845642,37.4549349,248,262,120,124,163,165,207,217,171,177,327,333,187,193,227,235
"1503","U1017","OZ12",-91.6864475,37.4526215,248,248,120,124,163,175,203,211,187,187,333,343,169,169,221,221
"1504","U1018","OZ12",-91.6778833,37.4535985,248,254,104,124,163,163,203,211,181,193,333,333,183,183,237,237
"1505","U1019","OZ12",-91.6797543,37.4519971,276,276,120,120,161,179,205,217,171,179,327,339,183,183,221,227
"1506","U1020","OZ12",-91.6831085,37.4502589,274,276,104,130,163,173,211,211,187,189,327,333,169,183,227,237
"1507","U1023","OZ12",-91.4350306,37.1535699,248,276,122,124,155,163,199,207,171,179,333,333,181,183,235,237
"1508","U1024","OZ12",-91.4333218,37.1556204,248,258,115,122,163,163,199,199,177,177,333,333,183,187,227,237
"1509","U1025","OZ12",-91.4530303,37.1499936,252,264,128,130,159,165,199,211,179,191,341,341,183,189,223,227
"1510","U1026","OZ12",-91.4923176,37.3185967,248,272,130,130,155,163,211,211,171,171,327,333,183,187,221,235
"1511","U1027","OZ12",-91.4876156,37.3195282,248,248,104,115,161,167,205,219,171,177,333,333,169,169,235,235
"1512","U1028","OZ12",-91.4913399,37.3189538,248,284,120,124,155,169,203,207,177,193,333,337,169,183,227,237
"1513","U1029","OZ12",-91.5021477,37.1219621,248,248,128,128,163,167,207,209,175,177,333,341,189,191,227,239
"1514","U1030","OZ12",-91.5100371,37.1248828,248,288,124,130,159,171,203,207,171,187,339,339,169,187,221,237
"1515","U1031","OZ12",-91.5081775,37.123282,278,278,104,104,159,167,207,207,185,187,333,339,169,187,227,237
"1516","U1032","OZ12",-91.5072067,37.1228462,248,276,124,134,159,171,207,207,181,187,335,341,183,183,221,233
"1517","U1033","OZ12",-91.426193,37.1572835,272,272,115,124,163,163,205,207,181,185,335,339,185,187,221,235
"1518","U1034","OZ12",-91.4290231,37.1620079,248,272,128,130,155,171,205,219,181,187,333,339,183,187,227,235
"1519","U1035","OZ12",-91.4290561,37.1620444,248,252,124,124,155,171,205,213,177,187,333,339,183,183,227,235
"1520","U1036","OZ12",-91.4261287,37.1641868,248,282,124,124,161,161,205,209,171,171,333,335,169,187,227,235
"1521","U1037","OZ12",-91.3187904,37.1718155,248,248,104,128,163,171,203,207,179,191,331,333,169,183,227,227
"1522","U1038","OZ12",-91.2128706,37.1762406,254,258,104,128,159,163,201,205,171,171,333,341,169,193,221,227
"1524","U1040","OZ12",-91.2133139,37.1674596,268,282,124,130,165,165,201,217,171,187,337,339,169,183,229,239
"1525","U1041","OZ12",-91.4786173,37.3365106,252,256,128,130,163,163,205,211,177,187,333,335,169,191,221,229
"1527","U1044","OZ12",-91.1733271,37.1864168,268,278,130,136,163,165,209,211,171,171,333,337,183,189,227,237
"1528","U1045","OZ12",-91.1727674,37.1881387,276,280,120,124,159,171,207,211,183,193,327,333,169,185,227,227
"1529","U1046","OZ12",-91.5971086,37.4109907,258,282,104,122,157,163,0,0,177,187,327,339,169,183,221,243
"1530","U1047","OZ12",-91.5975435,37.4106894,254,258,128,128,161,165,195,205,181,187,333,335,183,187,223,235
"1531","U1048","OZ12",-91.5743008,37.3940166,256,270,128,130,163,179,201,211,179,185,327,333,183,187,235,237
"1532","U1049","OZ12",-91.5740373,37.3864604,248,280,104,130,155,163,207,207,171,179,331,333,169,169,235,235
"1533","U1050","OZ12",-91.5740373,37.3864604,248,280,120,136,161,171,207,209,171,183,333,335,183,187,235,249
"1534","U1051","OZ12",-91.5621698,37.3821076,274,274,122,124,155,159,203,207,187,193,333,339,169,187,221,235
"1535","U1052","OZ12",-91.5735931,37.3902316,248,248,128,134,167,175,205,207,171,179,333,341,169,187,229,237
"1536","U1053","OZ12",-91.4937738,37.3812921,272,294,104,120,153,171,0,0,177,187,333,337,169,189,227,227
"1537","U1054","OZ12",-91.4939237,37.380573,256,294,124,132,159,171,199,211,171,177,339,339,169,169,227,229
"1539","U1059","OZ12",-91.409702,37.2809581,254,278,124,124,159,163,203,203,177,193,339,341,183,187,227,237
"1540","U1061","OZ12",-91.5731447,37.0538575,252,254,122,132,155,163,207,207,171,171,335,337,169,189,235,239
"1542","U1063","OZ12",-91.5612542,37.0576168,248,256,124,128,155,163,199,205,171,187,331,341,183,193,221,241
"1544","U1066","OZ12",-91.571698,37.0428436,248,280,128,132,155,163,203,205,171,173,327,337,187,189,221,235
"1547","U1069","OZ12",-91.3313339,37.2441155,248,276,104,124,161,163,205,211,171,189,333,339,169,183,221,227
"1548","U1070","OZ12",-91.3148523,37.2283887,248,264,104,128,163,171,205,211,171,183,333,335,169,195,221,237
"1549","U1071","OZ12",-91.3147324,37.2282067,260,264,104,130,161,163,209,211,177,183,339,339,169,177,223,235
"1551","U1073","OZ12",-91.3274237,37.2169942,256,266,122,128,161,163,0,0,171,177,0,0,183,187,235,237
"1552","U1075","OZ12",-91.3251475,37.2139246,254,272,122,128,163,177,207,209,171,187,333,337,169,169,223,223
"1555","U1078","OZ12",-91.1671364,37.1643027,248,282,128,132,163,173,199,205,171,187,333,339,169,187,227,227
"1556","U1079","OZ12",-91.3235024,37.2022023,272,286,104,130,161,175,207,209,177,179,333,339,187,191,229,229
"1557","U1080","OZ12",-91.3161526,37.1962666,254,272,104,128,161,163,203,203,171,177,333,339,177,187,221,229
"1558","U1081","OZ12",-91.3052283,37.1945605,256,272,128,130,163,167,205,219,171,187,327,339,169,191,235,235
"1560","U1083","OZ12",-91.3016879,37.1946811,286,290,124,130,163,165,207,207,177,177,331,335,169,169,223,227
"1561","U1084","OZ12",-91.1964358,37.1270059,260,260,108,120,161,163,205,217,171,187,331,341,169,187,221,221
"1562","U1085","OZ12",-91.2025741,37.1254228,266,272,128,148,163,171,199,207,177,181,333,333,169,183,219,221
"1565","U1089","OZ12",-91.0649317,37.1207858,248,276,130,130,157,163,197,197,171,177,339,339,169,183,221,221
"1569","U1093","OZ12",-91.66822,37.0576312,248,258,124,128,171,171,203,209,171,171,0,0,183,187,221,237
"1570","U1447","OZ12",-91.0804796,36.8604718,252,260,128,154,167,167,199,207,177,185,339,341,187,187,227,235
"1572","U1449","OZ12",-91.0757303,36.8593134,248,272,104,128,163,167,205,207,177,185,333,339,169,183,227,235
"1575","U1452","OZ12",-91.1205309,36.8601656,268,282,124,130,165,169,207,211,181,187,331,333,169,187,221,227
"1581","U1458","OZ12",-91.215315,36.7287231,272,274,124,128,163,173,207,211,171,183,333,343,169,169,227,235
"1582","U1459","OZ12",-91.330717,36.7960448,248,254,124,124,0,0,199,207,171,187,337,339,169,183,227,233
"1583","U1460","OZ12",-91.3301763,36.7966862,284,284,122,124,159,163,199,207,171,185,333,339,183,183,219,227
"1585","U1462","OZ12",-91.347895,36.8155108,268,268,122,128,163,163,203,207,171,185,333,339,183,183,235,235
"1586","U1463","OZ12",-91.2176352,36.7291094,248,248,128,128,163,165,211,211,183,193,327,341,183,187,221,235
"1587","U1464","OZ12",-91.2182514,36.7281271,254,262,124,128,175,175,207,207,179,189,337,343,169,183,227,227
"1592","U1469","OZ12",-91.2379341,36.7238413,0,0,124,124,175,175,0,0,183,187,337,337,181,183,221,237
"1593","U1470","OZ12",-91.2408378,36.7266244,262,282,104,128,171,175,203,209,181,183,339,339,169,181,235,237
"1595","U1472","OZ12",-91.2446456,36.7251213,256,258,104,120,155,163,0,0,171,171,327,337,169,193,229,229
"1596","U1473","OZ12",-91.2459765,36.7256817,262,272,124,130,159,167,199,199,179,187,0,0,169,169,223,235
"1599","U1476","OZ12",-91.3125029,36.7690352,254,268,122,128,155,163,0,0,173,183,333,339,169,169,235,235
"1600","U1477","OZ12",-91.3087843,36.772047,254,278,122,124,163,167,205,207,185,185,0,0,187,189,221,227
"1601","U1479","OZ12",-91.3053465,36.7729806,254,276,128,128,159,167,207,207,181,183,339,339,183,191,235,237
"1602","U1481","OZ12",-91.2973972,36.772209,248,254,104,130,159,163,0,0,179,187,339,343,183,185,227,239
"1613","U1518","SFNF12",-90.6385585,34.5979811,280,290,122,128,161,161,207,207,183,193,339,339,169,191,227,237
"1614","U1519","SFNF12",-90.639952,34.6007488,260,268,104,144,161,163,211,217,173,173,327,335,169,169,221,233
"1615","U1520","SFNF12",-90.6393897,34.600197,248,258,104,124,159,163,207,207,177,189,335,339,169,183,237,237
"1616","U1521","SFNF12",-90.6277319,34.5726995,272,272,106,124,163,165,207,211,187,187,335,339,187,189,241,241
"1618","U1523","SFNF12",-90.63689,34.5949197,248,248,104,128,171,171,207,207,177,187,333,335,169,169,223,237
"1620","U1526","SFNF12",-90.6510518,34.6343738,248,280,122,130,163,171,199,211,181,187,335,339,187,189,235,235
"1621","U1527","SFNF12",-90.6512643,34.6338009,260,280,104,124,161,163,207,207,171,175,333,333,169,187,223,223
"1622","U1528","SFNF12",-90.6284119,34.5725505,248,262,106,154,163,175,207,207,187,187,0,0,169,183,221,235
"1625","U1532","SFNF12",-90.6507254,34.6324112,260,280,130,130,163,175,207,209,187,187,333,333,183,183,241,241
"1628","U1496","SFNF12",-90.6952282,34.7024174,248,270,128,128,167,171,0,0,171,183,0,0,169,177,221,239
"1629","U1500","SFNF12",-90.6949532,34.7013123,270,276,124,154,163,163,207,207,189,193,327,337,169,187,235,235
"1630","U1501","SFNF12",-90.6930121,34.7024205,248,254,128,150,163,175,207,209,181,187,333,335,183,191,227,239
"1631","U1502","SFNF12",-90.7218855,34.702423,254,270,126,134,163,165,0,0,187,189,327,339,169,191,229,235
"1632","U1504","SFNF12",-90.7218831,34.7013141,254,288,104,134,161,171,203,207,183,185,327,335,185,191,221,221
"1635","U1509","SFNF12",-90.7150787,34.6903322,248,254,104,122,161,167,207,207,183,193,327,331,169,187,233,233
"1636","U1510","SFNF12",-90.6907908,34.6971134,248,276,128,128,165,171,205,205,187,187,335,339,185,191,235,237
"1638","U1512","SFNF12",-90.6839048,34.7060611,260,262,115,128,167,171,211,211,187,189,327,339,169,183,227,227
"1643","U2328","WHWI",-89.1104,42.83145,248,272,104,104,163,165,207,207,179,193,327,343,169,187,221,221
"1644","U2329","WHWI",-89.218567,42.83155,250,272,128,130,163,173,199,207,171,189,327,343,187,189,0,0
"1646","U2331","WHWI",-88.812483,42.831633,248,280,124,124,155,171,203,207,171,187,327,333,183,193,235,235
"1647","U2332","WHWI",-88.8125,42.830867,250,250,104,104,163,165,199,203,177,177,333,333,189,189,227,235
"1649","U2334","WHWI",-88.813283,42.829917,272,284,122,130,159,163,207,211,171,187,333,343,169,169,237,237
"1651","U2336","WHWI",-88.814683,42.830433,272,272,124,128,161,173,207,211,177,177,333,343,169,169,221,221
"1652","U2337","WHWI",-88.81565,42.8305,248,248,104,120,159,163,203,207,183,187,333,343,169,191,221,235
"1653","U2338","WHWI",-88.8163,42.831117,272,276,128,134,155,163,207,211,183,193,327,333,187,187,239,241
"1654","U2339","WHWI",-88.8162,42.8311,252,272,122,128,155,159,205,207,177,187,341,343,183,187,235,241
"1656","U2341","WHWI",-88.81645,42.831183,248,272,128,130,155,165,199,211,171,177,333,337,169,187,221,235
"1658","U2343","WHWI",-88.816017,42.831133,262,284,128,130,165,171,207,207,171,185,343,343,169,189,235,237
"1661","U2347","WHWI",-88.8148,42.831367,276,284,104,128,159,163,203,207,171,193,333,343,189,189,235,235
"1662","U2348","WHWI",-88.814133,42.8313,248,276,128,130,159,181,207,211,183,193,335,335,169,177,235,235
"1664","U2350","WHWI",-88.813633,42.8308,248,248,122,124,159,163,199,207,171,185,327,333,169,193,227,227
"1665","U2351","WHWI",-88.812567,42.830683,250,272,128,134,159,159,203,207,177,183,327,343,169,169,235,235
"1667","U2353","WHWI",-88.812583,42.8305,248,276,124,130,163,165,201,207,171,185,327,343,169,189,221,227
"1670","U2356","WHWI",-88.81255,42.830217,248,276,130,130,163,163,201,207,187,193,333,343,169,169,235,235
"1672","U2358","WHWI",-88.81245,42.828917,272,288,122,124,163,163,203,207,177,193,333,337,189,193,221,235
"1673","U2359","WHWI",-88.812317,42.828933,248,290,124,124,163,163,203,211,183,187,333,343,187,189,221,237
"1674","U2360","WHWI",-88.812183,42.829717,272,272,122,124,159,163,207,219,183,187,327,333,187,189,227,237
"1677","U2363","WHWI",-88.812933,42.829983,250,272,130,130,161,167,207,211,173,185,333,339,189,193,229,235
"1682","U2308","WWI",-89.1117,44.546617,248,272,128,132,161,163,207,211,171,171,335,339,183,187,235,237
"1683","U2309","WWI",-89.1118,44.545567,278,280,124,130,163,165,207,207,171,187,333,339,187,189,235,237
"1685","U2311","WWI",-89.112033,44.545333,248,278,128,130,155,163,207,211,171,189,333,339,187,189,223,223
"1686","U2312","WWI",-89.1124,44.545433,248,278,104,130,163,165,199,207,171,189,333,333,169,183,223,235
"1687","U2313","WWI",-89.1125,44.544933,252,272,128,128,163,175,199,207,171,183,333,339,187,187,223,235
"1688","U2314","WWI",-89.112617,44.544917,268,272,115,124,165,175,207,207,183,183,339,339,183,183,227,235
"1691","U2317","WWI",-89.109933,44.546317,248,248,122,128,159,173,207,211,171,183,333,333,169,181,223,237
"1692","U2318","WWI",-89.109433,44.546217,270,276,104,115,163,173,197,207,171,189,333,333,187,191,221,235
"1693","U2319","WWI",-89.1092,44.545117,272,278,104,124,163,165,205,207,171,183,327,339,187,191,223,235
"1700","U2520","VSH123",-78.793487,38.1022573,254,256,104,122,161,171,207,207,189,193,327,335,169,189,221,223
"1701","U2522","VSH123",-78.7816175,38.1035165,248,262,128,134,163,173,199,201,0,0,0,0,181,183,235,235
"1702","U2524","VSH123",-78.7805417,38.1041718,248,256,130,136,155,159,203,221,171,185,339,339,169,183,223,235
"1703","U2525","VSH123",-78.7805417,38.2537572,248,260,120,134,171,175,209,209,177,179,339,341,169,177,221,221
"1704","U2526","VSH123",-78.7799288,38.2536746,248,260,104,128,159,171,209,219,177,177,339,341,181,191,221,239
"1705","U2533","VSH123",-78.6894898,38.3119833,0,0,122,128,0,0,203,203,171,187,327,339,169,189,227,235
"1706","U2534","VSH123",-78.6238036,38.3120197,248,274,122,128,171,177,203,211,183,185,339,341,169,187,223,235
"1707","U2509","VSH123",-78.1876972,38.7881137,248,254,124,128,161,163,207,209,177,187,335,339,169,183,235,235
"1708","U2510","VSH123",-78.1907819,38.7757936,248,248,120,128,167,171,199,207,171,189,331,333,169,177,235,235
"1709","U2511","VSH123",-78.1940075,38.74861,248,256,128,150,161,167,203,207,179,185,327,327,181,187,223,227
"1710","U2512","VSH123",-78.2088657,38.6569764,248,268,104,128,161,167,203,207,179,187,327,341,169,191,221,227
"1711","U2537","VSH123",-78.3146542,38.7043689,260,274,122,134,167,167,205,207,181,185,327,339,191,191,221,235
"1712","U2538","VSH123",-78.3073265,38.7004278,270,270,130,130,167,173,207,207,175,175,335,339,169,191,221,221
"1713","U2539","VSH123",-78.3045032,38.7088371,256,278,104,104,163,165,205,207,171,187,327,333,169,183,235,237
"1714","U2515","VSH123",-78.3190152,38.0577588,270,284,124,156,167,171,0,0,183,183,331,337,173,187,233,235
"1715","U2516","VSH123",-78.3190152,38.0930315,254,270,128,128,163,171,203,217,179,187,0,0,169,169,235,237
"1716","U2519","VSH123",-78.3190152,38.1020021,256,264,120,132,165,179,195,205,0,0,327,335,169,185,235,235
"1719","U2528","VSH123",-78.6826194,38.2537185,248,250,104,132,171,175,203,209,185,185,333,337,181,189,235,235
"1721","U2531","VSH123",-78.6825691,38.2492597,256,268,124,132,161,163,203,205,177,193,327,339,169,183,227,233
