<?xml version="1.0" encoding="utf-8"?>
<eml:eml xmlns:eml="eml://ecoinformatics.org/eml-2.1.1" xmlns:xsi="http://www.w3.org/2001/XMLSchema-instance"
         xsi:schemaLocation="eml://ecoinformatics.org/eml-2.1.1 http://rs.gbif.org/schema/eml-gbif-profile/1.1/eml.xsd"
        packageId="03929cfc-82e3-4f21-97e3-7be4de285584"  system="http://gbif.org" scope="system"
  xml:lang="pt">

<dataset>
      <alternateIdentifier>10.15468/sihvr7</alternateIdentifier>
        <alternateIdentifier>03929cfc-82e3-4f21-97e3-7be4de285584</alternateIdentifier>
        <alternateIdentifier>http://ipt1.cria.org.br/ipt/resource?r=spfw</alternateIdentifier>
    <title>SPFw - Xiloteca do Instituto de Biociências da Universidade de São Paulo</title>
    <creator>
    <individualName>
<givenName>Gregório</givenName>          <surName>Ceccantini</surName>
    </individualName>
<organizationName>Universidade de São Paulo (USP)</organizationName><positionName>Curador</positionName>    <address>
<deliveryPoint>Departamento de Botânica; Rua do Matão 277 - Cidade Universitária</deliveryPoint><city>São Paulo</city><administrativeArea>São Paulo</administrativeArea><postalCode>05508-090</postalCode><country>BRAZIL</country>    </address>
<phone>+55 11 3091-7949</phone><electronicMailAddress>gregorio@usp.br</electronicMailAddress><onlineUrl>http://splink.cria.org.br/manager/detail?resource=SPFw</onlineUrl>    </creator>
    <metadataProvider>
    <individualName>
<givenName>Gregório</givenName>          <surName>Ceccantini</surName>
    </individualName>
<organizationName>Universidade de São Paulo (USP)</organizationName><positionName>Curador</positionName>    <address>
<deliveryPoint>Departamento de Botânica; Rua do Matão 277 - Cidade Universitária</deliveryPoint><city>São Paulo</city><administrativeArea>São Paulo</administrativeArea><postalCode>05508-090</postalCode><country>BRAZIL</country>    </address>
<phone>+55 11 3091-7949</phone><electronicMailAddress>gregorio@usp.br</electronicMailAddress><onlineUrl>http://splink.cria.org.br/manager/detail?resource=SPFw</onlineUrl>    </metadataProvider>
    <associatedParty>
    <individualName>
          <surName>speciesLink Network</surName>
    </individualName>
<organizationName>Centro de Referência em Informação Ambiental, CRIA</organizationName><positionName>Network</positionName>    <address>
<deliveryPoint>Av. Dr. Romeu Tórtima, 388</deliveryPoint><city>Campinas</city><administrativeArea>São Paulo</administrativeArea><postalCode>13084-791</postalCode><country>BRAZIL</country>    </address>
<phone>+55 19 3288-0466</phone><electronicMailAddress>splink@cria.org.br</electronicMailAddress><onlineUrl>http://splink.cria.org.br</onlineUrl>    <role>CUSTODIAN_STEWARD</role>
    </associatedParty>
      <pubDate>
      2021-04-08
      </pubDate>
    <language>PORTUGUESE</language>
    <abstract>
        <para>O acervo conta com cerca de 5.500 amostras de madeira, sendo cerca de 1.000 referenciadas por exsicatas de herbários, distribuídas em diversas instituições (MBM, INPA, UNAM, SPF, SP, JBRJ). A maior relevância da coleção é como xiloteca realmente representativa de áreas de cerrado do Brasil, com cerca de 1.500 amostras do Triângulo Mineiro, Mato Grosso e norte do Paraná, mas também possui cerca de 1.000 amostras da Amazônia. Há também coleções importantes para a Nicarágua, Mata Atlântica de São Paulo e os campos rupestres, que é o ponto forte do herbário SPF. Também são bem representados os taxa já estudados pela equipe, como Myrtaceae, Euphorbiaceae Leguminosae, Simaroubaceae, Rutaceae, Palmae. Uma das maiores coleções, com cerca de 600 amostras é coleção de referência para trabalhos arqueológicos da Missão Arqueológica Franco-Brasileira, que atua em convênio firmado entre o Museu de Arqueologia e Etnologia da USP e o Muséum Nacional d&amp;#39;Histoire Naturelle de Paris. Outra coleção destacada é a de dendrocronologia, contando com centenas de baquetas de amostragens não destrutivas obtidas com trados de incremento e motorizados e uma coleção de discos inteiros, obtidos de árvores caídas na mata ou de extrações comerciais. Associada à xiloteca, há uma coleção de mais de 5.000 lâminas histológicas, que são produtos e documentos dos trabalhos científicos produzidos nos últimos anos pelas equipes e pode-se dizer que são uma preciosidade, dada a elevada qualidade de nossas lâminas, reconhecida internacionalmente. A xiloteca SPFw apresenta intercâmbio com as xilotecas da Universidade Federal do Paraná (PRFLw), com o Jardim Botânico do Rio de Janeiro (JBw), USP Piracicaba (ESALQw), com o Instituto de Pesquisas Tecnológicas do Estado de São Paulo (BCTw), que apresenta a maior coleção do Brasil e com duplicatas em algumas das maiores coleções mundo como a do US Forest Service, em Madison (Mw), CIRAD Fôret, de Montpelier (França), e Hamburgo (Alemanha). A xiloteca SPF fornece madeiras para pesquisadores e estudantes do Brasil e do exterior, sendo depósito das madeiras do programa de pós-graduação em Botânica do Departamento de Botânica. Além disso presta serviços de identificação de madeiras para a comunidade em geral, atividades educacionais, sempre em atividades não comerciais e de pesquisa, sobretudo de material arqueológico.</para>
    </abstract>
        <keywordSet>
              <keyword>Occurrence</keyword>
              <keywordThesaurus>GBIF Dataset Type Vocabulary: http://rs.gbif.org/vocabulary/gbif/dataset_type.xml</keywordThesaurus>
        </keywordSet>
        <keywordSet>
              <keyword>Specimen</keyword>
              <keywordThesaurus>GBIF Dataset Subtype Vocabulary: http://rs.gbif.org/vocabulary/gbif/dataset_subtype.xml</keywordThesaurus>
        </keywordSet>
      <intellectualRights>
        <para>This work is licensed under a <ulink url="http://creativecommons.org/licenses/by-nc/4.0/legalcode"><citetitle>Creative Commons Attribution Non Commercial (CC-BY-NC) 4.0 License</citetitle></ulink>.</para>
      </intellectualRights>
      <distribution scope="document">
          <online>
              <url function="information">http://splink.cria.org.br/manager/detail?resource=SPFw</url>
          </online>
      </distribution>
      <coverage>
            <geographicCoverage>
                  <geographicDescription>Predominantemente Brasil</geographicDescription>
                  <boundingCoordinates>
                      <westBoundingCoordinate>-74</westBoundingCoordinate>
                      <eastBoundingCoordinate>-30</eastBoundingCoordinate>
                      <northBoundingCoordinate>5.27</northBoundingCoordinate>
                      <southBoundingCoordinate>-33.75</southBoundingCoordinate>
                  </boundingCoordinates>
            </geographicCoverage>
              <taxonomicCoverage>
                    <taxonomicClassification>
                          <taxonRankName>Kingdom</taxonRankName>
                        <taxonRankValue>Plantae</taxonRankValue>
                    </taxonomicClassification>
              </taxonomicCoverage>
      </coverage>
      <maintenance>
          <description>
              <para></para>
          </description>
          <maintenanceUpdateFrequency>monthly</maintenanceUpdateFrequency>
      </maintenance>
      <contact>
    <individualName>
<givenName>Gregório</givenName>          <surName>Ceccantini</surName>
    </individualName>
<organizationName>Universidade de São Paulo (USP)</organizationName><positionName>Curador</positionName>    <address>
<deliveryPoint>Departamento de Botânica; Rua do Matão 277 - Cidade Universitária</deliveryPoint><city>São Paulo</city><administrativeArea>São Paulo</administrativeArea><postalCode>05508-090</postalCode><country>BRAZIL</country>    </address>
<phone>+55 11 3091-7949</phone><electronicMailAddress>gregorio@usp.br</electronicMailAddress><onlineUrl>http://splink.cria.org.br/manager/detail?resource=SPFw</onlineUrl>      </contact>
      <methods>
            <methodStep>
                <description>
                    <para></para>
                </description>
            </methodStep>
      </methods>

      <project >
          <title>INCT - Herbário Virtual da Flora e dos Fungos</title>
          <personnel>
    <individualName>
<givenName>Leonor</givenName>          <surName>Costa Maia</surName>
    </individualName>
    <role>DISTRIBUTOR</role>
          </personnel>
          <abstract>
              <para>O Instituto Nacional de Ciência e Tecnologia, INCT - Herbário Virtual da Flora e dos Fungos, financiado pelo Conselho Nacional de Desenvolvimento Científico e Tecnológico, CNPq, visa prover à sociedade, ao poder público e à comunidade científica infraestrutura de dados de acesso público e aberto integrando informações de acervos dos herbários do país e repatriando dados sobre coletas realizadas em solo brasileiro depositadas no exterior</para>
          </abstract>
          <funding>
              <para>Conselho Nacional de Desenvolvimento Científico e Tecnológico, CNPq</para>
          </funding>
            <studyAreaDescription>
                <descriptor name="generic" citableClassificationSystem="false">
                    <descriptorValue>Ocorrência de espécies de plantas e fungos no Brasil</descriptorValue>
                </descriptor>
            </studyAreaDescription>
      </project>
</dataset>

<additionalMetadata>
    <metadata>
      <gbif>
        <dateStamp>2021-04-26T19:05:47Z</dateStamp>
      <citation identifier="  http://splink.cria.org.br/manager/detail?resource=SPFw">Ceccantini G (2021). SPFw - Xiloteca do Instituto de Biociências da Universidade de São Paulo. Version 1.73. Universidade de São Paulo. Occurrence dataset https://doi.org/10.15468/sihvr7 accessed via GBIF.org on 2021-04-26.</citation>
              <resourceLogoUrl>http://ipt1.cria.org.br/ipt/logo.do?r=spfw</resourceLogoUrl>
        </gbif>
    </metadata>
</additionalMetadata>

</eml:eml>
