<?xml version="1.0" encoding="utf-8"?>
<eml:eml xmlns:eml="eml://ecoinformatics.org/eml-2.1.1" xmlns:xsi="http://www.w3.org/2001/XMLSchema-instance"
         xsi:schemaLocation="eml://ecoinformatics.org/eml-2.1.1 http://rs.gbif.org/schema/eml-gbif-profile/1.1/eml.xsd"
        packageId="54086159-ab02-4669-bc8a-0ad4be3dbfef"  system="http://gbif.org" scope="system"
  xml:lang="en">

<dataset>
      <alternateIdentifier>10.15468/9phobx</alternateIdentifier>
        <alternateIdentifier>https://ipt.plantatlas.usf.edu/resource?r=but_herb</alternateIdentifier>
        <alternateIdentifier>54086159-ab02-4669-bc8a-0ad4be3dbfef</alternateIdentifier>
        <alternateIdentifier>http://ipt.plantatlas.usf.edu/resource?r=but_herb</alternateIdentifier>
        <alternateIdentifier>e9be3ae9-cba5-4778-8133-9b44d459f465</alternateIdentifier>
    <title>Butler University Friesner Herbarium (BUT)</title>
    <creator>
    <individualName>
<givenName>Rebecca W.</givenName>          <surName>Dolan</surName>
    </individualName>
<organizationName>Butler University</organizationName><positionName>Director</positionName>    <address>
<deliveryPoint>4600 Sunset Avenue.</deliveryPoint><city>Indianapolis</city><administrativeArea>Indiana</administrativeArea><postalCode>46208</postalCode><country>UNITED_STATES</country>    </address>
<phone>+1-317-940-9413</phone><electronicMailAddress>rdolan@butler.edu</electronicMailAddress><onlineUrl>http://www.butler.edu/herbarium</onlineUrl>    </creator>
    <metadataProvider>
    <individualName>
<givenName>Marcia</givenName>          <surName>Moore</surName>
    </individualName>
<organizationName>Butler University</organizationName><positionName>Assistant</positionName>    <address>
<deliveryPoint>4600 Sunset Avenue.</deliveryPoint><city>Indianapolis</city><administrativeArea>Indiana</administrativeArea><postalCode>46208</postalCode><country>UNITED_STATES</country>    </address>
<phone>+1-317-940-8302</phone><electronicMailAddress>mmoore@butler.edu</electronicMailAddress><onlineUrl>http://www.butler.edu/herbarium</onlineUrl>    </metadataProvider>
    <associatedParty>
    <individualName>
<givenName>Marcia</givenName>          <surName>Moore</surName>
    </individualName>
<organizationName>Butler University</organizationName><positionName>Assistant</positionName>    <address>
<deliveryPoint>4600 Sunset Avenue.</deliveryPoint><city>Indianapolis</city><administrativeArea>Indiana</administrativeArea><postalCode>46208</postalCode><country>UNITED_STATES</country>    </address>
<phone>+1-317-940-8302</phone><electronicMailAddress>mmoore@butler.edu</electronicMailAddress><onlineUrl>http://www.butler.edu/herbarium</onlineUrl>    <role>USER</role>
    </associatedParty>
      <pubDate>
      2021-04-19
      </pubDate>
    <language>ENGLISH</language>
    <abstract>
        <para>The Friesner Herbarium is a systematic collection of over 100,000 dried, pressed and preserved plant specimens.  The Herbarium, third largest in the state, grew out of the personal collections of Dr. Ray C. Friesner, Professor and Chair of the Botany Department, 1920-1952.  Many students and other Butler faculty have contributed plants through the years.  The specimens, with their carefully documented labels, comprise a reference library on historical distribution, habitats, and timing of flower and fruit production.  The collection&amp;#39;s voucher specimens serve to verify plant identification.
 
Although the Herbarium contains plants from around the world, the collection emphasizes plants of Indiana.  The collection has samples of 96% of the approximately 2500 taxa of native Indiana plants.  Multiple specimens are present for most plants, providing more information than single drawings or photographs from books to assist in learning what a plant looks like.  Most of our collections were made during the first half of the century and now constitute documentation of Indiana&amp;#39;s historical vegetation.  They also provide information on the habitat (e.g., woods, swamp, prairie) where plants were collected and would likely be found again.</para>
    </abstract>
        <keywordSet>
              <keyword>Occurrence</keyword>
              <keywordThesaurus>GBIF Dataset Type Vocabulary: http://rs.gbif.org/vocabulary/gbif/dataset_type.xml</keywordThesaurus>
        </keywordSet>
        <keywordSet>
              <keyword>Specimen</keyword>
              <keywordThesaurus>GBIF Dataset Subtype Vocabulary: http://rs.gbif.org/vocabulary/gbif/dataset_subtype.xml</keywordThesaurus>
        </keywordSet>
      <intellectualRights>
        <para>To the extent possible under law, the publisher has waived all rights to these data and has dedicated them to the <ulink url="http://creativecommons.org/publicdomain/zero/1.0/legalcode"><citetitle>Public Domain (CC0 1.0)</citetitle></ulink>. Users may copy, modify, distribute and use the work, including for commercial purposes, without restriction.</para>
      </intellectualRights>
      <distribution scope="document">
          <online>
              <url function="information">https://herbarium.butler.edu/</url>
          </online>
      </distribution>
      <maintenance>
          <description>
              <para></para>
          </description>
          <maintenanceUpdateFrequency>weekly</maintenanceUpdateFrequency>
      </maintenance>
      <contact>
    <individualName>
<givenName>Rebecca W.</givenName>          <surName>Dolan</surName>
    </individualName>
<organizationName>Butler University</organizationName><positionName>Director</positionName>    <address>
<deliveryPoint>4600 Sunset Avenue.</deliveryPoint><city>Indianapolis</city><administrativeArea>Indiana</administrativeArea><postalCode>46208</postalCode><country>UNITED_STATES</country>    </address>
<phone>+1-317-940-9413</phone><electronicMailAddress>rdolan@butler.edu</electronicMailAddress><onlineUrl>http://www.butler.edu/herbarium</onlineUrl>      </contact>

      <project >
          <title>Indiana Plant Atlas Project</title>
          <personnel>
    <individualName>
<givenName>Rebecca W.</givenName>          <surName>Dolan</surName>
    </individualName>
    <role>PRINCIPAL_INVESTIGATOR</role>
          </personnel>
          <abstract>
              <para>The Indiana Plant Atlas is a botany resource for plant enthusiasts, professionals, students and teachers. The IPA is a joint effort by the Indiana Herbarium Consortium and Butler University to provide users with a comprehensive searchable database of plants that occur growing outside of cultivation in Indiana. The IPA provides a source of information for each species, including the distribution within the state using historical and recent data.</para>
          </abstract>
          <funding>
              <para>Funded by a Butler Innovation Grant for 3 years for development and maintenance of the site.</para>
          </funding>
            <studyAreaDescription>
                <descriptor name="generic" citableClassificationSystem="false">
                    <descriptorValue>The Atlas will contain all of the records from our Indiana specimen database (approximately 46,000), including the images from specimen sheets that have been digitally imaged (~ 20,000 so far).</descriptorValue>
                </descriptor>
            </studyAreaDescription>
            <designDescription>
                <description>
                    <para>We will be working with a team from the Plant Atlas at the University of South Florida to provide the template which has successfully been used for three other states. In addition to posting our records, our hope is to build an Indiana Consortium of botanical collections from around the state. This would include vouchered records from herbaria as well as documented inventories.</para>
                </description>
            </designDescription>
      </project>
</dataset>

<additionalMetadata>
    <metadata>
      <gbif>
        <dateStamp>2021-04-26T19:05:57Z</dateStamp>
      <citation identifier="https://doi.org/10.15468/9phobx">Dolan R W, Moore M (2021). Butler University Friesner Herbarium (BUT). Version 11.289. USF Water Institute. Occurrence dataset https://doi.org/10.15468/9phobx accessed via GBIF.org on 2021-04-26.</citation>
              <resourceLogoUrl>https://cdn.plantatlas.org/img/logos/butleruniv_vert_blk_1-4.jpg</resourceLogoUrl>
              <collection>
                <parentCollectionIdentifier>Not applicable</parentCollectionIdentifier>
                <collectionIdentifier>urn:lsid:biocol.org:col:15725</collectionIdentifier>
                <collectionName>Butler University, Friesner Herbarium</collectionName>
              </collection>
                <specimenPreservationMethod>DRIED_AND_PRESSED</specimenPreservationMethod>
        </gbif>
    </metadata>
</additionalMetadata>

</eml:eml>
