<?xml version="1.0" encoding="utf-8"?>
<eml:eml xmlns:eml="eml://ecoinformatics.org/eml-2.1.1" xmlns:xsi="http://www.w3.org/2001/XMLSchema-instance"
         xsi:schemaLocation="eml://ecoinformatics.org/eml-2.1.1 http://rs.gbif.org/schema/eml-gbif-profile/1.1/eml.xsd"
        packageId="71e10380-f762-11e1-a439-00145eb45e9a"  system="http://gbif.org" scope="system"
  xml:lang="en">

<dataset>
      <alternateIdentifier>10.15468/f31qvn</alternateIdentifier>
        <alternateIdentifier>http://science-net.kahaku.go.jp/ipt2/resource?r=snet-1127-101</alternateIdentifier>
        <alternateIdentifier>http://gbif.science-net.kahaku.go.jp:8081/ipt2/resource?r=snet-1127-101</alternateIdentifier>
        <alternateIdentifier>71e10380-f762-11e1-a439-00145eb45e9a</alternateIdentifier>
        <alternateIdentifier>9137</alternateIdentifier>
    <title>Plant Specimens collections of the Kyushu University Museum</title>
    <creator>
    <individualName>
<givenName>Misako</givenName>          <surName>Mishima</surName>
    </individualName>
<organizationName>Kyushu University Museum</organizationName><positionName>Curator</positionName>    <address>
<country>JAPAN</country>    </address>
<electronicMailAddress>mishima@museum.kyushu-u.ac.jp</electronicMailAddress>    </creator>
    <metadataProvider>
    <individualName>
<givenName>Osamu</givenName>          <surName>Tadauchi</surName>
    </individualName>
<organizationName>Kyushu University Museum</organizationName><positionName>Director</positionName>    <address>
<country>JAPAN</country>    </address>
<electronicMailAddress>office@museum.kyushu-u.ac.jp</electronicMailAddress>    </metadataProvider>
      <pubDate>
      2020-03-06
      </pubDate>
    <language>ENGLISH</language>
    <abstract>
        <para>Plant Specimens collections deposited in the Kyushu University Museum, Japan.</para>
    </abstract>
        <keywordSet>
              <keyword>Occurrence</keyword>
              <keywordThesaurus>GBIF Dataset Type Vocabulary: http://rs.gbif.org/vocabulary/gbif/dataset_type.xml</keywordThesaurus>
        </keywordSet>
      <intellectualRights>
        <para>This work is licensed under a <ulink url="http://creativecommons.org/licenses/by/4.0/legalcode"><citetitle>Creative Commons Attribution (CC-BY) 4.0 License</citetitle></ulink>.</para>
      </intellectualRights>
      <distribution scope="document">
          <online>
              <url function="information">http://www.kmnh.jp/index_e.html</url>
          </online>
      </distribution>
      <maintenance>
          <description>
              <para></para>
          </description>
          <maintenanceUpdateFrequency>unkown</maintenanceUpdateFrequency>
      </maintenance>
      <contact>
    <individualName>
<givenName>Osamu</givenName>          <surName>Tadauchi</surName>
    </individualName>
<organizationName>Kyushu University Museum</organizationName><positionName>Director</positionName>    <address>
<country>JAPAN</country>    </address>
<electronicMailAddress>office@museum.kyushu-u.ac.jp</electronicMailAddress><onlineUrl>http://www.museum.kyushu-u.ac.jp/</onlineUrl>      </contact>

</dataset>

<additionalMetadata>
    <metadata>
      <gbif>
        <dateStamp>2021-04-26T19:05:52Z</dateStamp>
      <citation>Mishima M, Tadauchi O (2020). Plant Specimens collections of the Kyushu University Museum. National Museum of Nature and Science, Japan. Occurrence dataset https://doi.org/10.15468/f31qvn accessed via GBIF.org on 2021-04-26.</citation>
        </gbif>
    </metadata>
</additionalMetadata>

</eml:eml>
