<?xml version="1.0" encoding="utf-8"?>
<eml:eml xmlns:eml="eml://ecoinformatics.org/eml-2.1.1" xmlns:xsi="http://www.w3.org/2001/XMLSchema-instance"
         xsi:schemaLocation="eml://ecoinformatics.org/eml-2.1.1 http://rs.gbif.org/schema/eml-gbif-profile/1.1/eml.xsd"
        packageId="8335054b-97cf-4b0d-ab9f-e5fda37cc64d"  system="http://gbif.org" scope="system"
  xml:lang="en">

<dataset>
      <alternateIdentifier>10.15468/sa2y6d</alternateIdentifier>
        <alternateIdentifier>8335054b-97cf-4b0d-ab9f-e5fda37cc64d</alternateIdentifier>
        <alternateIdentifier>http://ipt.nature.ca/resource?r=cmn_palaeobotany</alternateIdentifier>
    <title>Canadian Museum of Nature Palaeobotany Collection</title>
    <creator>
    <individualName>
<givenName>Kieran</givenName>          <surName>Shepherd</surName>
    </individualName>
<organizationName>Canadian Museum of Nature</organizationName><positionName>Curator, Palaeobiology</positionName>    <address>
<city>Ottawa</city><administrativeArea>Ontario</administrativeArea><country>CANADA</country>    </address>
<phone>1-613-364-4054</phone><electronicMailAddress>kshepherd@nature.ca</electronicMailAddress><onlineUrl>https://nature.ca/en/research-collections/science-experts/kieran-shepherd</onlineUrl>    </creator>
    <metadataProvider>
    <individualName>
<givenName>Kieran</givenName>          <surName>Shepherd</surName>
    </individualName>
<organizationName>Canadian Museum of Nature</organizationName><positionName>Curator, Palaeobiology</positionName>    <address>
<city>Ottawa</city><administrativeArea>Ontario</administrativeArea><country>CANADA</country>    </address>
<phone>1-613-364-4054</phone><electronicMailAddress>kshepherd@nature.ca</electronicMailAddress><onlineUrl>https://nature.ca/en/research-collections/science-experts/kieran-shepherd</onlineUrl>    </metadataProvider>
    <metadataProvider>
    <individualName>
<givenName>John</givenName>          <surName>Torgersen</surName>
    </individualName>
<organizationName>Canadian Museum of Nature</organizationName><positionName>Assistant Collections Information Manager</positionName>    <address>
<city>Ottawa</city><administrativeArea>Ontario</administrativeArea><country>CANADA</country>    </address>
<electronicMailAddress>jtorgersen@nature.ca</electronicMailAddress>    </metadataProvider>
    <associatedParty>
    <individualName>
<givenName>Kieran</givenName>          <surName>Shepherd</surName>
    </individualName>
<organizationName>Canadian Museum of Nature</organizationName><positionName>Curator, Palaeobiology</positionName>    <address>
<city>Ottawa</city><administrativeArea>Ontario</administrativeArea><country>CANADA</country>    </address>
<phone>1-613-364-4054</phone><electronicMailAddress>kshepherd@nature.ca</electronicMailAddress><onlineUrl>https://nature.ca/en/research-collections/science-experts/kieran-shepherd</onlineUrl>    <role>CURATOR</role>
    </associatedParty>
    <associatedParty>
    <individualName>
<givenName>Kieran</givenName>          <surName>Shepherd</surName>
    </individualName>
<organizationName>Canadian Museum of Nature</organizationName><positionName>Curator, Palaeobiology</positionName>    <address>
<city>Ottawa</city><administrativeArea>Ontario</administrativeArea><country>CANADA</country>    </address>
<phone>1-613-364-4054</phone><electronicMailAddress>kshepherd@nature.ca</electronicMailAddress><onlineUrl>https://nature.ca/en/research-collections/science-experts/kieran-shepherd</onlineUrl>    <role>POINT_OF_CONTACT</role>
    </associatedParty>
      <pubDate>
      2021-02-08
      </pubDate>
    <language>ENGLISH</language>
    <abstract>
        <para>Our Fossil Plant Collection is a small but important representation of Canadian flora, particularly from the Cretaceous and Palaeogene (during what was formerly known as the Tertiary).</para>
    </abstract>
        <keywordSet>
              <keyword>Occurrence</keyword>
              <keywordThesaurus>GBIF Dataset Type Vocabulary: http://rs.gbif.org/vocabulary/gbif/dataset_type.xml</keywordThesaurus>
        </keywordSet>
        <keywordSet>
              <keyword>Specimen</keyword>
              <keywordThesaurus>GBIF Dataset Subtype Vocabulary: http://rs.gbif.org/vocabulary/gbif/dataset_subtype.xml</keywordThesaurus>
        </keywordSet>
      <intellectualRights>
        <para>This work is licensed under a <ulink url="http://creativecommons.org/licenses/by/4.0/legalcode"><citetitle>Creative Commons Attribution (CC-BY) 4.0 License</citetitle></ulink>.</para>
      </intellectualRights>
      <distribution scope="document">
          <online>
              <url function="information">https://nature.ca/en/research-collections/collections</url>
          </online>
      </distribution>
      <maintenance>
          <description>
              <para></para>
          </description>
          <maintenanceUpdateFrequency>asNeeded</maintenanceUpdateFrequency>
      </maintenance>
      <contact>
    <individualName>
<givenName>Kieran</givenName>          <surName>Shepherd</surName>
    </individualName>
<organizationName>Canadian Museum of Nature</organizationName><positionName>Curator, Palaeobiology</positionName>    <address>
<city>Ottawa</city><administrativeArea>Ontario</administrativeArea><country>CANADA</country>    </address>
<phone>1-613-364-4054</phone><electronicMailAddress>kshepherd@nature.ca</electronicMailAddress><onlineUrl>https://nature.ca/en/research-collections/science-experts/kieran-shepherd</onlineUrl>      </contact>
      <contact>
    <individualName>
<givenName>Margaret</givenName>          <surName>Currie</surName>
    </individualName>
<organizationName>Canadian Museum of Nature</organizationName><positionName>Collection Technician</positionName>    <address>
<city>Ottawa</city><administrativeArea>Ontario</administrativeArea><country>CANADA</country>    </address>
<phone>1-613-566-4251</phone><electronicMailAddress>mcurrie@nature.ca</electronicMailAddress>      </contact>

</dataset>

<additionalMetadata>
    <metadata>
      <gbif>
        <dateStamp>2021-04-26T19:05:54Z</dateStamp>
      <citation>Shepherd K, Torgersen J (2021). Canadian Museum of Nature Palaeobotany Collection. Version 1.7. Canadian Museum of Nature. Occurrence dataset https://doi.org/10.15468/sa2y6d accessed via GBIF.org on 2021-04-26.</citation>
              <resourceLogoUrl>http://ipt.nature.ca/logo.do?r=cmn_palaeobotany</resourceLogoUrl>
        </gbif>
    </metadata>
</additionalMetadata>

</eml:eml>
