<?xml version="1.0" encoding="utf-8"?>
<eml:eml xmlns:eml="eml://ecoinformatics.org/eml-2.1.1" xmlns:xsi="http://www.w3.org/2001/XMLSchema-instance"
         xsi:schemaLocation="eml://ecoinformatics.org/eml-2.1.1 http://rs.gbif.org/schema/eml-gbif-profile/1.1/eml.xsd"
        packageId="8465fd6c-f762-11e1-a439-00145eb45e9a"  system="http://gbif.org" scope="system"
  xml:lang="en">

<dataset>
      <alternateIdentifier>10.15468/wh6pj6</alternateIdentifier>
        <alternateIdentifier>512</alternateIdentifier>
    <title>Royal Botanical Gardens Herbarium</title>
    <language>ENGLISH</language>
    <abstract>
        <para>Data provided electronically 2001, latitude and longitude provided by collector or collection.</para>
    </abstract>
      <intellectualRights>
        <para>This work is licensed under a <ulink url="http://creativecommons.org/licenses/by/4.0/legalcode"><citetitle>Creative Commons Attribution (CC-BY) 4.0 License</citetitle></ulink>.</para>
      </intellectualRights>
      <distribution scope="document">
          <online>
              <url function="information">http://www.rbg.ca/</url>
          </online>
      </distribution>
      <maintenance>
          <description>
              <para></para>
          </description>
          <maintenanceUpdateFrequency>unkown</maintenanceUpdateFrequency>
      </maintenance>
      <contact>
    <individualName>
          <surName>David Galbraith</surName>
    </individualName>
<phone>1 905 527-1158 ext 309</phone><electronicMailAddress>dgalbraith[AT]rbg.ca</electronicMailAddress>      </contact>

</dataset>

<additionalMetadata>
    <metadata>
      <gbif>
        <dateStamp>2021-04-26T19:05:56Z</dateStamp>
      <citation>Canadian Biodiversity Information Facility. Royal Botanical Gardens Herbarium. Occurrence dataset https://doi.org/10.15468/wh6pj6 accessed via GBIF.org on 2021-04-26.</citation>
              <physical>
                  <objectName>GBIF Occurrence Download</objectName>
                  <characterEncoding>UTF-8</characterEncoding>
                  <dataFormat>
                      <externallyDefinedFormat>
                          <formatName>Darwin Core Archive</formatName>
                      </externallyDefinedFormat>
                  </dataFormat>
                  <distribution>
                      <online>
                          <url function="download">http://api.gbif.org/v1/occurrence/download/request/0012553-180131172636756.zip</url>
                      </online>
                  </distribution>
              </physical>
        </gbif>
    </metadata>
</additionalMetadata>

</eml:eml>
