<?xml version="1.0" encoding="utf-8"?>
<eml:eml xmlns:eml="eml://ecoinformatics.org/eml-2.1.1" xmlns:xsi="http://www.w3.org/2001/XMLSchema-instance"
         xsi:schemaLocation="eml://ecoinformatics.org/eml-2.1.1 http://rs.gbif.org/schema/eml-gbif-profile/1.1/eml.xsd"
        packageId="85802736-f762-11e1-a439-00145eb45e9a"  system="http://gbif.org" scope="system"
  xml:lang="en">

<dataset>
      <alternateIdentifier>10.15468/ce7fox</alternateIdentifier>
        <alternateIdentifier>1429</alternateIdentifier>
    <title>United States National Plant Germplasm System Collection</title>
    <associatedParty>
    <individualName>
          <surName>National Center for Genetic Resources Preservation</surName>
    </individualName>
<electronicMailAddress>nssl@ars-grin.gov</electronicMailAddress>    <role>POINT_OF_CONTACT</role>
    </associatedParty>
    <associatedParty>
    <individualName>
          <surName>Southern Regional PI Station</surName>
    </individualName>
<electronicMailAddress>gary.pederson@ars.usda.gov</electronicMailAddress>    <role>POINT_OF_CONTACT</role>
    </associatedParty>
    <associatedParty>
    <individualName>
          <surName>National Arboretum</surName>
    </individualName>
<electronicMailAddress>nakc@ars-grin.gov</electronicMailAddress>    <role>POINT_OF_CONTACT</role>
    </associatedParty>
    <associatedParty>
    <individualName>
          <surName>Natl. Germplasm Repository - Corvallis</surName>
    </individualName>
<electronicMailAddress>khummer@ars-grin.gov</electronicMailAddress>    <role>POINT_OF_CONTACT</role>
    </associatedParty>
    <associatedParty>
    <individualName>
          <surName>Western Regional PI Station</surName>
    </individualName>
<electronicMailAddress>w6ds@ars-grin.gov</electronicMailAddress>    <role>POINT_OF_CONTACT</role>
    </associatedParty>
    <associatedParty>
    <individualName>
          <surName>Plant Germplasm Quarantine Office</surName>
    </individualName>
<electronicMailAddress>pgqo@ars-grin.gov</electronicMailAddress>    <role>POINT_OF_CONTACT</role>
    </associatedParty>
    <associatedParty>
    <individualName>
          <surName>Natl. Germplasm Repository - Miami</surName>
    </individualName>
<electronicMailAddress>miata@ars-grin.gov</electronicMailAddress>    <role>POINT_OF_CONTACT</role>
    </associatedParty>
    <associatedParty>
    <individualName>
          <surName>Natl. Germplasm Repository - Mayaguez</surName>
    </individualName>
<electronicMailAddress>may@ars-grin.gov</electronicMailAddress>    <role>POINT_OF_CONTACT</role>
    </associatedParty>
    <associatedParty>
    <individualName>
          <surName>Natl. Germplasm Repository - Hilo</surName>
    </individualName>
<electronicMailAddress>fzee@pbarc.ars.usda.gov</electronicMailAddress>    <role>POINT_OF_CONTACT</role>
    </associatedParty>
    <associatedParty>
    <individualName>
          <surName>North Central Regional PI Station</surName>
    </individualName>
<electronicMailAddress>nc7@ars-grin.gov</electronicMailAddress>    <role>POINT_OF_CONTACT</role>
    </associatedParty>
    <associatedParty>
    <individualName>
          <surName>Northeast Regional PI Station</surName>
    </individualName>
<electronicMailAddress>larry.robertson@ars.usda.gov</electronicMailAddress>    <role>POINT_OF_CONTACT</role>
    </associatedParty>
    <associatedParty>
    <individualName>
          <surName>Ornamental Plant Germplasm Center</surName>
    </individualName>
<electronicMailAddress>opgc@osu.edu</electronicMailAddress>    <role>POINT_OF_CONTACT</role>
    </associatedParty>
    <associatedParty>
    <individualName>
          <surName>Natl. Germplasm Repository - Davis</surName>
    </individualName>
<electronicMailAddress>dav@ars-grin.gov</electronicMailAddress>    <role>POINT_OF_CONTACT</role>
    </associatedParty>
    <associatedParty>
    <individualName>
          <surName>National Small Grains Collection</surName>
    </individualName>
<electronicMailAddress>hbockelman@ars-grin.gov</electronicMailAddress>    <role>POINT_OF_CONTACT</role>
    </associatedParty>
    <associatedParty>
    <individualName>
          <surName>National Germplasm Resources Laboratory</surName>
    </individualName>
<electronicMailAddress>gary.kinard@ars.usda.gov</electronicMailAddress>    <role>POINT_OF_CONTACT</role>
    </associatedParty>
    <associatedParty>
    <individualName>
          <surName>Natl. Germplasm Repository - Riverside</surName>
    </individualName>
<electronicMailAddress>riv@ars-grin.gov</electronicMailAddress>    <role>POINT_OF_CONTACT</role>
    </associatedParty>
    <associatedParty>
    <individualName>
          <surName>National Arid Land Plant Genetic Resources Unit</surName>
    </individualName>
<electronicMailAddress>abrown@fresno.ars.usda.gov</electronicMailAddress>    <role>POINT_OF_CONTACT</role>
    </associatedParty>
    <associatedParty>
    <individualName>
          <surName>Natl. Germplasm Repository - Geneva</surName>
    </individualName>
<electronicMailAddress>genpf@ars-grin.gov</electronicMailAddress>    <role>POINT_OF_CONTACT</role>
    </associatedParty>
    <associatedParty>
    <individualName>
          <surName>National Arctic Plant Genetic Resources Unit</surName>
    </individualName>
<electronicMailAddress>ffap2@uaf.edu</electronicMailAddress>    <role>POINT_OF_CONTACT</role>
    </associatedParty>
    <associatedParty>
    <individualName>
          <surName>Natl. Germplasm Repository - Brownwood</surName>
    </individualName>
<electronicMailAddress>ljg@tamu.edu</electronicMailAddress>    <role>POINT_OF_CONTACT</role>
    </associatedParty>
    <associatedParty>
    <individualName>
          <surName>Soybean Collection</surName>
    </individualName>
<electronicMailAddress>rlnelson@uiuc.edu</electronicMailAddress>    <role>POINT_OF_CONTACT</role>
    </associatedParty>
    <associatedParty>
    <individualName>
          <surName>Cotton Collection</surName>
    </individualName>
<electronicMailAddress>jfrelichowski@sparc.usda.gov</electronicMailAddress>    <role>POINT_OF_CONTACT</role>
    </associatedParty>
    <associatedParty>
    <individualName>
          <surName>Tomato Genetic Stock Center</surName>
    </individualName>
<electronicMailAddress>trchetelat@ucdavis.edu</electronicMailAddress>    <role>POINT_OF_CONTACT</role>
    </associatedParty>
    <associatedParty>
    <individualName>
          <surName>Tobacco Collection</surName>
    </individualName>
<electronicMailAddress>jennifer_nicholson@ncsu.edu</electronicMailAddress>    <role>POINT_OF_CONTACT</role>
    </associatedParty>
    <associatedParty>
    <individualName>
          <surName>Rice Genetic Stock Center</surName>
    </individualName>
<electronicMailAddress>gsor@ars-grin.gov</electronicMailAddress>    <role>POINT_OF_CONTACT</role>
    </associatedParty>
    <associatedParty>
    <individualName>
          <surName>Pea Genetic Stock Collection</surName>
    </individualName>
<electronicMailAddress>coynec@wsu.edu</electronicMailAddress>    <role>POINT_OF_CONTACT</role>
    </associatedParty>
    <associatedParty>
    <individualName>
          <surName>Potato Germplasm Introduction Station</surName>
    </individualName>
<electronicMailAddress>nr6jb@ars-grin.gov</electronicMailAddress>    <role>POINT_OF_CONTACT</role>
    </associatedParty>
    <associatedParty>
    <individualName>
          <surName>Clover collection</surName>
    </individualName>
<electronicMailAddress>nltaylor@uky.edu</electronicMailAddress>    <role>POINT_OF_CONTACT</role>
    </associatedParty>
    <associatedParty>
    <individualName>
          <surName>Maize Genetic Stock Center</surName>
    </individualName>
<electronicMailAddress>marty.sachs@ars.usda.gov</electronicMailAddress>    <role>POINT_OF_CONTACT</role>
    </associatedParty>
    <language>ENGLISH</language>
    <abstract>
        <para>United States National Plant Germplasm System Collection</para>
    </abstract>
      <intellectualRights>
        <para>This work is licensed under a <ulink url="http://creativecommons.org/licenses/by/4.0/legalcode"><citetitle>Creative Commons Attribution (CC-BY) 4.0 License</citetitle></ulink>.</para>
      </intellectualRights>
      <maintenance>
          <description>
              <para></para>
          </description>
          <maintenanceUpdateFrequency>unkown</maintenanceUpdateFrequency>
      </maintenance>

</dataset>

<additionalMetadata>
    <metadata>
      <gbif>
        <dateStamp>2021-04-26T19:05:58Z</dateStamp>
      <citation>US National Plant Germplasm System. United States National Plant Germplasm System Collection. Occurrence dataset https://doi.org/10.15468/ce7fox accessed via GBIF.org on 2021-04-26.</citation>
              <physical>
                  <objectName>GBIF Occurrence Download</objectName>
                  <characterEncoding>UTF-8</characterEncoding>
                  <dataFormat>
                      <externallyDefinedFormat>
                          <formatName>Darwin Core Archive</formatName>
                      </externallyDefinedFormat>
                  </dataFormat>
                  <distribution>
                      <online>
                          <url function="download">http://api.gbif.org/v1/occurrence/download/request/0018019-180131172636756.zip</url>
                      </online>
                  </distribution>
              </physical>
        </gbif>
    </metadata>
</additionalMetadata>

</eml:eml>
