<?xml version="1.0" encoding="utf-8"?>
<eml:eml xmlns:eml="eml://ecoinformatics.org/eml-2.1.1" xmlns:xsi="http://www.w3.org/2001/XMLSchema-instance"
         xsi:schemaLocation="eml://ecoinformatics.org/eml-2.1.1 http://rs.gbif.org/schema/eml-gbif-profile/1.1/eml.xsd"
        packageId="a92de2e1-647c-43f2-a8b7-ab1c1a6453dd"  system="http://gbif.org" scope="system"
  xml:lang="en">

<dataset>
      <alternateIdentifier>10.15468/fmj4at</alternateIdentifier>
        <alternateIdentifier>https://sernecportal.org/portal/collections/misc/collprofiles.php?collid=147</alternateIdentifier>
        <alternateIdentifier>http://www.sernecportal.org/portal/collections/misc/collprofiles.php?collid=147</alternateIdentifier>
        <alternateIdentifier>http://sernecportal.org/portal/collections/misc/collprofiles.php?collid=147</alternateIdentifier>
    <title>University of South Carolina, A. C. Moore Herbarium</title>
    <creator>
<organizationName>SERNEC</organizationName><electronicMailAddress>herrick.brown@gmail.com</electronicMailAddress><onlineUrl>https://sernecportal.org/portal/index.php</onlineUrl>    </creator>
    <metadataProvider>
<organizationName>SERNEC</organizationName><electronicMailAddress>herrick.brown@gmail.com</electronicMailAddress><onlineUrl>https://sernecportal.org/portal/index.php</onlineUrl>    </metadataProvider>
    <associatedParty>
<electronicMailAddress>hbrown@mailbox.sc.edu</electronicMailAddress>    <role>CONTENT_PROVIDER</role>
    </associatedParty>
      <pubDate>
      2020-10-21
      </pubDate>
    <language>ENGLISH</language>
    <abstract>
        <para>The A. C. Moore Herbarium is an important part of the Department of Biological Sciences at the University of South Carolina (Columbia Campus). Founded in 1907 by Dr. Andrew Charles Moore, the original collection of dried plant specimens is now part of an ever growing collection. Total holdings are just over 120,000 specimens, making the A. C. Moore Herbarium the largest in the state of South Carolina. Researchers and visitors will find a diverse collection of vascular and nonvascular plant material primarily from the Southeastern United States and more specifically from South Carolina. Now over 100 years old, the A. C. Moore Herbarium continues to be an indispensable resource for botanical knowledge.</para>
    </abstract>
      <intellectualRights>
        <para>This work is licensed under a <ulink url="http://creativecommons.org/licenses/by/4.0/legalcode"><citetitle>Creative Commons Attribution (CC-BY) 4.0 License</citetitle></ulink>.</para>
      </intellectualRights>
      <contact>
<organizationName>University of South Carolina, A. C. Moore Herbarium</organizationName><phone>803-777-8175</phone><electronicMailAddress>hbrown@mailbox.sc.edu</electronicMailAddress><onlineUrl>http://www.herbarium.org</onlineUrl>      </contact>

</dataset>

<additionalMetadata>
    <metadata>
      <gbif>
        <dateStamp>2021-04-26T19:05:54Z</dateStamp>
      <citation>University of South Carolina (2020). University of South Carolina, A. C. Moore Herbarium. Occurrence dataset https://doi.org/10.15468/fmj4at accessed via GBIF.org on 2021-04-26.</citation>
        </gbif>
    </metadata>
</additionalMetadata>

</eml:eml>
