<?xml version="1.0" encoding="utf-8"?>
<eml:eml xmlns:eml="eml://ecoinformatics.org/eml-2.1.1" xmlns:xsi="http://www.w3.org/2001/XMLSchema-instance"
         xsi:schemaLocation="eml://ecoinformatics.org/eml-2.1.1 http://rs.gbif.org/schema/eml-gbif-profile/1.1/eml.xsd"
        packageId="d2d09a41-7e9f-4882-9a76-ab5e61e8e4c1"  system="http://gbif.org" scope="system"
  xml:lang="en">

<dataset>
      <alternateIdentifier>10.15468/bth85t</alternateIdentifier>
    <title>SMNS Palaeontological collection - Fossil plants</title>
    <associatedParty>
    <individualName>
          <surName>Angela Jandl</surName>
    </individualName>
    <address>
<deliveryPoint>State Museum of Natural History Stuttgart (Staatliches Museum für Naturkunde Stuttgart, SMNS), Rosenstein 1, 70191 Stuttgart, Germany</deliveryPoint>    </address>
<phone>049 711 8936287</phone><electronicMailAddress>angela.jandl(at)smns-bw.de</electronicMailAddress>    <role>TECHNICAL_POINT_OF_CONTACT</role>
    </associatedParty>
    <language>en</language>
    <abstract>
        <para></para>
    </abstract>
      <intellectualRights>
        <para>This work is licensed under a <ulink url="http://creativecommons.org/licenses/by/4.0/legalcode"><citetitle>Creative Commons Attribution (CC-BY) 4.0 License</citetitle></ulink>.</para>
      </intellectualRights>
      <contact>
    <individualName>
          <surName>Anita Roth-Nebelsick</surName>
    </individualName>
    <address>
<deliveryPoint>State Museum of Natural History Stuttgart (Staatliches Museum für Naturkunde Stuttgart, SMNS), Rosenstein 1, 70191 Stuttgart, Germany</deliveryPoint>    </address>
<electronicMailAddress>anita.rothnebelsick(at)smns-bw.de</electronicMailAddress>      </contact>

</dataset>

<additionalMetadata>
    <metadata>
      <gbif>
        <dateStamp>2021-04-26T19:05:52Z</dateStamp>
      <citation>Staatliches Museum für Naturkunde Stuttgart. SMNS Palaeontological collection - Fossil plants. Occurrence dataset https://doi.org/10.15468/bth85t accessed via GBIF.org on 2021-04-26.</citation>
        </gbif>
    </metadata>
</additionalMetadata>

</eml:eml>
