"","Longitude","Latitude"
"1",-62.728187,45.833405
"2",-63.033333,45.033333
"3",-63.46725,44.786715
"4",-63.716392,44.796113
"5",-64.03249999,45.00000004
"6",-64.165517,46.614276
"7",-64.223035,45.197674
"8",-64.32844,45.117347
"9",-64.36132,45.09271
"10",-64.533519,45.174269
"11",-64.96831,44.38167
"12",-65.160435,46.702836
"13",-65.31877,46.01288
"14",-65.35059,45.95345
"15",-65.39142,45.773113
"16",-65.431465,45.698371
"17",-65.495048,45.765895
"18",-65.50287,45.73407
"19",-65.539571,45.6656
"20",-65.557611,45.707194
"21",-65.559137,45.670644
"22",-65.589426,45.693682
"23",-65.75,45.616667
"24",-65.81391,45.67894
"25",-65.86172,45.64826
"26",-65.8775,45.56496
"27",-65.87818,46.61801
"28",-65.90002,45.51267
"29",-66.00795,46.58463
"30",-66.05,46.583333
"31",-66.093286,45.681982
"32",-66.122472,45.633334
"33",-66.12552,45.46955
"34",-66.135553,45.571451
"35",-66.150241,45.353039
"36",-66.16607,46.54552
"37",-66.169338,45.438321
"38",-66.184884,45.922588
"39",-66.21658,46.52859
"40",-66.22008,46.05904
"41",-66.246905,45.999817
"42",-66.27171,45.89312
"43",-66.28997,45.87606
"44",-66.35604,45.8932
"45",-66.41236,45.91625
"46",-66.415271,45.81892
"47",-66.46942,45.85464
"48",-66.4875,45.89002
"49",-66.53109,45.78716
"50",-66.576033,45.902238
"51",-66.576626,46.002403
"52",-66.599475,45.983323
"53",-66.60488,45.925868
"54",-66.615181,46.192917
"55",-66.63223,45.94715
"56",-66.638585,46.258053
"57",-66.64687,45.9617
"58",-66.671308,46.270536
"59",-66.68562,45.98744
"60",-66.691402,45.888311
"61",-66.69433,45.87066
"62",-66.699537,45.817803
"63",-66.727932,45.802892
"64",-66.751103,45.903877
"65",-66.762518,45.831323
"66",-66.78109,45.96775
"67",-66.8311886,45.9847135
"68",-66.864538,45.860097
"69",-66.90788,46.0717
"70",-66.935929,45.823308
"71",-66.946516,45.952905
"72",-66.967345,45.847891
"73",-67.109595,45.038827
"74",-67.125633,45.019813
"75",-67.168515,45.070643
"76",-67.24504,45.96681
"77",-67.333333,45.216667
"78",-67.42652,46.85066
"79",-67.43421,46.86742
"80",-67.46123,45.89587
"81",-67.46809,46.81286
"82",-67.48192,46.79289
"83",-67.51776,46.7825
"84",-67.52622,46.0147
"85",-67.54913,46.03562
"86",-67.59586,46.15875
"87",-67.62463,45.90866
"88",-67.6671,46.17584
"89",-67.69657,46.76146
"90",-67.71795,46.81403
"91",-67.71908,46.67564
"92",-67.72203,46.22078
"93",-67.73926,46.54635
"94",-67.74245,46.58837
"95",-67.74743,45.8016
"96",-67.76267,46.11394
"97",-67.76541,46.80829
"98",-68.71656,44.88669
"99",-69.00382,44.34901
"100",-69.0755,44.2969
"101",-69.13334,44.69566
"102",-69.13744,44.12772
"103",-69.16615,44.43433
"104",-69.17834,44.96462
"105",-69.25361,44.67914
"106",-69.467097,44.794284
"107",-69.61061,44.80562
"108",-69.64785,44.4299
"109",-69.66573,44.75535
"110",-69.67994,44.77651
"111",-69.808,44.63466
"112",-69.82251,44.25821
"113",-69.86061,44.88895
"114",-70.21502,44.40789
"115",-70.36,46.4
"116",-70.45225,44.70622
"117",-70.569444,47.303056
"118",-70.64357,43.50254
"119",-70.65,47.033333
"120",-70.6675,47.0275
"121",-70.70073,41.76492
"122",-70.76,47.0847
"123",-70.790278,46.973611
"124",-70.801523,47.060987
"125",-70.86061,42.66676
"126",-70.913333,47.002778
"127",-70.91616,42.66676
"128",-70.94975,44.39986
"129",-70.966667,46.916667
"130",-70.98081,44.19527
"131",-71.050042,48.42168
"132",-71.054426,42.216728
"133",-71.057713,42.456947
"134",-71.07277,42.50833
"135",-71.077175,42.214543
"136",-71.082858,46.894226
"137",-71.08754,44.38962
"138",-71.09527,42.52555
"139",-71.1,46.916667
"140",-71.11948,46.82905
"141",-71.12473,46.850789
"142",-71.12861,42.54222
"143",-71.142306,44.087607
"144",-71.148242,46.890345
"145",-71.158121,46.815432
"146",-71.166667,48.433333
"147",-71.195213,42.392149
"148",-71.2,46.85
"149",-71.242461,46.780984
"150",-71.24952,44.69449
"151",-71.25833,42.15
"152",-71.275,46.783333
"153",-71.282496,46.720004
"154",-71.293368,42.453593
"155",-71.297829,46.808901
"156",-71.311222,46.831346
"157",-71.315564,46.810061
"158",-71.32638,42.41388
"159",-71.33277,42.43333
"160",-71.333333,46.722222
"161",-71.333333,46.833333
"162",-71.33894,42.631252
"163",-71.340278,46.747778
"164",-71.397255,46.741263
"165",-71.414516,43.424245
"166",-71.45083,41.92861
"167",-71.46805556,41.42
"168",-71.468481,46.729394
"169",-71.46888,41.86416
"170",-71.516667,46.229722
"171",-71.558227,42.496769
"172",-71.57757,42.331595
"173",-71.5853,42.5059
"174",-71.606667,45.571111
"175",-71.606769,45.620271
"176",-71.717259,46.753366
"177",-71.728331,43.569236
"178",-71.73576,41.78918
"179",-71.780664,48.398317
"180",-71.833444,46.655526
"181",-71.86422,41.43313
"182",-71.9014,41.3775
"183",-71.9075,41.414167
"184",-71.915047,45.375692
"185",-71.92986,45.394282
"186",-71.931163,45.179901
"187",-71.94398,44.63894
"188",-71.96,45.93
"189",-71.9725,41.275
"190",-71.9922981,42.2439804
"191",-72.005587,44.539893
"192",-72.02731,44.22228
"193",-72.03027,41.34583
"194",-72.041667,46.591667
"195",-72.04875,42.66677
"196",-72.05888,41.47333
"197",-72.06254,42.40491
"198",-72.069246,44.165865
"199",-72.072005,44.044708
"200",-72.094245,44.01386
"201",-72.096344,43.967792
"202",-72.1050758,42.4228687
"203",-72.11982,44.10963
"204",-72.13842,43.69452
"205",-72.160264,43.842484
"206",-72.16302,43.92556
"207",-72.166803,45.308752
"208",-72.183622,43.841863
"209",-72.1870232,42.4875889
"210",-72.18853,42.53244
"211",-72.199003,43.789815
"212",-72.1995316,42.3500919
"213",-72.2,46.583333
"214",-72.2009087,42.1228733
"215",-72.20861,41.71055
"216",-72.20892,44.93722
"217",-72.20972,41.79416
"218",-72.221365,44.798208
"219",-72.22175,41.5001
"220",-72.22176,43.80563
"221",-72.22944,41.78833
"222",-72.237241,42.300077
"223",-72.243069,43.800685
"224",-72.24953,43.75007
"225",-72.251633,43.819317
"226",-72.251838,41.82002
"227",-72.2773,42.19454
"228",-72.288272,43.522921
"229",-72.3016,41.3219
"230",-72.306167,43.672166
"231",-72.307179,43.696267
"232",-72.311404,43.836322
"233",-72.315878,43.649652
"234",-72.31881,43.7521
"235",-72.32419,43.68999
"236",-72.326,43.6066
"237",-72.3286896,42.1584263
"238",-72.3320274,42.5042553
"239",-72.332182,42.47372
"240",-72.333672,43.62619
"241",-72.36066,44.41672
"242",-72.36097,44.31569
"243",-72.372429,43.856133
"244",-72.376,43.5074
"245",-72.378364,44.41783
"246",-72.38842,42.27787
"247",-72.38842,41.61121
"248",-72.391944,45.050278
"249",-72.3967552,42.5481453
"250",-72.402074,44.282151
"251",-72.407783,44.338663
"252",-72.4098091,42.4564762
"253",-72.414822,44.392297
"254",-72.4162,43.08341
"255",-72.41621,43.91673
"256",-72.41641,42.38081
"257",-72.421293,44.311262
"258",-72.426192,43.358326
"259",-72.429088,44.460944
"260",-72.4325,43.517
"261",-72.435,44.4125
"262",-72.44397,42.16676
"263",-72.44399,44.27784
"264",-72.445388,44.372558
"265",-72.458847,44.154797
"266",-72.467809,44.251682
"267",-72.468197,44.301193
"268",-72.468889,44.320308
"269",-72.4691,44.367898
"270",-72.4831,41.406
"271",-72.4863,42.6099
"272",-72.48746,42.47361
"273",-72.490638,44.387353
"274",-72.492846,44.155215
"275",-72.49855691,42.30598821
"276",-72.501427,44.269018
"277",-72.505,41.795
"278",-72.50686,42.36447
"279",-72.510688,43.633247
"280",-72.51113,42.63373
"281",-72.515761,44.299907
"282",-72.52305,42.38027
"283",-72.525528,44.345833
"284",-72.53194,42.30333
"285",-72.538847,43.823169
"286",-72.541231,44.309563
"287",-72.546116,44.232825
"288",-72.5487287,42.987487
"289",-72.55462,42.46511
"290",-72.55509,41.88899
"291",-72.55511,44.16673
"292",-72.56182,43.601352
"293",-72.562026,44.260959
"294",-72.565322,43.822117
"295",-72.565519,44.301826
"296",-72.57048,44.333305
"297",-72.576536,43.710524
"298",-72.57931,42.25669
"299",-72.5814,46.3362
"300",-72.582193,43.760901
"301",-72.588231,43.854309
"302",-72.595458,43.829567
"303",-72.59572,42.334842
"304",-72.597404,41.71769
"305",-72.5995369,42.5875874
"306",-72.6,45.1
"307",-72.6014923,44.1659932
"308",-72.6079559,42.5277842
"309",-72.608818,42.548874
"310",-72.609195,44.188106
"311",-72.609379,44.20913
"312",-72.610486,43.54489
"313",-72.61068,44.83338
"314",-72.613103,42.296897
"315",-72.6161995,42.2042618
"316",-72.62132,42.335258
"317",-72.629244,44.090015
"318",-72.629463,43.828413
"319",-72.632589,44.039666
"320",-72.633032,42.26715
"321",-72.633888,44.633717
"322",-72.634061,43.985795
"323",-72.640648,41.572877
"324",-72.641201,42.32509
"325",-72.649526,44.140212
"326",-72.650008,43.952868
"327",-72.65024,42.12532
"328",-72.65255,42.06573
"329",-72.66329,41.65711
"330",-72.663383,43.925678
"331",-72.67454,42.32664
"332",-72.6788,41.9945
"333",-72.683986,44.897738
"334",-72.684915,44.469889
"335",-72.68504,44.64796
"336",-72.688427,42.5898056
"337",-72.69402,44.94449
"338",-72.69972,41.91583
"339",-72.699766,44.628641
"340",-72.7053,44.418205
"341",-72.71492,41.51769
"342",-72.717,41.367
"343",-72.72176,42.05565
"344",-72.726698,44.035532
"345",-72.727285,41.50488
"346",-72.734114,44.004499
"347",-72.73694,41.43166
"348",-72.73858,42.23083
"349",-72.7411,41.9425
"350",-72.74956,44.41672
"351",-72.7539,41.7669
"352",-72.75611,42.13819
"353",-72.766154,44.821741
"354",-72.77733,43.80562
"355",-72.77735,44.8056
"356",-72.77843,43.100356
"357",-72.785692,44.212005
"358",-72.7884254,42.526474
"359",-72.78916,41.95388
"360",-72.7917595,42.5923061
"361",-72.7945,41.5368
"362",-72.8069528,43.8996292
"363",-72.8069622,43.940537
"364",-72.8121271,43.8336239
"365",-72.813657,43.8820192
"366",-72.8182675,43.313064
"367",-72.825236,44.651826
"368",-72.829506,41.995646
"369",-72.83305,41.69972
"370",-72.833961,44.18124
"371",-72.84083,41.72777
"372",-72.84456,42.3869
"373",-72.8454391,43.8823562
"374",-72.847747,44.746978
"375",-72.87205,44.960502
"376",-72.87828,44.6045
"377",-72.88,41.605
"378",-72.91623,44.4445
"379",-72.92022,44.89888
"380",-72.920823,41.305111
"381",-72.9216,41.396
"382",-72.925582,44.37498
"383",-72.95388,41.90916
"384",-72.9553,42.6667
"385",-72.95733,43.622137
"386",-72.959035,44.505717
"387",-72.962812,43.59503
"388",-72.96289,44.47645
"389",-72.97177,43.52785
"390",-72.97802,43.624
"391",-72.987577,44.397733
"392",-72.989716,43.717648
"393",-72.991223,43.362241
"394",-72.992468,41.320997
"395",-72.9962699,44.4444098
"396",-72.99955,43.2223
"397",-73.009322,44.698833
"398",-73.023577,43.69405
"399",-73.024627,43.792249
"400",-73.02733,43.52785
"401",-73.02733,43.50007
"402",-73.035664,43.660622
"403",-73.036,41.5583
"404",-73.038955,43.585007
"405",-73.04054,43.51214
"406",-73.05147,43.25879
"407",-73.052972,44.444787
"408",-73.066243,44.131598
"409",-73.066353,44.82056
"410",-73.06853,43.16564
"411",-73.07203,45.019894
"412",-73.073169,43.948075
"413",-73.076797,44.804987
"414",-73.08017,43.79975
"415",-73.08288,43.55562
"416",-73.0829,44.33339
"417",-73.086184,43.163646
"418",-73.087108,43.610986
"419",-73.092192,43.195577
"420",-73.094601,43.240215
"421",-73.108818,44.004099
"422",-73.11038,44.585516
"423",-73.111698,43.969654
"424",-73.116051,43.798809
"425",-73.117317,43.750797
"426",-73.124576,44.34101
"427",-73.12664,43.48474
"428",-73.135,41.4314
"429",-73.13844,43.50007
"430",-73.13861,41.30416
"431",-73.13916,41.53027
"432",-73.14025,44.501537
"433",-73.143604,43.904974
"434",-73.149,45.535
"435",-73.156987,44.031253
"436",-73.16622,42.88897
"437",-73.16623,44.1945
"438",-73.16623,43.88895
"439",-73.171107,44.440473
"440",-73.17413,43.6328
"441",-73.174899,44.487615
"442",-73.175026,43.916007
"443",-73.179321,44.019292
"444",-73.18503063,45.88320006
"445",-73.186,45.9693
"446",-73.190402,43.46465
"447",-73.194,43.33341
"448",-73.19611,41.18638
"449",-73.196951,44.732883
"450",-73.2037163,42.7055675
"451",-73.206702,44.473951
"452",-73.2081,41.6897
"453",-73.20888,41.54444
"454",-73.22009,44.46004
"455",-73.22178,43.77784
"456",-73.22178,43.75006
"457",-73.23124,44.48735
"458",-73.23333,42.69527
"459",-73.23596,44.30894
"460",-73.239076,44.505947
"461",-73.260959,44.309774
"462",-73.262715,44.271685
"463",-73.276627,43.156212
"464",-73.277083,44.391636
"465",-73.284019,44.047886
"466",-73.286876,44.544713
"467",-73.29317,43.80625
"468",-73.30118774,45.54783127
"469",-73.30138,41.26583
"470",-73.30512,43.75006
"471",-73.3074,43.71254
"472",-73.3144,41.6522
"473",-73.31444,44.6313
"474",-73.315287,43.64651
"475",-73.3298,41.8475
"476",-73.33289,42.86119
"477",-73.33289,43.02786
"478",-73.33289,43.52785
"479",-73.33637,44.70678
"480",-73.342479,44.669844
"481",-73.3467,41.146
"482",-73.3475,41.12333
"483",-73.354885,45.445238
"484",-73.359085,42.192726
"485",-73.36067,41.36121
"486",-73.363926,43.323808
"487",-73.381517,43.825826
"488",-73.38844,42.7223
"489",-73.38846,44.36116
"490",-73.40716,45.490973
"491",-73.413409,46.02932
"492",-73.42009,44.466394
"493",-73.42277,41.985
"494",-73.456789,40.871486
"495",-73.457314,42.810142
"496",-73.457981,44.563129
"497",-73.4706,41.4014
"498",-73.47178,42.19453
"499",-73.47178,43.41674
"500",-73.47179,41.80565
"501",-73.4718,44.52783
"502",-73.5019,41.3062
"503",-73.514386,42.326624
"504",-73.516667,45.533333
"505",-73.52735,44.22227
"506",-73.531334,44.63059
"507",-73.55513,43.91672
"508",-73.561372,45.558945
"509",-73.562917,41.805467
"510",-73.563115,44.474907
"511",-73.5829,42.19453
"512",-73.5829,41.52787
"513",-73.58292,44.88893
"514",-73.583466,45.505333
"515",-73.592715,44.939539
"516",-73.612325,43.291059
"517",-73.6175,41.1774
"518",-73.63845,42.3612
"519",-73.65,45.516667
"520",-73.688056,41.446944
"521",-73.69401,43.00008
"522",-73.69402,41.72232
"523",-73.713536,44.888211
"524",-73.72179,43.3334
"525",-73.72179,42.22231
"526",-73.7218,41.41676
"527",-73.722376,43.180574
"528",-73.738002,44.669516
"529",-73.739119,41.380841
"530",-73.745552,43.558207
"531",-73.74957,41.66676
"532",-73.753889,45.396944
"533",-73.797741,42.787087
"534",-73.800783,44.430673
"535",-73.803855,40.892314
"536",-73.80479,42.461526
"537",-73.80513,41.66676
"538",-73.80513,41.55565
"539",-73.822511,41.10826
"540",-73.823037,41.337423
"541",-73.8329,42.4723
"542",-73.83291,41.91676
"543",-73.83291,41.58343
"544",-73.86156,42.421836
"545",-73.865978,40.944245
"546",-73.875413,40.856767
"547",-73.883469,40.897877
"548",-73.88847,42.02787
"549",-73.898291,42.537929
"550",-73.915,45.544
"551",-73.917572,41.710857
"552",-73.920149,41.287467
"553",-73.922725,41.403369
"554",-73.925629,40.872247
"555",-73.938504,45.429116
"556",-73.966667,45.383333
"557",-73.992167,44.994517
"558",-73.994854,40.648956
"559",-73.99958,42.08342
"560",-73.99958,42.1112
"561",-73.99958,42.16676
"562",-74.010418,41.407872
"563",-74.0194,43.5719
"564",-74.025,45.494722
"565",-74.02735,42.83341
"566",-74.029249,41.738815
"567",-74.0399,45.299
"568",-74.067364,41.185928
"569",-74.074707,42.02064
"570",-74.08292,41.47232
"571",-74.08875,42.134534
"572",-74.11068,42.91674
"573",-74.1107,41.94454
"574",-74.12944,40.12916
"575",-74.154503,45.111798
"576",-74.1758,40.721608
"577",-74.19403,42.33342
"578",-74.205156,42.451703
"579",-74.216667,45.6
"580",-74.24958,43.08341
"581",-74.251229,42.314441
"582",-74.271467,42.029533
"583",-74.275102,42.120421
"584",-74.278552,41.052645
"585",-74.291667,45.45
"586",-74.31345,45.42916
"587",-74.323846,42.522711
"588",-74.367096,41.001764
"589",-74.428282,45.388501
"590",-74.43637,45.362034
"591",-74.454726,45.04025
"592",-74.45861567,45.42330945
"593",-74.458627,45.337639
"594",-74.459221,45.273197
"595",-74.468112,45.363426
"596",-74.4874,45.018958
"597",-74.494681,45.58942
"598",-74.49963,44.94449
"599",-74.515213,45.114884
"600",-74.51961231,45.34045502
"601",-74.53006,42.441629
"602",-74.55514,42.86118
"603",-74.55516,40.77788
"604",-74.559423,45.61092
"605",-74.5708,41.0635
"606",-74.586231,45.375955
"607",-74.592382,41.081764
"608",-74.608703,44.905692
"609",-74.61072,41.13899
"610",-74.610728,45.098153
"611",-74.61182669,45.54977809
"612",-74.61599,40.258165
"613",-74.636716,45.31118
"614",-74.638495,41.033431
"615",-74.63852,44.83339
"616",-74.6721,40.2693
"617",-74.674974,45.263226
"618",-74.68803,45.642504
"619",-74.69403,42.77785
"620",-74.69403,42.97229
"621",-74.70681,45.641705
"622",-74.734754,41.295257
"623",-74.742213,45.25684
"624",-74.74346727,45.08723335
"625",-74.746602,44.76016
"626",-74.764099,45.387179
"627",-74.77738,42.55563
"628",-74.77742,44.77783
"629",-74.790718,40.32844
"630",-74.80519,44.80561
"631",-74.810109,45.352534
"632",-74.821519,45.458274
"633",-74.826825,45.751552
"634",-74.83293,43.00007
"635",-74.83297,44.97227
"636",-74.837955,45.729197
"637",-74.848026,40.252179
"638",-74.88853,44.55562
"639",-74.88881215,45.21805479
"640",-74.91627,42.44452
"641",-74.91628,41.13898
"642",-74.91628,40.88899
"643",-74.924919,40.667995
"644",-74.928611,44.994444
"645",-74.941443,42.941923
"646",-74.95174,40.072115
"647",-74.97184,40.80565
"648",-74.985969,45.13205
"649",-74.99104377,45.47752823
"650",-74.99131,39.829652
"651",-74.993326,40.039467
"652",-74.9996,42.97229
"653",-74.99961,41.41676
"654",-74.99964,44.52784
"655",-75.019057,41.555367
"656",-75.02738,42.86118
"657",-75.049698,45.493441
"658",-75.052856,45.184105
"659",-75.057345,45.201316
"660",-75.05832275,44.95902259
"661",-75.106322,40.843245
"662",-75.11072,41.75009
"663",-75.126111,45.648333
"664",-75.126562,40.56149
"665",-75.132706,45.705383
"666",-75.136531,44.531988
"667",-75.151165,44.833508
"668",-75.16629,41.1112
"669",-75.166424,45.028819
"670",-75.172275,45.143139
"671",-75.176871,40.790302
"672",-75.179619,40.557046
"673",-75.18315988,44.90753401
"674",-75.19408,39.33345
"675",-75.196545,40.801081
"676",-75.204063,39.994064
"677",-75.216468,44.431342
"678",-75.216667,40.683333
"679",-75.220272,40.89096
"680",-75.221011,40.088444
"681",-75.221207,40.130005
"682",-75.223024,45.208568
"683",-75.230731,40.504269
"684",-75.230835,45.018055
"685",-75.23324,40.158982
"686",-75.240976,44.440334
"687",-75.264958,40.004375
"688",-75.265737,41.187868
"689",-75.27344316,44.87048992
"690",-75.277764,40.18662
"691",-75.282646,41.37193
"692",-75.287408,39.853446
"693",-75.292428,45.429025
"694",-75.29775,41.66134
"695",-75.29913656,44.9744802
"696",-75.30517,43.36118
"697",-75.306014,40.865095
"698",-75.316713,44.889194
"699",-75.319458,45.22076
"700",-75.319906,41.065924
"701",-75.33295,41.83342
"702",-75.33296,41.47231
"703",-75.338441,45.508689
"704",-75.344533,39.850712
"705",-75.347772,45.259308
"706",-75.35115,45.524236
"707",-75.354296,40.368662
"708",-75.355282,40.626487
"709",-75.36073,43.36118
"710",-75.36075,38.36123
"711",-75.362028,45.293007
"712",-75.370247,41.733549
"713",-75.378439,45.311445
"714",-75.38013952,44.83822696
"715",-75.385375,45.287476
"716",-75.386021,38.852632
"717",-75.387672,45.348964
"718",-75.38851,43.27785
"719",-75.3892,41.4867
"720",-75.394963,40.622561
"721",-75.40856,41.580546
"722",-75.411704,44.353527
"723",-75.41657,40.44567
"724",-75.420154,45.37468
"725",-75.423884,45.332211
"726",-75.424435,40.566364
"727",-75.425314,45.256415
"728",-75.440157,39.989828
"729",-75.445884,40.559466
"730",-75.450927,39.94902
"731",-75.451011,40.32899
"732",-75.45556834,40.10834384
"733",-75.465994,45.22034
"734",-75.479966,45.375931
"735",-75.489445,45.12871
"736",-75.49012,45.502608
"737",-75.492858,43.770523
"738",-75.49989121,45.06281569
"739",-75.50435,40.734215
"740",-75.508594,40.62537
"741",-75.510625,45.15235
"742",-75.513616,40.547587
"743",-75.519853,40.42402
"744",-75.52017,45.560303
"745",-75.525664,40.561238
"746",-75.52998,42.82984
"747",-75.532901,45.32515
"748",-75.53305939,45.01810647
"749",-75.533333,45.266667
"750",-75.54472,45.405909
"751",-75.545109,44.954419
"752",-75.548396,45.453579
"753",-75.54946212,45.0079916
"754",-75.550359,41.961746
"755",-75.55312831,45.2958929
"756",-75.554384,45.21478
"757",-75.55518,41.94453
"758",-75.56429271,44.96754556
"759",-75.564699,44.58209
"760",-75.573797,40.751254
"761",-75.58296,40.44454
"762",-75.585917,45.335806
"763",-75.586381,45.035308
"764",-75.589486,40.500681
"765",-75.593114,40.870942
"766",-75.593647,45.229119
"767",-75.6,39.966667
"768",-75.605208,39.885666
"769",-75.606548,40.634633
"770",-75.610187,40.801483
"771",-75.615279,40.548152
"772",-75.628918,45.368372
"773",-75.633047,40.857647
"774",-75.63755,39.232439
"775",-75.638519,44.338455
"776",-75.63852,42.08341
"777",-75.63856,44.30561
"778",-75.63856,44.4445
"779",-75.645133,45.030914
"780",-75.646299,40.670325
"781",-75.647898,45.393798
"782",-75.64864662,45.26730573
"783",-75.651247,45.4457
"784",-75.65134,40.078794
"785",-75.653545,45.468626
"786",-75.66162342,45.05074094
"787",-75.6618,40.683425
"788",-75.667689,40.840092
"789",-75.671384,40.711143
"790",-75.672689,40.814525
"791",-75.68052885,45.44847076
"792",-75.685234,45.20968
"793",-75.687814,40.66263
"794",-75.69162,45.242005
"795",-75.697756,45.403873
"796",-75.69854,45.31889
"797",-75.700904,44.577434
"798",-75.70127,45.47654
"799",-75.702154,45.520596
"800",-75.703383,44.994388
"801",-75.70478233,44.61644236
"802",-75.709807,45.444595
"803",-75.720706,44.955099
"804",-75.72185,43.36118
"805",-75.72186,40.75009
"806",-75.72321,45.375241
"807",-75.727676,43.970806
"808",-75.734134,45.274757
"809",-75.73767,45.42086
"810",-75.7386,45.44372
"811",-75.747443,45.405556
"812",-75.749363,45.594092
"813",-75.755502,45.316678
"814",-75.759124,45.355836
"815",-75.774681,41.089235
"816",-75.77743,44.05562
"817",-75.785344,45.358812
"818",-75.791095,45.274313
"819",-75.795107,45.374217
"820",-75.796773,45.531622
"821",-75.809605,42.75822
"822",-75.813503,45.505676
"823",-75.817367,45.297433
"824",-75.822002,44.493334
"825",-75.827514,45.422255
"826",-75.829007,45.480115
"827",-75.83297,43.55563
"828",-75.83298,40.19454
"829",-75.83389357,44.78405235
"830",-75.836796,44.538778
"831",-75.850891,44.577609
"832",-75.850924,40.709317
"833",-75.859839,40.611636
"834",-75.86022,45.324929
"835",-75.86075,41.36119
"836",-75.86075,40.69454
"837",-75.86196207,44.68247761
"838",-75.867688,45.538332
"839",-75.873164,40.714379
"840",-75.878375,44.589639
"841",-75.881592,44.454262
"842",-75.884087,39.705547
"843",-75.884339,44.341502
"844",-75.885161,43.91073
"845",-75.885534,45.306578
"846",-75.886839,40.601387
"847",-75.88853,42.69451
"848",-75.898029,44.398453
"849",-75.90493036,44.57312494
"850",-75.90495,45.315232
"851",-75.906846,44.485791
"852",-75.910653,45.542579
"853",-75.913627,42.516491
"854",-75.913848,45.26173
"855",-75.92020752,45.28023001
"856",-75.920486,45.33472
"857",-75.920978,46.042612
"858",-75.92383,41.429974
"859",-75.925629,45.447177
"860",-75.93109,45.5681
"861",-75.931412,45.366475
"862",-75.935353,44.493495
"863",-75.94849913,45.41467734
"864",-75.96706,44.572478
"865",-75.975271,45.698804
"866",-75.976863,43.002011
"867",-75.992773,45.486797
"868",-75.998792,45.351326
"869",-76.00185008,44.65176307
"870",-76.004293,45.151124
"871",-76.019663,44.519744
"872",-76.020237,44.492782
"873",-76.024379,40.582314
"874",-76.02742,42.80562
"875",-76.02745,39.86122
"876",-76.028632,44.896298
"877",-76.034918,44.529576
"878",-76.035877,45.818853
"879",-76.04061,45.48124
"880",-76.042296,46.585282
"881",-76.042799,45.600526
"882",-76.049751,44.215257
"883",-76.0552,43.44451
"884",-76.056012,44.586216
"885",-76.061554,44.564483
"886",-76.062154,44.420831
"887",-76.0799642,44.72291725
"888",-76.08004,40.182004
"889",-76.082561,44.56381
"890",-76.08298,42.63896
"891",-76.085991,45.375527
"892",-76.08621699,45.14720434
"893",-76.094481,43.540137
"894",-76.100937,44.504008
"895",-76.106449,45.387757
"896",-76.108122,43.01081
"897",-76.11076,42.5834
"898",-76.11079,39.97232
"899",-76.111694,44.576359
"900",-76.13029846,44.53663678
"901",-76.13854,42.91673
"902",-76.14804,40.3381
"903",-76.1644,39.5094
"904",-76.174107,44.778743
"905",-76.183559,44.50361
"906",-76.188356,44.434934
"907",-76.201001,45.097626
"908",-76.201944,45.219529
"909",-76.208449,43.033888
"910",-76.208549,40.895341
"911",-76.217046,45.075048
"912",-76.221233,45.4826
"913",-76.221947,44.280277
"914",-76.225055,45.204602
"915",-76.230884,44.775676
"916",-76.24965,43.36118
"917",-76.250016,43.0326
"918",-76.261363,44.773425
"919",-76.264528,45.175863
"920",-76.30521,42.80562
"921",-76.33299,43.47229
"922",-76.33323,44.779921
"923",-76.333654,44.754703
"924",-76.358429,45.443657
"925",-76.362034,42.759185
"926",-76.37702413,45.11617148
"927",-76.378843,45.330046
"928",-76.382626,44.738723
"929",-76.383549,42.974583
"930",-76.38855,41.77785
"931",-76.38989,41.62564
"932",-76.41633,43.41674
"933",-76.428659,44.476852
"934",-76.439473,39.427725
"935",-76.441743,45.080769
"936",-76.442269,42.501789
"937",-76.44411,41.58341
"938",-76.466667,42.45
"939",-76.47188,43.05562
"940",-76.487461,44.553618
"941",-76.487579,42.494063
"942",-76.49107657,45.00961571
"943",-76.496607,42.440628
"944",-76.502998,45.149529
"945",-76.503947,43.355018
"946",-76.506263,44.567334
"947",-76.521769,45.044453
"948",-76.52744,42.41674
"949",-76.533791,44.273333
"950",-76.535005,41.793579
"951",-76.538409,42.513037
"952",-76.541054,42.400012
"953",-76.542832,44.517815
"954",-76.55522,43.25007
"955",-76.556382,44.289732
"956",-76.576232,43.288624
"957",-76.581725,45.141291
"958",-76.584062,44.471933
"959",-76.591313,44.547054
"960",-76.592146,44.445917
"961",-76.595223,39.244035
"962",-76.61078,43.36118
"963",-76.616883,39.572445
"964",-76.622952,44.240499
"965",-76.625494,44.359289
"966",-76.626274,39.525543
"967",-76.628495,42.265193
"968",-76.636635,39.558814
"969",-76.641106,44.400467
"970",-76.647767,39.634175
"971",-76.665863,39.681706
"972",-76.672765,44.448028
"973",-76.677253,39.611538
"974",-76.68902,36.809818
"975",-76.69607,41.67615
"976",-76.696656,44.522064
"977",-76.704468,44.385349
"978",-76.736488,44.377087
"979",-76.77197,37.457586
"980",-76.77746,41.38897
"981",-76.78526,39.294799
"982",-76.78967,37.31639
"983",-76.791388,41.783958
"984",-76.80925,44.345837
"985",-76.812225,44.279454
"986",-76.835121,44.338573
"987",-76.84687,44.207935
"988",-76.86079,41.33341
"989",-76.911571,37.041386
"990",-76.91635,41.75007
"991",-76.92097,45.884996
"992",-76.943056,38.916667
"993",-76.97191,42.97229
"994",-76.996908,41.238577
"995",-77.030556,38.889167
"996",-77.04653,38.95229
"997",-77.052778,38.925278
"998",-77.053858,42.660903
"999",-77.05526,39.36121
"1000",-77.0575,38.8994
"1001",-77.057913,39.239043
"1002",-77.06,37.19
"1003",-77.066207,37.408412
"1004",-77.0667948,45.3920188
"1005",-77.073196,44.398357
"1006",-77.0767,38.9711
"1007",-77.110879,42.665492
"1008",-77.112504,45.820071
"1009",-77.154922,44.394676
"1010",-77.17833,43.95758
"1011",-77.184555,44.42049
"1012",-77.188232,44.446922
"1013",-77.191292,38.852275
"1014",-77.203198,40.432615
"1015",-77.204338,44.475376
"1016",-77.2358,38.9842
"1017",-77.248871,42.80075
"1018",-77.25,38.19
"1019",-77.271925,40.86063
"1020",-77.284559,42.843584
"1021",-77.287364,43.123239
"1022",-77.324357,41.283934
"1023",-77.33287,44.500908
"1024",-77.33304,40.30564
"1025",-77.354187,43.952195
"1026",-77.37084,41.72653
"1027",-77.374495,41.774544
"1028",-77.403938,44.477081
"1029",-77.4171,41.17186
"1030",-77.44416,40.75007
"1031",-77.486031,39.657784
"1032",-77.494995,39.673325
"1033",-77.498197,42.599724
"1034",-77.509377,44.422417
"1035",-77.51556,40.4319
"1036",-77.54367,39.87206
"1037",-77.560736,39.389648
"1038",-77.58304,40.27786
"1039",-77.585204,44.089156
"1040",-77.585789,44.257156
"1041",-77.590567,42.6669
"1042",-77.604558,44.361748
"1043",-77.604797,41.114939
"1044",-77.61082,41.86118
"1045",-77.621261,40.783368
"1046",-77.640993,44.230427
"1047",-77.670661,42.959254
"1048",-77.672796,36.129107
"1049",-77.69415,41.55562
"1050",-77.69416,39.41677
"1051",-77.69416,40.25008
"1052",-77.704549,44.102252
"1053",-77.705677,43.028793
"1054",-77.706963,44.035978
"1055",-77.72194,39.63899
"1056",-77.72194,42.66673
"1057",-77.730483,39.323467
"1058",-77.758333,44.166667
"1059",-77.770652,40.711559
"1060",-77.77830125,40.75173157
"1061",-77.788156,44.347724
"1062",-77.811843,41.516803
"1063",-77.811856,44.371422
"1064",-77.816667,44.247222
"1065",-77.8392,38.7922
"1066",-77.845269,44.330357
"1067",-77.856568,44.557943
"1068",-77.859074,44.017053
"1069",-77.86,37.94
"1070",-77.89479,39.95275
"1071",-77.907401,42.812392
"1072",-77.9142,44.531528
"1073",-77.918193,40.705368
"1074",-77.918256,37.766837
"1075",-77.92,38.69
"1076",-77.938533,39.149314
"1077",-77.941223,44.534031
"1078",-77.942245,44.313054
"1079",-77.945456,44.451744
"1080",-77.946771,42.677444
"1081",-77.97194,40.16675
"1082",-78.016444,39.010511
"1083",-78.020765,41.403864
"1084",-78.024023,39.030885
"1085",-78.027732,41.430091
"1086",-78.033056,38.930556
"1087",-78.037929,44.473521
"1088",-78.038793,42.625683
"1089",-78.038898,41.608765
"1090",-78.045604,41.444281
"1091",-78.068499,39.765063
"1092",-78.08,38.89
"1093",-78.08306,40.61118
"1094",-78.09656,39.173253
"1095",-78.101188,44.503905
"1096",-78.107784,44.456333
"1097",-78.12455,40.404018
"1098",-78.130015,39.56241
"1099",-78.131248,44.572307
"1100",-78.135047,44.510566
"1101",-78.135589,42.659959
"1102",-78.13862,39.94453
"1103",-78.143192,39.79294
"1104",-78.144705,44.44778
"1105",-78.146,38.892
"1106",-78.157523,44.52438
"1107",-78.171126,44.553076
"1108",-78.181951,40.518983
"1109",-78.1876972,38.7881137
"1110",-78.19,37.69
"1111",-78.1940075,38.74861
"1112",-78.194253,44.189208
"1113",-78.194859,44.581845
"1114",-78.20746,44.531036
"1115",-78.2088657,38.6569764
"1116",-78.211171,35.517014
"1117",-78.214576,42.862606
"1118",-78.220147,44.501198
"1119",-78.233116,44.548237
"1120",-78.235038,44.521775
"1121",-78.238624,40.728587
"1122",-78.24298,38.823857
"1123",-78.26256667,38.74335
"1124",-78.264728,44.274466
"1125",-78.268547,44.477234
"1126",-78.269553,43.279548
"1127",-78.275911,44.585567
"1128",-78.276555,44.533192
"1129",-78.278275,44.515869
"1130",-78.279735,41.915221
"1131",-78.280463,40.572273
"1132",-78.2824,40.24222
"1133",-78.283081,44.487389
"1134",-78.29792,44.355507
"1135",-78.299943,44.483643
"1136",-78.301468,44.09169
"1137",-78.3045032,38.7088371
"1138",-78.3069,39.2536
"1139",-78.315912,44.569384
"1140",-78.316063,44.318763
"1141",-78.3190152,38.0577588
"1142",-78.3190152,38.0930315
"1143",-78.321177,44.270778
"1144",-78.324736,40.6034
"1145",-78.337387,44.55909
"1146",-78.34126,39.331807
"1147",-78.34494,44.471035
"1148",-78.353358,44.311885
"1149",-78.372411,44.379951
"1150",-78.377096,44.289886
"1151",-78.377423,44.421325
"1152",-78.388161,44.51894
"1153",-78.38863,43.16673
"1154",-78.401004,43.282912
"1155",-78.408792,44.094581
"1156",-78.414044,44.374715
"1157",-78.420097,44.439561
"1158",-78.43436,38.04396
"1159",-78.435509,44.54372
"1160",-78.437834,44.09082
"1161",-78.44,38.39
"1162",-78.44418,39.41676
"1163",-78.44927778,38.52533889
"1164",-78.451841,44.711147
"1165",-78.460581,44.242935
"1166",-78.465971,44.469556
"1167",-78.47195,39.11122
"1168",-78.480901,44.524004
"1169",-78.483392,44.267988
"1170",-78.483405,44.783549
"1171",-78.485319,38.128523
"1172",-78.488297,44.550743
"1173",-78.496042,39.745123
"1174",-78.49973,39.55565
"1175",-78.49974,39.69453
"1176",-78.5,39
"1177",-78.518071,39.770129
"1178",-78.5218496,44.6054161
"1179",-78.52751,39.52787
"1180",-78.52753,43.25006
"1181",-78.527707,44.534741
"1182",-78.536237,44.69286
"1183",-78.544449,44.780094
"1184",-78.545263,44.267792
"1185",-78.58,37.92
"1186",-78.594852,44.136222
"1187",-78.595056,45.551853
"1188",-78.607378,39.989152
"1189",-78.61,38
"1190",-78.620903,44.254188
"1191",-78.6238036,38.3120197
"1192",-78.629721,39.814154
"1193",-78.62976,39.47854
"1194",-78.632745,44.220908
"1195",-78.63863,40.66673
"1196",-78.641966,38.000118
"1197",-78.656867,44.260913
"1198",-78.660304,40.555009
"1199",-78.663497,42.891103
"1200",-78.66641,39.72231
"1201",-78.674112,44.14685
"1202",-78.677254,44.045959
"1203",-78.6825691,38.2492597
"1204",-78.6894898,38.3119833
"1205",-78.693281,43.979
"1206",-78.711613,39.831424
"1207",-78.72,35.97
"1208",-78.72617,39.821925
"1209",-78.732409,38.838963
"1210",-78.738022,44.745579
"1211",-78.74975,42.44451
"1212",-78.75,38.83
"1213",-78.764478,38.442201
"1214",-78.77368,44.560228
"1215",-78.77753,42.25006
"1216",-78.7799288,38.2536746
"1217",-78.7805417,38.1041718
"1218",-78.783782,43.874222
"1219",-78.79361,44.59639
"1220",-78.796608,44.571908
"1221",-78.80336,40.620648
"1222",-78.809713,44.26147
"1223",-78.812805,44.218167
"1224",-78.828738,43.928542
"1225",-78.829437,44.676505
"1226",-78.83,37.64
"1227",-78.83,38.06
"1228",-78.85088889,38.0394
"1229",-78.85186,42.4475
"1230",-78.859539,38.218183
"1231",-78.86,37.03
"1232",-78.86086,40.77784
"1233",-78.86086,39.22233
"1234",-78.863359,40.799227
"1235",-78.877882,43.915867
"1236",-78.88863,39.55565
"1237",-78.88863,39.41676
"1238",-78.88864,38.889
"1239",-78.896476,43.853763
"1240",-78.9055364,41.3997552
"1241",-78.91015,39.21069
"1242",-78.91043,44.153286
"1243",-78.914658,44.034458
"1244",-78.91641,39.58342
"1245",-78.92,38.67
"1246",-78.92349399,43.90782381
"1247",-78.9353871,41.388622
"1248",-78.945695,40.673835
"1249",-78.9477644,41.852601
"1250",-78.949361,38.155108
"1251",-78.9562589,41.8336232
"1252",-78.96194,40.11063
"1253",-78.97,38.39
"1254",-78.97197,40.16674
"1255",-78.9755408,41.3746094
"1256",-78.983333,40.233333
"1257",-78.99975,39.50009
"1258",-78.99975,39.55565
"1259",-79.0015697,41.3606264
"1260",-79.005259,38.273721
"1261",-79.010533,43.25212
"1262",-79.03,38.58
"1263",-79.03330964,43.94705048
"1264",-79.04258,44.687155
"1265",-79.044678,43.139696
"1266",-79.048908,43.161297
"1267",-79.048987,35.913707
"1268",-79.049444,39.854722
"1269",-79.049719,44.722412
"1270",-79.056988,43.107987
"1271",-79.069272,43.207692
"1272",-79.070488,44.005528
"1273",-79.0716631,41.3548963
"1274",-79.078287,43.070866
"1275",-79.08309,38.86122
"1276",-79.087331,43.140976
"1277",-79.10008076,43.91724483
"1278",-79.10321,41.32987
"1279",-79.1094593,41.8223601
"1280",-79.11,37.81
"1281",-79.11027342,43.89901083
"1282",-79.11087,39.50009
"1283",-79.123733,42.43565
"1284",-79.1312072,41.3234895
"1285",-79.136111,42.374167
"1286",-79.13865,39.30566
"1287",-79.14,38.58
"1288",-79.155591,43.813597
"1289",-79.16643,41.86117
"1290",-79.16643,38.69456
"1291",-79.16643,38.72234
"1292",-79.173825,43.115108
"1293",-79.1746729,38.59762
"1294",-79.174752,44.046622
"1295",-79.17508,42.36111
"1296",-79.1942,39.36121
"1297",-79.19501845,43.84747654
"1298",-79.195444,43.779505
"1299",-79.197617,42.373667
"1300",-79.19771,39.208994
"1301",-79.208002,42.45005
"1302",-79.2123076,41.5938793
"1303",-79.214494,43.733226
"1304",-79.218133,45.327774
"1305",-79.22198,40.50007
"1306",-79.22871,44.650428
"1307",-79.232003,41.3575
"1308",-79.248078,42.559076
"1309",-79.24976,39.08344
"1310",-79.25,40.3667
"1311",-79.255,41.54493
"1312",-79.2562674,41.8375535
"1313",-79.258725,37.8391
"1314",-79.26919204,44.00890396
"1315",-79.27754,39.33343
"1316",-79.27754,39.30566
"1317",-79.287405,41.7930886
"1318",-79.295224,44.066337
"1319",-79.30531,40.13896
"1320",-79.30532,42.38895
"1321",-79.31101476,43.90964601
"1322",-79.31148647,44.0390229
"1323",-79.316667,44.783333
"1324",-79.316848,37.521807
"1325",-79.31792,42.43407
"1326",-79.319549,43.701761
"1327",-79.324348,43.032838
"1328",-79.330759,34.028361
"1329",-79.3358935,41.7237841
"1330",-79.35251,43.12203
"1331",-79.35867,43.69737
"1332",-79.3604,44.58634
"1333",-79.36356,42.47294
"1334",-79.38333,44.85
"1335",-79.38497,44.07692
"1336",-79.38738,43.67566
"1337",-79.38865,38.5279
"1338",-79.39,38.42
"1339",-79.39216,44.7982
"1340",-79.40186,41.61247
"1341",-79.4099,44.14751
"1342",-79.41214,39.93321
"1343",-79.42161,43.15408
"1344",-79.4273,43.748
"1345",-79.42738,43.99425
"1346",-79.43059,41.62463
"1347",-79.43357,41.53576
"1348",-79.43646,44.59367
"1349",-79.43827,41.47794
"1350",-79.44512,38.62806
"1351",-79.45243,43.99738
"1352",-79.4545,45.84121
"1353",-79.45879,38.5741
"1354",-79.46019,38.59789
"1355",-79.47134,43.9756
"1356",-79.47199,38.77789
"1357",-79.47199,38.69456
"1358",-79.47755,34.05673
"1359",-79.4782,44.07055
"1360",-79.47921,38.55456
"1361",-79.48722,44.11925
"1362",-79.48853,44.60105
"1363",-79.49458,39.87088
"1364",-79.49806,40.71451
"1365",-79.49911,43.62961
"1366",-79.49977,42.08339
"1367",-79.5,38.17
"1368",-79.51346,44.03422
"1369",-79.51682,43.93481
"1370",-79.52481,43.89896
"1371",-79.52733,40.82246
"1372",-79.53556,44.25074
"1373",-79.53598,38.67292
"1374",-79.537,44.024
"1375",-79.54452,43.58272
"1376",-79.55736,44.5419
"1377",-79.55783,40.83379
"1378",-79.55797,40.70592
"1379",-79.559,41.45276
"1380",-79.56315,44.14976
"1381",-79.5653,37.89081
"1382",-79.56711,43.18873
"1383",-79.56951,44.56146
"1384",-79.57513,39.29081
"1385",-79.5807,38.5422
"1386",-79.60608,40.7026
"1387",-79.60661,44.15688
"1388",-79.60828,38.38478
"1389",-79.6087,43.51935
"1390",-79.61,38.19
"1391",-79.61057,42.9043
"1392",-79.61089,38.91678
"1393",-79.61089,39.11122
"1394",-79.61158,44.54937
"1395",-79.61528,43.49222
"1396",-79.61572,43.58591
"1397",-79.61921,47.41653
"1398",-79.62594,44.39924
"1399",-79.62641,44.53452
"1400",-79.6374,44.01325
"1401",-79.64766,43.62766
"1402",-79.65068,43.53453
"1403",-79.65532,37.50142
"1404",-79.65569,43.55161
"1405",-79.65767,41.14938
"1406",-79.66213,44.63713
"1407",-79.66304,43.47873
"1408",-79.66836,44.5804
"1409",-79.67353,43.59998
"1410",-79.67642,41.69276
"1411",-79.68027,44.35761
"1412",-79.68415,40.42532
"1413",-79.6889,40.15337
"1414",-79.69247,43.41507
"1415",-79.69422,41.05562
"1416",-79.71124,43.20651
"1417",-79.71159,39.15696
"1418",-79.71856,43.60446
"1419",-79.72083,40.11278
"1420",-79.72615,43.90154
"1421",-79.72712,40.20761
"1422",-79.72854,39.12215
"1423",-79.73534,43.62598
"1424",-79.74232,44.4471
"1425",-79.74485,43.73767
"1426",-79.74744,43.4085
"1427",-79.75473,43.46437
"1428",-79.75855,41.19571
"1429",-79.75983,40.38103
"1430",-79.76212,45.33191
"1431",-79.76569,36.62389
"1432",-79.77216,43.50385
"1433",-79.77702,41.98125
"1434",-79.77885,44.30359
"1435",-79.78,36.64
"1436",-79.78495,35.63899
"1437",-79.78772,43.42629
"1438",-79.79474,43.18576
"1439",-79.79715,41.93535
"1440",-79.79981,44.15195
"1441",-79.80656,43.58755
"1442",-79.80885,43.75612
"1443",-79.81041,44.39058
"1444",-79.81051,44.13752
"1445",-79.81453,41.39758
"1446",-79.81486,44.23579
"1447",-79.81777,43.71578
"1448",-79.82703,43.6416
"1449",-79.83,37.28
"1450",-79.83,37.58
"1451",-79.83313,39.11121
"1452",-79.83635,41.28091
"1453",-79.84128,43.30344
"1454",-79.8414,43.38847
"1455",-79.84932,44.74127
"1456",-79.8512,40.50641
"1457",-79.86414,44.12345
"1458",-79.86519,43.6209
"1459",-79.86589,44.84972
"1460",-79.87167,44.14466
"1461",-79.87341,44.33691
"1462",-79.87695,43.64139
"1463",-79.87714,40.43176
"1464",-79.87821,43.42304
"1465",-79.8794,43.3307
"1466",-79.88697,43.24508
"1467",-79.88712,35.66549
"1468",-79.88867,41.30561
"1469",-79.89,38.03
"1470",-79.89265,43.27863
"1471",-79.893,40.83048
"1472",-79.89507,44.10669
"1473",-79.89799,43.79552
"1474",-79.8981,40.13785
"1475",-79.89883,43.73126
"1476",-79.89909,40.43624
"1477",-79.90058,43.37721
"1478",-79.90268,44.67652
"1479",-79.90887,43.91751
"1480",-79.9099,43.43038
"1481",-79.91014,43.4763
"1482",-79.9111,43.41192
"1483",-79.91366,43.33099
"1484",-79.91503,43.7375
"1485",-79.91606,43.88704
"1486",-79.92169,43.98028
"1487",-79.92685,44.09902
"1488",-79.92899,43.77109
"1489",-79.92995,43.28827
"1490",-79.93294,39.77613
"1491",-79.93553,43.21904
"1492",-79.93648,43.25633
"1493",-79.94543,43.78608
"1494",-79.94958,43.73519
"1495",-79.95074,43.65129
"1496",-79.95783,43.61755
"1497",-79.96101,43.50411
"1498",-79.96102,43.56477
"1499",-79.96182,44.05138
"1500",-79.96336,44.20898
"1501",-79.96508,44.07677
"1502",-79.96524,43.95643
"1503",-79.96687,40.5429
"1504",-79.96802,43.68893
"1505",-79.97008,40.59668
"1506",-79.97112,43.58508
"1507",-79.97114,43.20547
"1508",-79.972,41.52783
"1509",-79.97201,38.75011
"1510",-79.97212,43.34875
"1511",-79.97294,43.83102
"1512",-79.97558,44.11841
"1513",-79.97677,43.79256
"1514",-79.97714,43.61157
"1515",-79.97913,43.22436
"1516",-79.98268,40.96821
"1517",-79.98444,43.98101
"1518",-79.98518,43.64454
"1519",-79.98933,40.70837
"1520",-79.99587,44.21339
"1521",-79.99628,43.31853
"1522",-79.99636,43.52413
"1523",-80.00158,40.79705
"1524",-80.00184,40.28641
"1525",-80.00206,43.21334
"1526",-80.0029,39.96147
"1527",-80.00349,44.14871
"1528",-80.0062,43.81455
"1529",-80.01064,44.26157
"1530",-80.01076,43.93495
"1531",-80.01431,43.98639
"1532",-80.02537,44.10207
"1533",-80.02769,37.62953
"1534",-80.03349,40.62134
"1535",-80.03877,44.2188
"1536",-80.03937,40.95189
"1537",-80.04463,36.07462
"1538",-80.04785,39.74851
"1539",-80.05228,40.37005
"1540",-80.05234,44.01341
"1541",-80.06,37.83
"1542",-80.06863,41.33842
"1543",-80.06941,38.90286
"1544",-80.07098,43.88957
"1545",-80.08181,40.54172
"1546",-80.08447,41.00881
"1547",-80.08494,41.15918
"1548",-80.09277,42.0675
"1549",-80.09932,38.22493
"1550",-80.10455,43.20085
"1551",-80.109,43.36673
"1552",-80.11,36.94
"1553",-80.11878,40.51392
"1554",-80.12027,44.15057
"1555",-80.13023,43.52536
"1556",-80.13868,38.2779
"1557",-80.13869,38.97232
"1558",-80.14523,41.88475
"1559",-80.1492,41.05338
"1560",-80.15644,41.43229
"1561",-80.16672,40.5184
"1562",-80.18038,40.92589
"1563",-80.1827,44.27839
"1564",-80.18332,43.16419
"1565",-80.18429,40.6308
"1566",-80.19231,44.29457
"1567",-80.19424,38.2779
"1568",-80.19904,40.23954
"1569",-80.20329,43.21213
"1570",-80.20346,43.4845
"1571",-80.20552,43.53882
"1572",-80.20715,44.27465
"1573",-80.20817,44.33879
"1574",-80.20953,40.93596
"1575",-80.21768,40.55737
"1576",-80.22,37.33
"1577",-80.222,41.83339
"1578",-80.22506,40.58923
"1579",-80.22538,42.69354
"1580",-80.23014,40.88764
"1581",-80.23317,44.38844
"1582",-80.23406,44.44522
"1583",-80.23512,43.54421
"1584",-80.23791,43.26093
"1585",-80.23847,42.6442
"1586",-80.24033,36.08764
"1587",-80.24129,43.18541
"1588",-80.25119,42.67804
"1589",-80.25187,43.28085
"1590",-80.25655,43.6164
"1591",-80.25675,42.8122
"1592",-80.25809,43.25961
"1593",-80.26474,39.74873
"1594",-80.2657,43.55878
"1595",-80.27189,44.42961
"1596",-80.2852,42.66566
"1597",-80.28858,36.42147
"1598",-80.29436,37.44058
"1599",-80.29839,41.63466
"1600",-80.30736,43.396
"1601",-80.30763,43.12618
"1602",-80.32016,44.44327
"1603",-80.32095,40.63071
"1604",-80.32589,43.37469
"1605",-80.33093,43.35139
"1606",-80.33287,43.42285
"1607",-80.33656,40.66422
"1608",-80.33728,43.33072
"1609",-80.33845,42.7002
"1610",-80.33892,40.02668
"1611",-80.33983,43.20988
"1612",-80.34242,40.87263
"1613",-80.34384,40.53433
"1614",-80.35299,43.00905
"1615",-80.35842,42.64551
"1616",-80.36398,41.44534
"1617",-80.36453,40.51185
"1618",-80.36809,40.45506
"1619",-80.36889,36.72567
"1620",-80.37302,41.32714
"1621",-80.3752,42.1523
"1622",-80.37543,43.3675
"1623",-80.38296,41.58777
"1624",-80.38572,42.87068
"1625",-80.38574,43.26479
"1626",-80.38624,42.95102
"1627",-80.38654,40.17036
"1628",-80.39,37
"1629",-80.39264,43.45106
"1630",-80.39332,43.35103
"1631",-80.39951,44.3994
"1632",-80.40324,42.67135
"1633",-80.40503,41.64082
"1634",-80.4103,37.13581
"1635",-80.41646,41.66672
"1636",-80.4184,43.44292
"1637",-80.42178,34.69393
"1638",-80.42258,39.74402
"1639",-80.42419,40.72331
"1640",-80.42423,44.28168
"1641",-80.42609,43.39754
"1642",-80.4275,39.87833
"1643",-80.42869,42.743
"1644",-80.44458,43.52291
"1645",-80.45026,44.41625
"1646",-80.45072,43.20662
"1647",-80.46041,43.40828
"1648",-80.46437,43.4698
"1649",-80.46802,44.42213
"1650",-80.47201,37.61123
"1651",-80.47203,38.58344
"1652",-80.4742,42.65996
"1653",-80.47476,43.43864
"1654",-80.47629,37.72108
"1655",-80.47699,40.70009
"1656",-80.48192,41.18862
"1657",-80.48327,35.23983
"1658",-80.48426,40.02135
"1659",-80.48836,42.59881
"1660",-80.48871,43.39244
"1661",-80.50597,43.20137
"1662",-80.51408,44.23583
"1663",-80.51418,43.40942
"1664",-80.51439,44.41571
"1665",-80.51509,42.60996
"1666",-80.51521,39.9607
"1667",-80.51551,43.48605
"1668",-80.51804,44.36679
"1669",-80.5211,44.3105
"1670",-80.52208,43.54708
"1671",-80.52759,38.63899
"1672",-80.5287,43.52623
"1673",-80.5332,39.06088
"1674",-80.54168,35.36016
"1675",-80.547,43.53563
"1676",-80.54763,44.31781
"1677",-80.55281,42.6946
"1678",-80.5546,44.49607
"1679",-80.55535,41.88894
"1680",-80.55537,38.83343
"1681",-80.55537,38.63899
"1682",-80.55537,38.91676
"1683",-80.55706,44.45351
"1684",-80.55719,44.40069
"1685",-80.5578,44.52701
"1686",-80.5643,43.57511
"1687",-80.5675,43.45995
"1688",-80.57232,43.53667
"1689",-80.57999,43.4948
"1690",-80.58059,37.67405
"1691",-80.58345,43.47669
"1692",-80.58411,43.43972
"1693",-80.58681,40.79005
"1694",-80.59438,40.67562
"1695",-80.59704,43.55133
"1696",-80.60732,39.59996
"1697",-80.62079,44.4999
"1698",-80.62263,41.01334
"1699",-80.6387,38.69454
"1700",-80.63871,39.02787
"1701",-80.64,37.25
"1702",-80.66929,44.50201
"1703",-80.67683,41.00262
"1704",-80.68582,36.93128
"1705",-80.68815,41.07028
"1706",-80.69426,39.00009
"1707",-80.69985,43.87516
"1708",-80.70147,38.71522
"1709",-80.7018,43.12437
"1710",-80.71188,44.38254
"1711",-80.71857,44.49169
"1712",-80.72,34.83
"1713",-80.72028,36.57947
"1714",-80.72083,37.57401
"1715",-80.72157,43.67038
"1716",-80.73152,39.41478
"1717",-80.73722,44.59837
"1718",-80.74506,43.49031
"1719",-80.75,36.92
"1720",-80.76017,41.16897
"1721",-80.76588,39.39664
"1722",-80.77542,43.12893
"1723",-80.77576,40.12855
"1724",-80.77759,37.75012
"1725",-80.77759,39.75008
"1726",-80.7776,38.69454
"1727",-80.7776,39.25008
"1728",-80.77868,44.49589
"1729",-80.77881,41.07315
"1730",-80.78,37.31
"1731",-80.79951,44.78955
"1732",-80.80039,36.08331
"1733",-80.80536,40.52784
"1734",-80.80538,39.52786
"1735",-80.81396,42.64624
"1736",-80.81885,44.59946
"1737",-80.83316,39.22231
"1738",-80.83316,39.50008
"1739",-80.86,35.11
"1740",-80.86551,44.58591
"1741",-80.87286,44.56439
"1742",-80.87345,39.60062
"1743",-80.88939,44.39053
"1744",-80.93357,44.52649
"1745",-80.93507,37.11809
"1746",-80.94425,37.44456
"1747",-80.94669,38.91527
"1748",-80.95396,37.59211
"1749",-80.95723,44.75008
"1750",-80.9603,43.84712
"1751",-80.97,35.17
"1752",-80.97203,37.44456
"1753",-80.98465,41.85586
"1754",-80.99981,41.25006
"1755",-81.01593,42.79317
"1756",-81.02759,37.58345
"1757",-81.02761,38.44455
"1758",-81.02854,41.43784
"1759",-81.03,37.14
"1760",-81.07001,40.95056
"1761",-81.07312,44.81478
"1762",-81.08,37.06
"1763",-81.09087,41.52782
"1764",-81.10911,38.23139
"1765",-81.10946,41.11538
"1766",-81.12942,37.5828
"1767",-81.1297,43.06087
"1768",-81.14586,36.65637
"1769",-81.15346,41.12079
"1770",-81.15703,41.73924
"1771",-81.15805,37.7141
"1772",-81.16379,42.96609
"1773",-81.16648,37.30567
"1774",-81.16649,38.08344
"1775",-81.17,36.67
"1776",-81.17016,42.66461
"1777",-81.17076,38.01359
"1778",-81.19336,43.14331
"1779",-81.19341,43.06719
"1780",-81.19814,37.08866
"1781",-81.21405,42.9539
"1782",-81.21517,36.54564
"1783",-81.23315,43.02659
"1784",-81.24834,38.61547
"1785",-81.25452,43.04271
"1786",-81.26127,37.97737
"1787",-81.2709,35.13665
"1788",-81.27167,42.96719
"1789",-81.28153,44.66197
"1790",-81.28632,43.00874
"1791",-81.29478,43.35989
"1792",-81.30521,41.7296
"1793",-81.30538,37.639
"1794",-81.30539,38.33344
"1795",-81.30882,41.04451
"1796",-81.30903,41.15656
"1797",-81.31903,36.56693
"1798",-81.32202,42.67297
"1799",-81.32482,42.94165
"1800",-81.33305,37.77226
"1801",-81.33316,37.61123
"1802",-81.33629,36.46426
"1803",-81.3522,41.08261
"1804",-81.35507,41.06042
"1805",-81.35547,41.68174
"1806",-81.36,36.58
"1807",-81.36094,37.33345
"1808",-81.38097,36.42855
"1809",-81.38871,37.33345
"1810",-81.39237,36.5494
"1811",-81.39392,43.02086
"1812",-81.4,36.4
"1813",-81.40593,42.87955
"1814",-81.41651,39.83341
"1815",-81.43333,42.88333
"1816",-81.43972,41.08342
"1817",-81.45158,43.35786
"1818",-81.48349,37.99194
"1819",-81.49177,40.03364
"1820",-81.49305,36.33852
"1821",-81.49984,39.94452
"1822",-81.50855,41.1259
"1823",-81.51002,41.22267
"1824",-81.51546,40.93695
"1825",-81.52534,41.0639
"1826",-81.52751,41.12745
"1827",-81.54195,41.21124
"1828",-81.54617,41.1343
"1829",-81.5554,38.88897
"1830",-81.56667,42.56667
"1831",-81.56781,41.28083
"1832",-81.5704,40.91481
"1833",-81.5715,36.39096
"1834",-81.58222,41.14287
"1835",-81.58711,38.1592
"1836",-81.59782,41.11403
"1837",-81.59813,41.32352
"1838",-81.60966,43.70699
"1839",-81.61094,37.61122
"1840",-81.61334,41.06691
"1841",-81.63129,44.17467
"1842",-81.63827,34.72036
"1843",-81.64282,37.54011
"1844",-81.644,36.16251
"1845",-81.64979,40.04048
"1846",-81.6635,42.42294
"1847",-81.68912,36.02109
"1848",-81.70964,34.74224
"1849",-81.7151,35.79196
"1850",-81.72902,42.63573
"1851",-81.74113,37.49443
"1852",-81.74984,38.02788
"1853",-81.74984,37.91677
"1854",-81.75613,43.44576
"1855",-81.77763,39.52785
"1856",-81.77943,40.97011
"1857",-81.79244,40.36492
"1858",-81.79444,40.22684
"1859",-81.80172,38.47313
"1860",-81.80541,40.58339
"1861",-81.81,36.31
"1862",-81.82153,36.1502
"1863",-81.82426,38.56491
"1864",-81.85354,42.51904
"1865",-81.86096,38.16676
"1866",-81.86096,38.33343
"1867",-81.86818,43.22225
"1868",-81.87858,43.35422
"1869",-81.89953,43.07095
"1870",-81.90536,39.64474
"1871",-81.9091,37.23991
"1872",-81.91653,39.77785
"1873",-81.91844,37.27523
"1874",-81.91926,36.56142
"1875",-81.93224,42.46637
"1876",-81.94016,35.91874
"1877",-81.97208,39.33341
"1878",-81.97209,40.41673
"1879",-81.97717,42.49735
"1880",-82.00852,35.93793
"1881",-82.02611,39.57668
"1882",-82.02764,41.22228
"1883",-82.0554,37.61122
"1884",-82.06464,39.54624
"1885",-82.07056,40.38069
"1886",-82.09238,39.24226
"1887",-82.09855,36.16941
"1888",-82.11,36.97
"1889",-82.1124,36.2106
"1890",-82.11929,39.49641
"1891",-82.15443,40.42881
"1892",-82.15904,37.198
"1893",-82.16965,36.27183
"1894",-82.1851,35.82911
"1895",-82.19,37.31
"1896",-82.19001,37.89474
"1897",-82.19127,35.70881
"1898",-82.2,35.3
"1899",-82.20917,35.75864
"1900",-82.21876,42.18593
"1901",-82.21957,35.21553
"1902",-82.22,36.72
"1903",-82.22209,39.05563
"1904",-82.22432,35.79807
"1905",-82.23845,35.20817
"1906",-82.24986,37.88899
"1907",-82.24987,39.86118
"1908",-82.24988,40.55562
"1909",-82.25171,35.31659
"1910",-82.26369,39.55136
"1911",-82.27455,34.58792
"1912",-82.27589,39.12867
"1913",-82.28,37.19
"1914",-82.28,37.5
"1915",-82.3,37.47
"1916",-82.30542,37.86121
"1917",-82.3202,35.6045
"1918",-82.33296,34.05804
"1919",-82.33691,35.21696
"1920",-82.36099,39.52785
"1921",-82.44,36.86
"1922",-82.45435,34.21842
"1923",-82.45587,39.49663
"1924",-82.4721,38.9723
"1925",-82.47566,39.2864
"1926",-82.47678,37.88297
"1927",-82.48235,35.41528
"1928",-82.49795,34.19041
"1929",-82.49988,38.9723
"1930",-82.49988,38.50008
"1931",-82.5065,39.48542
"1932",-82.50853,35.52327
"1933",-82.51425,41.93929
"1934",-82.51545,40.75839
"1935",-82.51607,39.72102
"1936",-82.52767,41.25005
"1937",-82.53,36.64
"1938",-82.53076,42.04989
"1939",-82.53587,37.29306
"1940",-82.54788,36.04793
"1941",-82.57324,36.0498
"1942",-82.57849,41.86872
"1943",-82.58633,41.94696
"1944",-82.59034,35.16197
"1945",-82.611,35.111
"1946",-82.611,39.19451
"1947",-82.6669,40.36346
"1948",-82.7,36
"1949",-82.72,36.78
"1950",-82.72211,39.41673
"1951",-82.72533,34.08324
"1952",-82.74989,39.38895
"1953",-82.77137,42.03307
"1954",-82.79982,41.55248
"1955",-82.8,35
"1956",-82.81341,35.88595
"1957",-82.82124,35.14372
"1958",-82.84294,34.98097
"1959",-82.84782,42.05018
"1960",-82.85,37.67
"1961",-82.89,35.78
"1962",-82.89,36.58
"1963",-82.9,37.11
"1964",-82.91,38.58
"1965",-82.91301,38.44398
"1966",-82.92602,42.34478
"1967",-82.93,38.42
"1968",-82.93821,38.05872
"1969",-82.94062,35.0753
"1970",-82.94623,35.58012
"1971",-82.94836,37.67052
"1972",-82.96035,35.08749
"1973",-82.97091,35.02641
"1974",-82.99283,38.80396
"1975",-82.99329,37.08636
"1976",-82.99833,39.33917
"1977",-83,35
"1978",-83,37.56
"1979",-83.03,35.22
"1980",-83.03077,33.13841
"1981",-83.04,37.03
"1982",-83.0514,35.48298
"1983",-83.06,35.94
"1984",-83.07804,34.87213
"1985",-83.07988,34.37845
"1986",-83.0951,35.01992
"1987",-83.1,34.9
"1988",-83.10867,35.2592
"1989",-83.13864,37.58704
"1990",-83.15,37.11
"1991",-83.15759,35.25734
"1992",-83.17117,35.34079
"1993",-83.17817,35.31305
"1994",-83.19089,43.76584
"1995",-83.22213,38.94452
"1996",-83.23284,43.52037
"1997",-83.26475,37.92378
"1998",-83.26855,35.10271
"1999",-83.28032,43.3602
"2000",-83.28126,35.13343
"2001",-83.29,38.33
"2002",-83.2949,35.29015
"2003",-83.3,35.2
"2004",-83.31348,35.23409
"2005",-83.31806,34.7
"2006",-83.33,36.69
"2007",-83.35168,42.34206
"2008",-83.36765,44.43468
"2009",-83.38,34.68
"2010",-83.38179,36.3714
"2011",-83.4,34.7
"2012",-83.4093,43.43411
"2013",-83.42151,43.45048
"2014",-83.43,38.03
"2015",-83.43136,35.06013
"2016",-83.44,36.06
"2017",-83.44544,35.35315
"2018",-83.46184,42.45757
"2019",-83.46347,35.06222
"2020",-83.46571,35.32565
"2021",-83.48686,35.28627
"2022",-83.49501,38.00388
"2023",-83.49664,37.30678
"2024",-83.49992,39.27784
"2025",-83.5,35.1
"2026",-83.50242,45.0977
"2027",-83.51802,35.32207
"2028",-83.52026,37.44451
"2029",-83.53,36.64
"2030",-83.55781,40.84329
"2031",-83.58792,40.69741
"2032",-83.6361,35.3172
"2033",-83.65035,35.30589
"2034",-83.66,37.22
"2035",-83.66681,35.02484
"2036",-83.68609,37.06133
"2037",-83.68613,37.44203
"2038",-83.72,36.78
"2039",-83.72192,42.28055
"2040",-83.73663,35.47714
"2041",-83.80638,38.72558
"2042",-83.81,37.53
"2043",-83.85604,36.71125
"2044",-83.9,35.4
"2045",-83.9,34.8
"2046",-83.92,38.47
"2047",-83.92,36.53
"2048",-83.95,34.76
"2049",-83.95428,41.92715
"2050",-83.96651,42.32785
"2051",-84.02771,38.97229
"2052",-84.03844,42.01574
"2053",-84.05064,34.75072
"2054",-84.06,38.47
"2055",-84.07387,36.21234
"2056",-84.09002,35.75605
"2057",-84.0906,42.32465
"2058",-84.11766,41.80086
"2059",-84.12214,42.35846
"2060",-84.13882,39.13895
"2061",-84.15951,43.53237
"2062",-84.1666,38.86118
"2063",-84.19946,43.32381
"2064",-84.20459,37.31719
"2065",-84.21148,34.31469
"2066",-84.21664,37.49776
"2067",-84.22482,46.32072
"2068",-84.29236,38.77488
"2069",-84.30061,43.59639
"2070",-84.30631,38.6467
"2071",-84.33,36.72
"2072",-84.33191,34.65241
"2073",-84.37671,42.82786
"2074",-84.39994,45.75905
"2075",-84.42806,40.15233
"2076",-84.43258,42.73353
"2077",-84.44777,42.69779
"2078",-84.46,39.08
"2079",-84.46288,34.10473
"2080",-84.47859,42.73087
"2081",-84.48333,37.98333
"2082",-84.53,37.19
"2083",-84.59133,38.29534
"2084",-84.64049,34.99515
"2085",-84.66011,36.50221
"2086",-84.6847,41.72126
"2087",-84.73,39.51
"2088",-84.7308,37.80657
"2089",-84.75367,39.87982
"2090",-84.75587,37.2061
"2091",-84.77762,43.58983
"2092",-84.798,43.0815
"2093",-84.82,41.32
"2094",-84.86,41.45
"2095",-84.89,36.81
"2096",-84.89027,39.82888
"2097",-84.89499,43.38632
"2098",-84.9,37.22
"2099",-84.9,36.67
"2100",-84.91,40.4
"2101",-84.91755,43.57529
"2102",-84.97,37.14
"2103",-84.97,36.03
"2104",-84.98801,36.03063
"2105",-85,39.11
"2106",-85.02011,41.72043
"2107",-85.03,37.69
"2108",-85.06725,38.71772
"2109",-85.07,40.35
"2110",-85.09336,38.98528
"2111",-85.13613,42.19382
"2112",-85.16807,37.28012
"2113",-85.19,36.36
"2114",-85.19,36.33
"2115",-85.20187,36.54937
"2116",-85.20443,41.54375
"2117",-85.2414,39.59461
"2118",-85.25,35.56
"2119",-85.25151,42.56241
"2120",-85.31121,40.5958
"2121",-85.32881,41.32384
"2122",-85.33558,42.30581
"2123",-85.33565,40.32609
"2124",-85.34,41.42
"2125",-85.36,38.75
"2126",-85.37943,32.38255
"2127",-85.41891,38.75
"2128",-85.42,36.42
"2129",-85.42,35.72
"2130",-85.43231,36.9142
"2131",-85.46,41.53
"2132",-85.47,37.17
"2133",-85.53,39.86
"2134",-85.53,36.47
"2135",-85.56,37.19
"2136",-85.56026,42.0831
"2137",-85.56406,37.21318
"2138",-85.56893,36.21973
"2139",-85.5787,36.54072
"2140",-85.58,36.56
"2141",-85.58,36.39
"2142",-85.58,35.14
"2143",-85.58,35.64
"2144",-85.59,41.18
"2145",-85.59805,36.04206
"2146",-85.62288,40.09942
"2147",-85.62482,42.96355
"2148",-85.63387,36.30174
"2149",-85.63874,42.89698
"2150",-85.64,38.67
"2151",-85.64,35.56
"2152",-85.64379,40.5052
"2153",-85.64436,36.37238
"2154",-85.64721,41.95827
"2155",-85.65,37.97
"2156",-85.6559,39.07966
"2157",-85.66746,37.91965
"2158",-85.66809,42.96336
"2159",-85.69,36.5
"2160",-85.73622,36.14083
"2161",-85.79374,42.62463
"2162",-85.80679,34.41179
"2163",-85.81,35.33
"2164",-85.84403,36.67413
"2165",-85.85755,43.74003
"2166",-85.86911,42.18116
"2167",-85.88058,42.62098
"2168",-85.88923,39.72337
"2169",-85.89,41.14
"2170",-85.89,36
"2171",-85.90263,36.13395
"2172",-85.90731,35.91029
"2173",-85.91524,37.46725
"2174",-85.93305,41.39157
"2175",-85.93506,44.71551
"2176",-85.94,38.59
"2177",-85.94817,42.60014
"2178",-85.95729,34.75731
"2179",-85.97,35
"2180",-85.97511,34.093
"2181",-85.97722,45.12404
"2182",-85.9777,34.78496
"2183",-85.99,40.91
"2184",-85.99177,43.37466
"2185",-86,40
"2186",-86,34.76667
"2187",-86.02852,37.25239
"2188",-86.0386,37.21442
"2189",-86.04855,43.30896
"2190",-86.05167,34.47472
"2191",-86.05692,37.24952
"2192",-86.0574,37.15022
"2193",-86.07167,37.12921
"2194",-86.07316,37.18737
"2195",-86.07742,42.53787
"2196",-86.08,33.83
"2197",-86.08,38.58
"2198",-86.09339,37.22688
"2199",-86.09575,37.39109
"2200",-86.09704,37.17649
"2201",-86.10806,36.60915
"2202",-86.10969,41.89928
"2203",-86.11299,37.22761
"2204",-86.12509,35.08201
"2205",-86.12671,39.97916
"2206",-86.13102,37.1531
"2207",-86.13258,34.05273
"2208",-86.13938,37.95888
"2209",-86.14,39.03
"2210",-86.14389,41.43111
"2211",-86.14862,37.20895
"2212",-86.15,34.85
"2213",-86.16497,43.93455
"2214",-86.17135,42.44434
"2215",-86.17468,34.97019
"2216",-86.17587,42.06383
"2217",-86.1871,42.23469
"2218",-86.2,42.9
"2219",-86.21,38.99
"2220",-86.21062,41.1105
"2221",-86.21595,39.19693
"2222",-86.2164,37.22331
"2223",-86.21987,34.82729
"2224",-86.22703,38.23531
"2225",-86.2281,37.19959
"2226",-86.23424,39.36042
"2227",-86.24225,37.21684
"2228",-86.28,34.67
"2229",-86.28,34.92
"2230",-86.28261,41.33722
"2231",-86.29105,34.57126
"2232",-86.3129,38.95322
"2233",-86.31442,34.7955
"2234",-86.33,34.81
"2235",-86.33331,34.63668
"2236",-86.33852,34.31495
"2237",-86.35278,36.63117
"2238",-86.36,39.19
"2239",-86.36901,42.16459
"2240",-86.38004,41.25986
"2241",-86.3861,34.71176
"2242",-86.39,38.92
"2243",-86.40976,39.81608
"2244",-86.41779,38.73211
"2245",-86.42594,39.50017
"2246",-86.44,33.08
"2247",-86.44,38.25
"2248",-86.45888,39.08439
"2249",-86.47,38.22
"2250",-86.47,38.31
"2251",-86.47,39.17
"2252",-86.4789,37.27701
"2253",-86.48523,41.29003
"2254",-86.50446,35.20276
"2255",-86.51376,39.19447
"2256",-86.52639,39.16533
"2257",-86.53258,41.99997
"2258",-86.53266,45.83127
"2259",-86.54849,35.77747
"2260",-86.56,35.72
"2261",-86.56778,33.88028
"2262",-86.58,38.73
"2263",-86.60299,37.51704
"2264",-86.61,40.46
"2265",-86.61881,38.28865
"2266",-86.62372,41.83422
"2267",-86.63,39.06
"2268",-86.64,34.67
"2269",-86.64,38.11
"2270",-86.64723,39.83987
"2271",-86.66,38.31
"2272",-86.66,39.16
"2273",-86.66693,38.48648
"2274",-86.67668,45.86073
"2275",-86.69,37.44
"2276",-86.6937,38.74981
"2277",-86.69435,35.3139
"2278",-86.69729,45.87526
"2279",-86.7,39.42
"2280",-86.71097,45.68581
"2281",-86.71603,38.83735
"2282",-86.75,38.98
"2283",-86.75,38.56
"2284",-86.77,39.35
"2285",-86.78,39.43
"2286",-86.78041,38.23355
"2287",-86.78444,36.16589
"2288",-86.79,36.06
"2289",-86.7925,33.92972
"2290",-86.80452,37.82019
"2291",-86.82485,45.77998
"2292",-86.82589,35.04339
"2293",-86.83,39.75
"2294",-86.83334,34.16667
"2295",-86.845,39.66626
"2296",-86.84729,39.36826
"2297",-86.85616,36.93705
"2298",-86.86,39.04
"2299",-86.87445,40.04115
"2300",-86.89,39.01
"2301",-86.89,39.03
"2302",-86.9,36.27
"2303",-86.91429,35.65188
"2304",-86.96264,39.37121
"2305",-86.97,39.67
"2306",-86.97,35.22
"2307",-86.9839,39.80765
"2308",-86.9839,39.85838
"2309",-87.00493,36.24486
"2310",-87.03,31.78
"2311",-87.03,35.94
"2312",-87.03454,35.03509
"2313",-87.03639,37.95672
"2314",-87.06484,35.6164
"2315",-87.06972,39.94079
"2316",-87.0742,41.61559
"2317",-87.08053,35.91127
"2318",-87.13557,41.49401
"2319",-87.14,39.78
"2320",-87.1592,41.61976
"2321",-87.19,37.11
"2322",-87.21,39.95
"2323",-87.24,39.12
"2324",-87.2458,40.79235
"2325",-87.27,39.23
"2326",-87.28,38.96
"2327",-87.29,39.41
"2328",-87.3,34.2
"2329",-87.33,39.74
"2330",-87.33,39.69
"2331",-87.33,39.72
"2332",-87.33,41.14
"2333",-87.34,39.11
"2334",-87.35,39.69
"2335",-87.36,37.28
"2336",-87.36667,34.15
"2337",-87.39,35.83
"2338",-87.41,40.21
"2339",-87.41801,38.68909
"2340",-87.42894,34.97537
"2341",-87.4625,34.33083
"2342",-87.5,35.78
"2343",-87.52,39.97
"2344",-87.52,39.95
"2345",-87.53022,36.87935
"2346",-87.56,34.58
"2347",-87.56742,38.50653
"2348",-87.57623,39.11621
"2349",-87.58085,45.17992
"2350",-87.61,35.44
"2351",-87.61,36.47
"2352",-87.61086,36.48783
"2353",-87.63083,34.7934
"2354",-87.68314,37.7339
"2355",-87.68532,37.22343
"2356",-87.77794,38.74053
"2357",-87.78,36.56
"2358",-87.81417,34.63667
"2359",-87.81631,41.82979
"2360",-87.82569,35.04131
"2361",-87.84787,41.04375
"2362",-87.89,35.25
"2363",-87.8902,41.72805
"2364",-87.92,36.08
"2365",-87.94548,42.99673
"2366",-87.9667,41.4333
"2367",-87.98631,43.78934
"2368",-87.99194,43.84027
"2369",-87.99287,44.47433
"2370",-88.02,37.98
"2371",-88.04651,41.81645
"2372",-88.04967,43.11046
"2373",-88.05585,43.61826
"2374",-88.0683,41.81552
"2375",-88.11,35.14
"2376",-88.152,39.4042
"2377",-88.17,39.17
"2378",-88.21865,42.8936
"2379",-88.22,37.47
"2380",-88.29313,43.24594
"2381",-88.31,38.65
"2382",-88.47811,44.72879
"2383",-88.49734,43.34252
"2384",-88.58974,46.75144
"2385",-88.62125,45.47265
"2386",-88.63,38.92
"2387",-88.64146,45.35379
"2388",-88.67389,45.56444
"2389",-88.70678,44.49822
"2390",-88.70837,44.41442
"2391",-88.71093,45.23084
"2392",-88.73167,42.63632
"2393",-88.7916,44.79668
"2394",-88.81218,42.82972
"2395",-88.8132,44.89006
"2396",-88.89196,38.96512
"2397",-88.91154,43.1208
"2398",-88.92361,34.41083
"2399",-88.95642,45.56053
"2400",-88.97981,41.3168
"2401",-89.01755,44.59283
"2402",-89.05723,44.64896
"2403",-89.08541,44.05576
"2404",-89.09449,40.38351
"2405",-89.09497,37.64302
"2406",-89.10882,44.5466
"2407",-89.1104,42.83145
"2408",-89.14,40.64
"2409",-89.14303,39.12958
"2410",-89.14629,40.35182
"2411",-89.152,45.14
"2412",-89.16225,44.04994
"2413",-89.18,45.38495
"2414",-89.19716,44.59256
"2415",-89.21857,42.83155
"2416",-89.26404,45.0201
"2417",-89.26535,39.7403
"2418",-89.28,38.89
"2419",-89.29225,37.42608
"2420",-89.3333,37.6166
"2421",-89.3477,41.8519
"2422",-89.36,37.61
"2423",-89.40969,37.26893
"2424",-89.41058,43.47426
"2425",-89.44,38.01
"2426",-89.44,41.94
"2427",-89.44589,44.95756
"2428",-89.46252,41.99556
"2429",-89.47863,37.41989
"2430",-89.48761,43.28722
"2431",-89.49718,45.25919
"2432",-89.5,39.14
"2433",-89.53,35.83
"2434",-89.55,37.31
"2435",-89.55,38.85
"2436",-89.56748,44.89862
"2437",-89.57083,40.66667
"2438",-89.58185,44.78604
"2439",-89.58938,36.08647
"2440",-89.59051,45.14659
"2441",-89.62053,43.70228
"2442",-89.62533,45.0051
"2443",-89.62548,42.38134
"2444",-89.63909,46.82304
"2445",-89.64,37.87
"2446",-89.67361,43.13168
"2447",-89.74429,43.4711
"2448",-89.77823,41.02244
"2449",-89.79924,44.74303
"2450",-89.81,42.44
"2451",-89.8102,43.97304
"2452",-89.81166,43.04664
"2453",-89.82,38.17
"2454",-89.82018,44.78438
"2455",-89.85138,36.8975
"2456",-89.85163,43.92445
"2457",-89.85479,44.37647
"2458",-89.88,39.24
"2459",-89.89201,45.07958
"2460",-89.89982,42.88634
"2461",-89.89993,44.77606
"2462",-89.91,37
"2463",-89.91398,42.90211
"2464",-89.96611,33.73222
"2465",-89.97306,42.72301
"2466",-89.97459,43.34202
"2467",-89.97592,43.38252
"2468",-89.98133,39.19271
"2469",-90,40.64
"2470",-90.02715,43.67216
"2471",-90.03585,44.80815
"2472",-90.03961,42.44387
"2473",-90.054,43.06637
"2474",-90.05581,43.01375
"2475",-90.06,40.69
"2476",-90.06,42.44
"2477",-90.09456,42.92079
"2478",-90.09697,43.52893
"2479",-90.10737,40.35453
"2480",-90.13,40.66
"2481",-90.13487,37.42589
"2482",-90.15,37.22
"2483",-90.17,37.36
"2484",-90.17489,37.71819
"2485",-90.17843,43.64105
"2486",-90.18794,41.52819
"2487",-90.19369,37.21637
"2488",-90.2,38.63333
"2489",-90.2049,43.18683
"2490",-90.2132,43.38599
"2491",-90.22777,37.81027
"2492",-90.24004,43.21404
"2493",-90.24039,43.68022
"2494",-90.25695,43.53602
"2495",-90.26861,36.93
"2496",-90.28,42.41
"2497",-90.283,38.639
"2498",-90.30322,43.12194
"2499",-90.34057,45.29217
"2500",-90.35753,43.29836
"2501",-90.36353,43.44518
"2502",-90.3653,47.76887
"2503",-90.38042,42.26703
"2504",-90.3813,42.4497
"2505",-90.39802,45.21351
"2506",-90.40349,43.85447
"2507",-90.4103,39.2026
"2508",-90.41978,43.38636
"2509",-90.4236,43.48951
"2510",-90.43761,40.11934
"2511",-90.44469,43.04205
"2512",-90.44499,37.37042
"2513",-90.45555,43.22534
"2514",-90.47,39.08
"2515",-90.48319,43.55713
"2516",-90.48652,43.50273
"2517",-90.49652,44.67316
"2518",-90.50839,43.69043
"2519",-90.5222,39.9672
"2520",-90.53,42.25
"2521",-90.54465,43.2367
"2522",-90.57,42.16
"2523",-90.57476,43.61919
"2524",-90.57812,43.34472
"2525",-90.57977,43.95931
"2526",-90.58086,44.05265
"2527",-90.58995,43.66468
"2528",-90.60833,38.55833
"2529",-90.6153,43.14111
"2530",-90.61604,44.57156
"2531",-90.62598,43.27716
"2532",-90.62773,44.81215
"2533",-90.62773,34.5727
"2534",-90.63561,34.59573
"2535",-90.64,39.31
"2536",-90.65006,42.64149
"2537",-90.65073,34.63241
"2538",-90.66821,39.35556
"2539",-90.67128,34.64888
"2540",-90.67602,34.67213
"2541",-90.6839,34.70606
"2542",-90.69,37.85
"2543",-90.69276,43.6565
"2544",-90.69412,34.73048
"2545",-90.69515,38.15048
"2546",-90.71,42.26
"2547",-90.71508,34.69033
"2548",-90.71874,43.44557
"2549",-90.72,37.67
"2550",-90.7242,42.68217
"2551",-90.74389,43.13944
"2552",-90.75444,32.52361
"2553",-90.76367,43.02458
"2554",-90.77109,45.97121
"2555",-90.78,37.36
"2556",-90.78,39.74
"2557",-90.78,39.72
"2558",-90.7895,43.78746
"2559",-90.7904,45.91786
"2560",-90.79142,45.3211
"2561",-90.7971,45.71787
"2562",-90.82,38.05
"2563",-90.8211,44.0204
"2564",-90.82832,45.63576
"2565",-90.83361,37.55444
"2566",-90.839,43.00169
"2567",-90.86,38.02
"2568",-90.88174,46.57861
"2569",-90.89,42.52
"2570",-90.90186,36.91628
"2571",-90.91111,37.625
"2572",-90.9234,44.87437
"2573",-90.92718,45.32236
"2574",-90.93,38.28
"2575",-90.94222,36.85444
"2576",-90.945,39.05361
"2577",-90.94821,45.14777
"2578",-90.96,42.67
"2579",-90.96,42.26
"2580",-90.97541,45.31935
"2581",-90.97674,36.97257
"2582",-90.98,41.94
"2583",-90.99155,36.94973
"2584",-90.9983,43.68826
"2585",-91.00114,37.82523
"2586",-91.00502,45.06323
"2587",-91.0133,43.30065
"2588",-91.01705,37.00381
"2589",-91.02055,39.14277
"2590",-91.03608,40.9813
"2591",-91.03805,37.45746
"2592",-91.03821,37.04533
"2593",-91.05,40.65
"2594",-91.05,39.55
"2595",-91.05568,45.29633
"2596",-91.06435,37.12101
"2597",-91.07,36.845
"2598",-91.07222,43.86393
"2599",-91.075,43.04587
"2600",-91.07608,43.45261
"2601",-91.11,39.72
"2602",-91.11699,36.86234
"2603",-91.13809,43.73775
"2604",-91.14,42.44
"2605",-91.16714,37.1643
"2606",-91.16833,37.95166
"2607",-91.16958,47.40212
"2608",-91.17277,37.18814
"2609",-91.18,41.35
"2610",-91.19644,37.12701
"2611",-91.2,39.18
"2612",-91.2058,44.08371
"2613",-91.20694,39.51194
"2614",-91.21,37.28
"2615",-91.21259,37.16931
"2616",-91.21532,36.72872
"2617",-91.22,37.21
"2618",-91.22798,44.05313
"2619",-91.23,42.83
"2620",-91.23313,45.22497
"2621",-91.24044,44.1125
"2622",-91.24889,39.88602
"2623",-91.25925,40.61409
"2624",-91.26909,45.61907
"2625",-91.27046,36.78568
"2626",-91.27691,43.61233
"2627",-91.28,43.72
"2628",-91.29282,44.87295
"2629",-91.29475,43.64541
"2630",-91.2974,36.77221
"2631",-91.3,43.06
"2632",-91.30169,37.19468
"2633",-91.31425,36.28442
"2634",-91.31473,37.22821
"2635",-91.31879,37.17182
"2636",-91.31934,38.80381
"2637",-91.32,43.65
"2638",-91.33018,36.79669
"2639",-91.33133,37.24412
"2640",-91.33784,45.10885
"2641",-91.34,43.81
"2642",-91.34789,36.81551
"2643",-91.35,43.68
"2644",-91.35,43.89
"2645",-91.35,43.73
"2646",-91.35118,37.25126
"2647",-91.35848,39.70838
"2648",-91.36,43.7
"2649",-91.36,43.81
"2650",-91.36,43.86
"2651",-91.36295,44.1925
"2652",-91.38,42.82
"2653",-91.38572,44.12866
"2654",-91.39,43.72
"2655",-91.4,38.17
"2656",-91.40279,45.50576
"2657",-91.40422,43.52172
"2658",-91.4097,37.28096
"2659",-91.41079,43.87273
"2660",-91.41798,43.8355
"2661",-91.42358,45.88473
"2662",-91.42613,37.16419
"2663",-91.43,43.51
"2664",-91.43,43.33
"2665",-91.43333,36.82111
"2666",-91.43333,38.32361
"2667",-91.44,43.89
"2668",-91.44436,39.41988
"2669",-91.45345,44.18876
"2670",-91.45504,43.97705
"2671",-91.46379,37.34056
"2672",-91.48,43.38
"2673",-91.48,43.17
"2674",-91.48762,37.31953
"2675",-91.49,43.76
"2676",-91.49377,37.38129
"2677",-91.49637,41.89428
"2678",-91.5,45.93
"2679",-91.50019,43.57191
"2680",-91.50028,37.00028
"2681",-91.50215,37.12196
"2682",-91.50227,45.74603
"2683",-91.50471,44.79928
"2684",-91.5116,44.22362
"2685",-91.5213,35.89202
"2686",-91.53,43.94
"2687",-91.53,37.1
"2688",-91.5308,37.9661
"2689",-91.53223,41.65766
"2690",-91.53915,36.76286
"2691",-91.54568,43.99999
"2692",-91.54689,43.70678
"2693",-91.55666,37.05902
"2694",-91.56,43.99
"2695",-91.56202,42.76747
"2696",-91.56217,37.38211
"2697",-91.57,43.63
"2698",-91.57,44.01
"2699",-91.57269,43.82468
"2700",-91.58305,40.39444
"2701",-91.59,41.94
"2702",-91.59711,37.41099
"2703",-91.59874,42.97505
"2704",-91.60044,41.69719
"2705",-91.60184,43.98331
"2706",-91.61006,43.8619
"2707",-91.62,43.68
"2708",-91.62,44
"2709",-91.62079,37.44062
"2710",-91.64,44.02
"2711",-91.64,43.73
"2712",-91.64175,44.27964
"2713",-91.66,43.98
"2714",-91.66,43.94
"2715",-91.6648,37.05701
"2716",-91.67,43.77
"2717",-91.67333,40.95519
"2718",-91.67788,37.4536
"2719",-91.68824,43.78398
"2720",-91.69,43.64
"2721",-91.7,43.82
"2722",-91.7,43.96
"2723",-91.7,37.44
"2724",-91.71194,40.11833
"2725",-91.71664,44.01412
"2726",-91.72411,40.62413
"2727",-91.72461,43.42225
"2728",-91.73,43.67
"2729",-91.73333,44.52421
"2730",-91.74,43.78
"2731",-91.7543,45.6381
"2732",-91.77,37.1
"2733",-91.77015,43.3669
"2734",-91.77509,44.07456
"2735",-91.77779,44.01074
"2736",-91.78,44.05
"2737",-91.78517,42.19082
"2738",-91.8,44.13
"2739",-91.8046,37.15109
"2740",-91.81,43.89
"2741",-91.81537,44.36262
"2742",-91.82392,44.24249
"2743",-91.83941,44.48417
"2744",-91.84404,43.79328
"2745",-91.85,44.13
"2746",-91.85,44.17
"2747",-91.85,44.04
"2748",-91.85,43.08
"2749",-91.86,43.86
"2750",-91.87,44.07
"2751",-91.88,44.15
"2752",-91.89631,43.7881
"2753",-91.9,42.17
"2754",-91.91,43.66
"2755",-91.91,43.45
"2756",-91.91207,35.91567
"2757",-91.91917,44.87556
"2758",-91.93,43.76
"2759",-91.93,43.41
"2760",-91.95125,44.15866
"2761",-91.96147,45.31584
"2762",-91.9654,44.00486
"2763",-91.97,43.79
"2764",-91.97921,44.79933
"2765",-91.98,43.42
"2766",-91.98356,44.86605
"2767",-91.99324,37.71133
"2768",-91.99363,41.24613
"2769",-91.99649,44.26468
"2770",-91.99805,37.7425
"2771",-91.99835,43.26082
"2772",-92,43.78
"2773",-92.0028,44.59979
"2774",-92.00534,44.0702
"2775",-92.00904,37.96442
"2776",-92.00989,45.01546
"2777",-92.01,44.28
"2778",-92.02705,44.18337
"2779",-92.02827,44.11863
"2780",-92.03122,45.19368
"2781",-92.03657,44.63717
"2782",-92.03714,44.59924
"2783",-92.03805,45.13424
"2784",-92.03839,45.32928
"2785",-92.03888,37.55222
"2786",-92.0446,38.736
"2787",-92.05185,37.69776
"2788",-92.05361,37.72916
"2789",-92.05904,44.14473
"2790",-92.06,44.37
"2791",-92.06,43.1
"2792",-92.06361,36.99027
"2793",-92.06398,44.98707
"2794",-92.06846,44.86624
"2795",-92.07067,42.22328
"2796",-92.07134,45.17618
"2797",-92.08,44.38
"2798",-92.08278,35.90694
"2799",-92.08377,37.86276
"2800",-92.08388,36.90333
"2801",-92.09036,37.73023
"2802",-92.09745,44.67224
"2803",-92.09915,44.93323
"2804",-92.10685,37.71308
"2805",-92.11,44.4
"2806",-92.12,44.28
"2807",-92.13,44.37
"2808",-92.13028,37.64083
"2809",-92.14861,45.15584
"2810",-92.15,43.68
"2811",-92.1526,44.85923
"2812",-92.15342,44.58528
"2813",-92.15636,45.11073
"2814",-92.15792,45.03528
"2815",-92.16,44.25
"2816",-92.16,44.41
"2817",-92.17333,38.57666
"2818",-92.18,37.06
"2819",-92.18171,44.6955
"2820",-92.20134,43.83539
"2821",-92.20463,44.69338
"2822",-92.20608,45.05826
"2823",-92.21,44.41
"2824",-92.21663,44.27752
"2825",-92.22514,44.50377
"2826",-92.23,43.85
"2827",-92.23378,44.73954
"2828",-92.23971,45.1336
"2829",-92.24,44.24
"2830",-92.25261,44.72574
"2831",-92.26,43.62
"2832",-92.26524,45.09377
"2833",-92.27017,45.18977
"2834",-92.27663,43.77995
"2835",-92.28,36.47
"2836",-92.28456,44.80851
"2837",-92.28638,36.58666
"2838",-92.2965,45.70819
"2839",-92.29955,44.23158
"2840",-92.3,38.3
"2841",-92.30983,45.49655
"2842",-92.31857,45.39618
"2843",-92.32,43.91
"2844",-92.32,43.76
"2845",-92.32835,44.78679
"2846",-92.33,43.74
"2847",-92.33,36.47
"2848",-92.33224,44.22639
"2849",-92.33388,38.95166
"2850",-92.34,44.46
"2851",-92.34557,38.92827
"2852",-92.35822,45.61686
"2853",-92.36,44.48
"2854",-92.37698,44.82033
"2855",-92.38326,39.14333
"2856",-92.39,43.74
"2857",-92.3942,45.55815
"2858",-92.41,44.27
"2859",-92.41613,44.22601
"2860",-92.42104,45.37033
"2861",-92.42248,44.30479
"2862",-92.42492,46.08144
"2863",-92.42722,37.7675
"2864",-92.45753,45.3775
"2865",-92.46944,44.02167
"2866",-92.47305,37.59423
"2867",-92.47566,42.72573
"2868",-92.49676,45.6083
"2869",-92.50123,44.55104
"2870",-92.52,39.84
"2871",-92.54022,36.09389
"2872",-92.55,43.92
"2873",-92.57,38.9
"2874",-92.6065,44.83035
"2875",-92.61,33.22
"2876",-92.6142,45.44004
"2877",-92.62494,44.14837
"2878",-92.62689,45.40991
"2879",-92.65,44.19
"2880",-92.65537,44.68438
"2881",-92.66555,39.20361
"2882",-92.67535,44.84079
"2883",-92.68,44.56
"2884",-92.68,41.37
"2885",-92.68103,44.07959
"2886",-92.68119,44.05599
"2887",-92.68809,32.89163
"2888",-92.69,44.61
"2889",-92.71,44.06
"2890",-92.71033,39.00938
"2891",-92.713,45.53796
"2892",-92.72,45.48
"2893",-92.72241,41.74305
"2894",-92.72616,44.56683
"2895",-92.73,45.33
"2896",-92.73,44.55
"2897",-92.74,44.21
"2898",-92.74,44.5
"2899",-92.74,44.46
"2900",-92.74356,45.28882
"2901",-92.75,45.86
"2902",-92.76,38.03
"2903",-92.77,45.24
"2904",-92.82051,45.89587
"2905",-92.83,45.51
"2906",-92.83,44.21
"2907",-92.83111,45.98587
"2908",-92.84245,44.83345
"2909",-92.84953,45.22771
"2910",-92.85052,35.94349
"2911",-92.87,45.76
"2912",-92.8757,36.6319
"2913",-92.89,44.36
"2914",-92.90884,44.77264
"2915",-92.91624,41.17541
"2916",-92.9519,45.86716
"2917",-92.95734,44.43553
"2918",-92.97141,36.0186
"2919",-92.99318,46.20911
"2920",-93.01047,45.80026
"2921",-93.02986,45.35144
"2922",-93.03,37.21
"2923",-93.04,36.72
"2924",-93.06222,37.48
"2925",-93.06268,36.79534
"2926",-93.06277,38.84833
"2927",-93.1,45.84
"2928",-93.10545,45.35809
"2929",-93.11,42.47
"2930",-93.12,45.54
"2931",-93.12,45.67
"2932",-93.13094,45.00045
"2933",-93.14132,44.46124
"2934",-93.146,45.84284
"2935",-93.17523,45.7481
"2936",-93.2065,44.91582
"2937",-93.22,39.96
"2938",-93.22416,36.86583
"2939",-93.23,45.66
"2940",-93.23,46.06
"2941",-93.2583,36.00576
"2942",-93.28,39.35
"2943",-93.2943,46.21796
"2944",-93.30001,45.6971
"2945",-93.31,36.19
"2946",-93.32,46.02
"2947",-93.32,46.52
"2948",-93.35687,45.95023
"2949",-93.36,45.93
"2950",-93.36,45.84
"2951",-93.36046,45.63741
"2952",-93.36463,45.9828
"2953",-93.37,45.91
"2954",-93.38749,41.9396
"2955",-93.39277,36.60944
"2956",-93.39833,44.37306
"2957",-93.41314,36.08933
"2958",-93.42,36.14
"2959",-93.42,35.83
"2960",-93.44,45.87
"2961",-93.44423,43.96089
"2962",-93.44615,45.01406
"2963",-93.46,46.49
"2964",-93.46232,36.80376
"2965",-93.47,44.72
"2966",-93.47,44.4
"2967",-93.49013,46.41283
"2968",-93.5,46.25
"2969",-93.50639,36.70222
"2970",-93.51809,44.82389
"2971",-93.52205,45.71123
"2972",-93.52557,45.83219
"2973",-93.53,46.46
"2974",-93.54,45.63
"2975",-93.54871,45.96266
"2976",-93.55,44.82
"2977",-93.56692,36.27277
"2978",-93.57,45.83
"2979",-93.57089,45.58476
"2980",-93.6,45.93
"2981",-93.61,46.47
"2982",-93.62417,45.59754
"2983",-93.63,36.6
"2984",-93.63,46.11
"2985",-93.63088,45.18471
"2986",-93.64,45.66
"2987",-93.64622,46.39725
"2988",-93.67,44.76
"2989",-93.67,45.6
"2990",-93.70872,46.46063
"2991",-93.7341,45.13219
"2992",-93.73527,45.92104
"2993",-93.74,44.7
"2994",-93.74,46.37
"2995",-93.75,44.81
"2996",-93.75,44.66
"2997",-93.7532,46.38716
"2998",-93.76,46.04
"2999",-93.76525,44.18863
"3000",-93.79,46.49
"3001",-93.80573,46.21678
"3002",-93.80925,44.82363
"3003",-93.81,45.99
"3004",-93.83,33.92
"3005",-93.83,46.23
"3006",-93.84,46.41
"3007",-93.84,46.17
"3008",-93.86,45.8
"3009",-93.8695,46.75643
"3010",-93.87,46.2
"3011",-93.87,42
"3012",-93.88,44.53
"3013",-93.89,44.59
"3014",-93.89828,46.50291
"3015",-93.9,46.4
"3016",-93.90162,41.93665
"3017",-93.90786,46.30331
"3018",-93.92,44.6
"3019",-93.93,46.01
"3020",-93.93,44.54
"3021",-93.95,46.61
"3022",-93.96589,46.73389
"3023",-93.98,38.9
"3024",-93.98,44.55
"3025",-93.99,39.38
"3026",-93.99444,46.5896
"3027",-94.00454,44.28453
"3028",-94.01,44.49
"3029",-94.04,38.47
"3030",-94.06,36.44
"3031",-94.07295,46.21526
"3032",-94.08,45.43
"3033",-94.08166,46.43871
"3034",-94.08176,46.76675
"3035",-94.09677,38.45837
"3036",-94.1166,37.0692
"3037",-94.14076,38.40925
"3038",-94.14612,36.4589
"3039",-94.18,38.46
"3040",-94.2,43.95
"3041",-94.21,44.82
"3042",-94.22,33.22
"3043",-94.22,44.85
"3044",-94.24458,38.03049
"3045",-94.32,44.22
"3046",-94.34486,45.85269
"3047",-94.36,45.81
"3048",-94.37,45.87
"3049",-94.37503,44.24428
"3050",-94.38658,44.91189
"3051",-94.40263,45.92335
"3052",-94.41,41.64
"3053",-94.47,46.23
