<?xml version="1.0" encoding="utf-8"?>
<eml:eml xmlns:eml="eml://ecoinformatics.org/eml-2.1.1" xmlns:xsi="http://www.w3.org/2001/XMLSchema-instance"
         xsi:schemaLocation="eml://ecoinformatics.org/eml-2.1.1 http://rs.gbif.org/schema/eml-gbif-profile/1.1/eml.xsd"
        packageId="10.15468/dl.gpqpuz"  system="http://gbif.org" scope="system"
  xml:lang="en">

<dataset>
        <alternateIdentifier>0261226-200613084148143</alternateIdentifier>
    <title>GBIF Occurrence Download 10.15468/dl.gpqpuz</title>
    <creator>
    <individualName>
          <surName>GBIF Download Service</surName>
    </individualName>
<electronicMailAddress>support@gbif.org</electronicMailAddress>    </creator>
    <metadataProvider>
    <individualName>
          <surName>GBIF Download Service</surName>
    </individualName>
<electronicMailAddress>support@gbif.org</electronicMailAddress>    </metadataProvider>
      <pubDate>
      2021-04-26
      </pubDate>
    <language>ENGLISH</language>
    <abstract>
        <para>A dataset containing all occurrences available in GBIF matching the query:
{
  &quot;and&quot; : [
    &quot;TaxonKey is one of (Juglans cinerea L.)&quot;,
    &quot;BasisOfRecord is one of (Specimen, Human Observation, Fossil, Observation, Unknown evidence, Machine Observation, Material sample, Literature Occurrence)&quot;
  ]
}
The dataset includes records from the following constituent datasets. The full metadata for each constituent is also included in this archive:
1 records from Base de datos para la xiloteca del Instituto de Biología de la UNAM
1 records from Herbario de la Universidad de Sevilla, SEV-Historico
1 records from Kathryn Kalmbach Herbarium
1 records from NCSM Herbarium Collection
1 records from VIT Herbarium - Vascular Plants (The Natural History Museum of Alava)
1 records from Royal Museum of Central Africa - Metafro-Infosys - Xylarium
1 records from Norwegian Species Observation Service
1 records from Ville de Trois-Rivières - Bioblitz 2012
1 records from Flora of the Volga River basin
1 records from Digitization of plant specimens from Rhoen and Vogelsberg (FULD)
1 records from UCR - University of California, Riverside Herbarium - Vascular Plants
1 records from Herbarium of Taiwan Forestry Research Institute
1 records from SBBG - Clifton Smith Herbarium, Santa Barbara Botanic Garden
1 records from SPFw - Xiloteca do Instituto de Biociências da Universidade de São Paulo
1 records from Bruce Bennett Herbarium (BABY)
1 records from BOTUw - Xiloteca &quot;Profa. Dra. Maria Aparecida Mourão Brasil&quot;
1 records from Royal BC Museum - Herbarium (V)
1 records from SFV - California State University, Northridge
1 records from HO AVH data
1 records from Manchester Museum, University of Manchester, Botany Collection
1 records from Natural History Museum Maastricht (NL) - Herbarium
1 records from HUCS - Herbário da Universidade de Caxias do Sul
1 records from H.A. Stephens Herbarium
1 records from flora&amp;fauna(NIBR)2019
1 records from Finnish Floristic Database (Small Collections)
1 records from Occurrence Data of Vascular Plants collected or compiled for the Flora of Bavaria
1 records from MfN - Fossil plants (Cenophytic)
1 records from Intermountain Herbarium (Vascular plants &amp; algae)
1 records from Appalachian State University, I. W. Carpenter, Jr. Herbarium
2 records from Fairchild Tropical Botanic Garden Virtual Herbarium Darwin Core format
2 records from CSIC-Real Jardín Botánico-Colección de Plantas Vasculares (MA)
2 records from Auckland Museum Botany Collection
2 records from Paleobotany Division, Yale Peabody Museum
2 records from SD - SD Herbarium, San Diego Natural History Museum
2 records from University of New Mexico Herbarium
2 records from Royal Botanic Gardens, Kew - Herbarium Specimens
2 records from SMNS Palaeontological collection - Fossil plants
2 records from SP - Herbário do Estado &quot;Maria Eneyda P. Kaufmann Fidalgo&quot; - Coleção de Fanerógamas
2 records from UTEP Plants (Arctos)
2 records from University of Alberta Vascular Plant Herbarium (ALTA-VP)
2 records from MBM - Herbário do Museu Botânico Municipal
2 records from Oskarshamn herbarium (OHN)
2 records from Observations.be - Non-native species occurrences in Wallonia, Belgium
2 records from naturgucker
2 records from Plant Specimens collections of the Kyushu University Museum
2 records from UCSC - Kenneth S. Norris Center for Natural History, University of California Santa Cruz, Herbarium
2 records from Waarnemingen.be - Non-native plant occurrences in Flanders and the Brussels Capital Region, Belgium
3 records from EURISCO, The European Genetic Resources Search Catalogue
3 records from Images and observations of mostly edible plants in Stephen Barstow’s Edible Garden in Norway, taken between 2005 and 2014
3 records from Digitalización y sistematización de las colecciones biológicas del INECOL (Herbario)
3 records from CHSC - CSU Chico, Chico State Herbarium - Vascular Plants
3 records from MHA Herbarium: collections of vascular plants
3 records from CDA - California Department of Food and Agriculture
3 records from LOB - California State University, Long Beach Herbarium
3 records from Royal Botanic Garden Edinburgh Herbarium (E)
3 records from Deaver Herbarium (Northern Arizona University)
3 records from Taxon occurrence data for the FungalRoot database
4 records from Vascular Plant Collection - University of Washington Herbarium (WTU)
4 records from Canadian Museum of Nature Palaeobotany Collection
4 records from RSA - California Botanic Garden Herbarium
4 records from Botany (UPS)
4 records from Canadian Museum of Nature Palynology Collection
4 records from University of Tartu Natural History Museum and Botanical Garden Botanical Collections
4 records from OAC-BIO Herbarium
5 records from University of South Carolina, A. C. Moore Herbarium
5 records from International Barcode of Life project (iBOL)
5 records from Estonian Museum of Natural History Department of Botany
6 records from Herbarium Berolinense, Berlin (B)
6 records from Arizona State University Vascular Plant Herbarium
7 records from Lund Botanical Museum (LD)
7 records from Biodiversitätsdatenbank Salzburg
7 records from Phanerogamic Botanical Collections (S)
7 records from Charles University Prague - Herbarium PRC
8 records from Herbarium (UNA)
8 records from Moscow University Herbarium (MW)
8 records from Estonian Naturalists’ Society
8 records from Herbarium Universitatis Daugavpiliensis
9 records from Bioimages
9 records from Pl@ntNet observations
9 records from University of Colorado Museum of Natural History Herbarium Vascular Plant Collection
10 records from Berea College, Ralph L. Thompson Herbarium
11 records from R. L. McGregor Herbarium Vascular Plants Collection
11 records from Vascular Plant Herbarium, Oslo (O) UiO
12 records from University of South Florida Herbarium (USF)
12 records from Tallinn Botanic Garden
13 records from Meise Botanic Garden Herbarium (BR)
13 records from Finnish Floristic Database (Finnish Museum of Natural History Collections)
13 records from Olga Lakela Herbarium, University of Minnesota Duluth
14 records from University of Florida Herbarium (FLAS)
15 records from Royal Botanical Gardens Herbarium
16 records from Geographically tagged INSDC sequences
17 records from Field Museum of Natural History (Botany)  Seed Plant Collection
17 records from MEL AVH data
19 records from Butler University Friesner Herbarium (BUT)
20 records from Central Michigan University
20 records from Royal Botanic Gardens, Kew - Economic Botany Collection Specimens
21 records from Buffalo Society of Natural Sciences Clinton Herbarium
22 records from Western Carolina University Herbarium
22 records from Estonian University of Life Sciences Institute of Agricultural and Environmental Sciences Vascular Plant Herbarium
23 records from E. C. Smith Herbarium (ACAD)
23 records from North Carolina State University Vascular Plant Herbarium
24 records from Canadian Museum of Nature Herbarium
28 records from University of North Carolina at Chapel Hill Herbarium
33 records from Botany Division, Yale Peabody Museum
33 records from Michigan State University Herbarium Vascular Plants
39 records from CONN
40 records from Eastern Kentucky University, Ronald L. Jones Herbarium
40 records from Herbier Louis-Marie (QFA) - Collection de plantes vasculaires
41 records from McGill University Herbarium Database
42 records from Marie-Victorin Herbarium (MT) - Plantes vasculaires
46 records from Herbier du Québec (QUE) - Collection de plantes vasculaires
48 records from University of Michigan Herbarium
51 records from University of Vermont, Pringle Herbarium
56 records from MPM Milwaukee Public Museum Herbarium
59 records from The vascular plants collection (P) at the Herbarium of the Muséum national d&apos;Histoire Naturelle (MNHN - Paris)
60 records from University of Tennessee Vascular Herbarium
71 records from United States National Plant Germplasm System Collection
82 records from Artportalen (Swedish Species Observation System)
84 records from Bell Museum plants
88 records from Naturalis Biodiversity Center (NL) - Botany
125 records from Tropicos Specimen Data
127 records from NMNH Extant Specimen Records
130 records from Carnegie Museum of Natural History Herbarium
138 records from The New York Botanical Garden Herbarium (NY)
173 records from A global database for the distributions of crop wild relatives
185 records from Harvard University Herbaria: All Records
1964 records from NatureServe Network Species Occurrence Data
2690 records from iNaturalist Research-grade Observations
</para>
    </abstract>
      <contact>
    <individualName>
          <surName>GBIF Download Service</surName>
    </individualName>
<electronicMailAddress>support@gbif.org</electronicMailAddress>      </contact>

</dataset>

<additionalMetadata>
    <metadata>
      <gbif>
        <dateStamp>2021-04-26T19:06:00Z</dateStamp>
      <citation identifier="10.15468/dl.gpqpuz">GBIF Occurrence Download 10.15468/dl.gpqpuz</citation>
              <physical>
                  <objectName>Darwin Core Archive</objectName>
                  <characterEncoding>UTF-8</characterEncoding>
                  <dataFormat>
                      <externallyDefinedFormat>
                          <formatName>Darwin Core Archive</formatName>
                      </externallyDefinedFormat>
                  </dataFormat>
                  <distribution>
                      <online>
                          <url function="download">https://api.gbif.org/v1/occurrence/download/request/0261226-200613084148143.zip</url>
                      </online>
                  </distribution>
              </physical>
        </gbif>
    </metadata>
</additionalMetadata>

</eml:eml>
