Ind,Pop,B114_1,B114_2,B159__1,B159_2,WGA_1,WGA_2,A5_1,A5_2,B157_1,B157_2,B212_1,B212_2,B121_1,B121_2,B147_1,B147_2,B249_1,B249_2,B262_1,B262_2,B264_1,B264_2
C3984,31,248,258,126,130,165,177,205,209,158,164,240,243,177,181,335,341,181,181,330,340,221,239
C3985,31,260,280,104,124,165,177,203,219,161,164,205,205,177,183,327,335,189,189,317,317,235,239
C3986,31,248,276,124,128,165,165,203,205,161,167,219,240,177,181,327,335,181,185,326,326,239,239
C4231,31,276,276,116,122,159,167,205,211,157,157,217,217,177,183,333,335,183,185,315,340,231,239
C4344,31,248,248,120,128,165,175,203,213,157,166,212,212,183,187,327,327,187,189,317,317,235,239
C4347,31,276,276,122,128,159,175,205,219,166,166,0,0,177,181,0,0,187,189,326,326,227,237
C4352,31,248,248,124,128,155,165,207,211,157,157,0,0,181,183,0,0,181,183,326,330,239,239
C4355,31,248,254,120,128,163,163,205,207,160,160,217,217,177,177,0,0,185,191,317,326,221,237
C4358,31,248,258,128,128,165,165,0,0,157,164,203,203,177,187,0,0,187,189,317,326,229,237
C4419,31,248,254,104,128,165,177,203,205,157,160,233,233,177,183,0,0,183,197,315,326,237,237
C4428,31,248,254,128,136,165,177,0,0,157,164,205,213,177,177,333,339,187,191,340,340,239,239
C4436,31,248,248,122,128,155,163,219,219,157,157,239,239,177,177,333,333,181,189,317,326,227,235
C4450,31,254,258,104,128,163,173,205,207,157,166,205,205,177,183,333,337,169,181,317,325,235,239
C4531,31,248,260,104,128,155,161,203,203,158,161,205,205,177,183,337,343,179,187,317,344,237,237
C1615,31,248,250,130,130,163,171,207,207,157,162,217,239,177,187,333,333,181,185,318,328,235,235
C1616,31,248,270,115,128,161,161,203,211,160,160,235,239,171,177,333,333,185,187,318,318,235,237
C1617,31,248,248,128,130,159,177,207,219,166,166,245,259,177,183,0,0,183,187,318,336,221,237
C1618,31,248,248,124,132,163,175,205,217,157,162,215,219,177,181,333,339,185,189,326,330,235,237
C1619,31,248,248,130,132,163,165,203,207,160,162,219,233,183,193,333,339,189,191,318,332,221,239
C1620,31,248,250,128,132,159,163,203,217,157,157,233,235,0,0,339,339,185,189,326,348,221,237
C1621,31,250,254,115,130,165,171,211,211,157,166,241,255,177,177,327,333,183,183,318,320,239,241
C1623,31,248,248,104,128,163,165,199,219,157,157,0,0,177,187,327,331,179,191,330,338,221,227
C1625,31,248,250,128,132,159,171,207,207,157,160,219,239,183,183,327,333,189,189,332,336,221,235
C1628,31,248,270,120,122,161,167,203,211,160,166,233,243,177,177,331,343,185,191,318,318,237,239
C1637,31,248,250,128,130,159,161,211,211,160,166,243,259,177,183,327,333,181,187,318,336,239,239
C1650,31,254,290,122,128,159,177,203,211,160,168,239,241,171,185,341,341,169,181,318,334,235,239
C3202,31,264,276,124,130,163,163,207,207,156,166,213,239,170,177,333,341,189,189,326,330,221,227
C3248,31,248,276,130,174,175,177,203,207,160,166,221,225,170,179,333,333,183,185,315,317,221,235
C3304,31,0,0,104,128,155,0,209,213,160,166,239,245,183,183,339,339,181,189,0,340,221,221
C3326,31,248,252,120,120,163,175,201,205,156,162,215,217,177,177,333,333,169,191,326,340,221,221
C3333,31,276,276,120,128,161,175,203,207,166,166,211,213,177,183,333,339,169,191,340,340,227,235
C3339,31,0,0,120,128,0,0,201,219,160,166,219,245,177,193,333,339,169,191,326,336,239,239
C3346,31,248,276,120,122,155,165,203,207,156,156,213,239,179,193,339,341,181,191,326,334,221,239
C3349,31,248,276,120,124,155,177,203,207,156,166,213,243,185,187,333,339,191,191,317,317,235,239
C3367,31,282,282,104,122,163,175,0,0,0,0,219,229,170,181,327,327,189,191,317,326,227,239
C3374,31,248,248,122,122,165,177,201,205,160,166,241,241,183,193,333,341,191,191,317,336,221,237
C3405,31,282,282,104,122,165,177,205,209,160,160,213,227,183,185,327,333,169,183,317,326,235,235
C1692,151,252,254,104,140,165,167,203,207,160,168,233,233,171,179,335,341,183,189,318,318,221,235
C1693,151,254,256,104,130,171,179,209,209,160,166,225,235,177,177,333,333,191,191,316,342,221,235
C1694,151,248,290,104,130,165,169,207,209,160,168,225,225,179,183,333,333,183,191,316,334,221,221
C1698,151,248,258,124,128,163,183,199,211,160,166,225,243,171,179,333,333,183,191,318,330,229,235
C1699,151,256,282,128,128,165,175,209,213,157,157,219,225,171,177,331,337,169,183,340,356,227,227
C1700,151,248,256,128,130,159,171,203,207,160,162,215,257,177,177,331,333,183,187,318,330,221,235
C1701,151,252,270,122,124,161,171,205,207,160,166,215,215,171,177,327,337,181,193,318,332,221,237
C1702,151,252,260,104,128,161,175,199,209,157,160,235,243,171,189,333,341,183,193,330,338,221,229
C1703,151,248,256,124,128,163,163,205,207,164,166,217,219,177,185,335,337,183,193,320,344,235,235
C1704,151,256,286,124,130,163,163,203,205,157,160,217,225,169,179,333,335,183,191,318,318,235,237
C1705,151,248,260,104,104,155,167,209,211,157,168,205,219,177,185,331,335,187,191,316,340,235,235
C1706,151,248,254,122,124,165,171,207,207,160,166,217,233,171,191,327,337,187,187,316,332,221,227
C1707,151,250,252,122,128,165,177,199,207,164,169,205,259,177,177,333,339,183,183,318,326,221,235
C1708,151,254,258,120,132,165,169,209,211,157,160,223,233,171,185,333,333,181,191,318,348,229,243
C1709,151,248,260,104,124,169,175,203,209,164,166,233,233,179,189,335,341,187,191,318,330,235,235
C1710,151,252,258,124,132,159,161,203,207,166,166,229,233,171,189,333,339,181,185,318,330,229,235
C1712,151,248,260,104,134,161,179,205,207,157,157,219,229,179,189,331,339,169,169,330,330,235,235
C1714,151,256,260,128,132,163,171,205,209,160,164,215,219,183,189,335,337,169,183,318,330,221,221
C1715,151,248,252,128,130,155,167,213,217,160,166,205,213,171,185,333,337,169,189,318,328,227,235
C1717,151,252,256,128,130,155,161,203,203,160,166,217,253,183,185,333,333,191,191,328,328,221,235
C1718,151,0,0,0,0,155,167,203,217,160,166,221,253,173,187,333,333,169,191,320,336,235,237
C1719,151,248,276,104,130,159,169,203,209,157,166,221,239,177,179,331,333,173,183,330,334,221,235
C1656,170,254,268,124,124,165,171,207,207,157,162,205,213,177,177,337,337,169,183,338,338,229,235
C1657,170,268,276,104,104,163,175,0,0,166,166,0,0,171,189,335,337,169,183,330,330,227,235
C1658,170,266,268,104,124,173,173,199,207,162,166,233,243,171,177,333,333,183,183,318,330,235,235
C1659,170,252,262,104,124,161,175,203,215,166,166,205,213,177,179,335,339,169,169,318,330,235,241
C1661,170,248,266,104,128,165,177,203,207,160,164,0,0,177,189,333,337,169,169,328,338,229,251
C1665,170,274,276,120,122,165,173,207,211,157,160,229,243,171,179,333,337,169,169,330,340,221,235
C1667,170,260,260,124,130,171,173,0,0,160,166,215,227,179,189,331,337,187,191,316,330,233,235
C1682,170,248,254,128,130,155,165,207,211,157,166,213,231,189,191,333,335,183,183,316,338,223,227
C1685,170,274,276,128,130,161,165,203,217,160,162,213,213,173,191,333,337,169,183,318,338,227,229
C4543,568,248,254,122,122,167,179,207,207,167,167,217,240,177,183,335,341,183,191,315,330,221,239
C4545,568,248,280,0,0,163,179,217,217,167,167,213,219,177,189,329,335,179,181,338,340,239,239
C4551,568,248,248,0,0,161,165,211,217,160,167,215,229,179,179,341,341,183,189,315,317,237,237
C4491,568,256,256,104,120,163,163,203,211,162,166,205,240,177,179,337,341,169,185,340,344,221,235
C4494,568,276,276,104,120,163,179,205,211,166,166,213,213,177,177,335,341,181,183,340,340,235,239
C4495,568,268,280,122,130,163,171,211,217,166,166,213,213,183,187,341,341,175,191,317,326,223,239
C4497,568,258,276,124,128,177,177,217,217,160,166,0,0,183,187,341,343,183,191,318,342,221,235
C4501,568,248,254,136,136,163,179,205,205,160,166,243,243,177,179,335,339,181,181,315,340,221,229
C4502,568,248,264,104,136,163,165,203,203,157,160,219,219,177,183,333,333,181,185,315,317,221,237
C4503,568,248,272,122,132,179,179,209,209,167,167,221,240,177,189,337,341,169,183,317,334,235,239
C4504,568,254,276,124,126,163,165,209,209,160,166,217,217,175,175,333,343,169,191,330,340,223,239
C4470,568,264,282,128,134,177,179,205,211,160,166,221,225,171,179,333,335,169,179,317,317,221,235
C4471,568,258,276,122,136,179,179,209,209,160,160,217,217,171,177,335,341,181,185,317,318,221,235
C4473,568,276,276,104,130,163,177,209,217,167,167,213,213,177,183,337,341,187,191,317,318,221,221
C4474,568,248,248,104,122,163,179,211,211,158,161,0,0,171,179,335,343,169,183,317,338,223,237
C4476,568,248,248,124,124,175,179,203,211,160,160,221,221,179,179,335,343,183,185,315,315,221,239
C4478,568,276,276,104,104,163,179,209,217,160,169,219,219,177,179,335,343,187,191,315,318,221,239
C4479,568,278,278,124,128,155,175,211,211,160,160,221,221,177,177,341,341,169,187,317,340,221,239
C4482,568,276,276,130,136,165,171,207,207,160,160,236,236,171,177,343,345,181,183,317,340,227,239
C4483,568,258,264,104,122,179,179,209,211,157,161,233,233,177,177,331,341,169,177,317,330,221,227
C4484,568,248,276,104,104,167,179,203,203,160,166,233,233,177,189,335,341,169,191,317,334,221,239
C4485,568,276,282,104,122,165,179,207,207,166,166,225,225,171,179,335,335,185,187,317,317,221,235
C4489,568,248,248,130,136,177,179,205,209,160,166,211,217,177,183,327,343,181,191,336,344,221,221
C4505,568,248,248,122,124,163,179,201,205,157,160,225,240,181,187,335,339,169,183,315,318,235,239
C4507,568,248,258,122,134,155,167,205,205,158,167,221,221,177,183,335,335,191,191,326,340,237,237
C4535,568,248,258,130,130,167,171,203,203,164,164,219,233,177,185,335,341,181,183,338,338,235,239
C4542,568,246,248,104,104,167,171,205,205,158,164,229,233,181,185,337,343,183,191,326,338,235,239
C4562,568,248,276,0,0,179,179,199,203,157,164,221,221,177,183,327,333,169,181,317,340,0,0
C4582,568,248,254,0,0,165,177,203,211,161,167,0,0,171,181,333,333,181,191,317,338,227,237
C4693,568,264,282,122,124,155,159,203,211,167,167,217,217,177,177,333,341,187,189,325,336,237,237
C4696,568,248,280,104,128,155,179,201,205,158,164,217,217,177,193,333,337,187,189,330,340,235,237
C3179,568,248,280,104,130,163,163,207,207,166,166,211,231,179,183,339,339,191,191,317,317,239,239
C3181,568,276,278,122,136,173,177,207,209,160,166,201,241,177,177,339,341,169,169,317,318,221,221
C3188,568,248,254,120,130,163,177,205,207,160,166,225,225,177,183,335,341,169,191,317,330,221,235
C3190,568,248,254,104,136,161,167,203,207,156,156,213,245,177,183,333,341,187,187,317,344,227,239
C3193,568,276,282,104,134,175,177,207,211,160,160,225,233,170,179,333,339,185,185,317,340,227,235
C3201,568,254,258,104,128,0,0,203,203,166,166,211,233,177,183,333,333,169,181,336,340,235,235
C3232,568,254,276,104,158,163,163,203,217,160,166,215,217,177,181,335,341,169,185,317,317,221,239
C3249,568,258,276,124,130,165,177,207,207,160,166,217,217,177,177,333,339,187,191,318,318,235,235
C3250,568,248,282,124,136,177,177,205,211,160,160,217,221,181,181,333,339,169,191,318,340,235,239
C3251,568,264,276,104,124,163,177,203,217,160,160,221,253,177,183,339,339,169,169,317,340,221,221
C3253,568,248,258,128,130,163,177,201,211,160,160,225,233,177,183,333,335,183,187,317,317,221,239
C3255,568,264,276,130,136,165,177,203,211,160,160,201,241,177,185,339,341,169,185,317,317,239,239
C3277,568,248,282,120,128,171,175,207,211,160,166,221,233,177,179,333,339,187,191,317,317,221,237
C3315,568,248,256,104,136,165,165,211,211,160,166,233,253,183,189,341,343,169,191,317,340,235,237
C3360,568,248,248,136,174,169,177,203,203,160,160,217,225,177,179,333,339,181,185,315,340,221,227
C3288,568,276,282,124,128,163,179,203,207,160,164,213,227,170,177,333,333,183,189,317,326,227,227
C3293,568,264,282,104,122,165,165,203,209,164,166,213,213,179,187,327,333,169,169,317,340,221,227
C4018,1014,276,276,122,128,163,163,203,205,161,169,213,213,170,185,335,343,187,187,317,317,239,239
C3980,1014,272,280,104,128,159,179,203,203,157,161,197,217,177,177,335,341,187,191,340,340,221,235
C3987,1014,260,272,104,128,163,177,205,217,167,167,205,240,177,183,335,341,179,189,317,334,221,235
C3988,1014,248,260,124,130,175,175,203,205,161,167,221,236,177,183,341,341,181,189,317,317,221,221
C3989,1014,280,280,122,122,165,171,197,203,160,160,213,213,183,183,333,341,177,187,317,317,210,210
C4011,1014,248,254,104,130,177,177,203,203,161,167,240,240,170,177,339,345,181,181,317,340,221,221
C4017,1014,248,258,104,124,163,179,203,203,164,167,217,240,177,177,341,343,169,187,317,317,239,239
C4296,1014,248,248,122,136,163,173,203,211,157,164,221,221,170,177,333,333,183,187,315,320,221,235
C4301,1014,254,254,104,104,167,167,209,209,166,166,0,0,177,177,333,339,169,183,325,325,221,223
C4303,1014,276,276,122,130,165,165,199,207,160,166,215,215,177,177,333,333,187,189,325,325,221,227
C4453,1014,254,254,104,130,165,175,203,203,157,166,217,219,177,187,333,339,183,187,330,330,221,239
C4455,1014,0,0,122,124,165,165,203,203,166,168,193,213,170,187,327,333,183,187,340,340,221,227
C4457,1014,0,0,104,104,163,171,207,211,160,166,235,239,177,183,327,327,169,183,317,325,221,227
C4459,1014,0,0,122,130,165,177,203,203,160,162,213,225,183,185,333,341,169,169,317,340,235,239
C4464,1014,0,0,120,122,0,0,203,203,157,160,239,239,179,181,333,333,183,189,317,340,221,239
C4468,1014,248,264,128,130,159,165,203,211,166,166,0,0,177,177,333,333,185,187,340,340,221,221
C4783,1014,276,280,124,130,155,165,194,203,167,167,213,213,177,181,341,343,169,187,317,317,227,243
C4786,1014,248,280,104,130,167,179,203,207,159,167,240,240,177,183,333,333,185,187,326,334,235,239
C4789,1014,278,278,104,124,167,177,203,203,157,157,0,0,177,181,341,343,169,191,336,342,221,239
C4891,1014,274,276,128,130,177,181,203,203,158,167,213,213,177,181,339,339,189,191,325,330,223,235
C4892,1014,248,280,104,122,167,167,203,207,158,167,0,0,179,183,343,343,189,191,325,330,221,223
C4901,1014,272,276,104,104,163,181,203,207,169,169,236,237,177,179,333,341,185,185,317,340,239,239
C4903,1014,276,280,104,122,165,179,207,207,157,169,0,0,177,177,333,339,169,187,317,342,221,227
C4904,1014,276,280,104,104,165,167,195,203,157,167,217,217,177,179,333,341,185,187,317,338,221,239
C3263,1014,260,276,128,132,163,175,205,219,160,166,227,239,183,193,327,339,183,183,317,317,221,239
C3271,1014,260,280,120,128,165,167,217,219,160,166,205,221,177,183,327,329,183,185,317,336,239,239
C3272,1014,276,280,128,128,167,177,209,217,160,166,241,261,170,177,329,333,169,169,315,318,221,235
C3276,1014,258,282,104,104,167,175,207,209,156,166,215,215,181,185,329,339,169,191,317,325,221,227
C3280,1014,258,276,124,130,163,163,205,217,166,166,221,229,183,189,0,0,183,189,315,340,235,239
C3305,1014,248,258,124,128,163,175,217,217,164,166,243,261,177,177,329,339,0,0,317,336,239,239
C3324,1014,248,248,136,136,163,163,203,205,166,166,261,261,179,189,329,337,189,189,317,317,235,239
C3329,1014,256,276,130,136,163,175,203,205,166,168,229,239,183,193,333,339,183,193,315,317,235,239
C3336,1014,248,280,104,128,163,167,203,217,160,166,241,261,170,177,333,339,169,183,318,340,235,235
C3341,1014,0,0,124,132,0,0,209,217,166,168,217,227,177,183,327,333,183,193,315,340,221,235
C3409,1014,248,254,130,132,161,187,205,211,160,166,217,259,177,177,0,0,181,183,0,0,221,221
C3168,1014,276,276,104,122,165,179,203,207,166,166,259,263,177,177,339,341,169,169,317,325,0,0
C3170,1014,254,276,104,104,155,167,207,207,166,166,217,239,179,183,333,333,185,191,317,317,221,239
C3214,1014,248,272,106,122,0,0,215,215,156,166,215,215,177,179,0,0,185,187,317,334,239,239
C3227,1014,272,278,104,122,167,179,203,203,156,166,237,263,177,183,333,339,187,191,325,336,227,239
C3228,1014,248,256,104,122,159,177,199,211,166,166,215,217,177,183,329,341,169,181,317,325,237,237
C3278,1014,278,280,104,124,173,177,193,203,166,166,259,263,177,181,339,341,187,187,326,330,235,243
C3279,1014,252,280,104,130,155,173,193,203,166,166,213,239,170,177,333,339,187,191,336,348,221,239
C3321,1014,278,280,104,104,177,179,193,205,156,158,259,263,177,181,333,341,181,181,326,330,227,227
C3322,1014,262,278,104,130,159,171,193,203,166,166,213,217,177,181,339,341,187,189,317,338,223,223
C3303,1014,248,280,130,130,163,163,205,207,156,166,257,259,177,185,333,333,185,187,317,325,235,235
C3317,1014,248,248,130,132,163,171,203,205,164,166,225,259,177,183,333,333,181,187,315,336,239,239
C3376,1014,248,276,124,124,163,177,203,203,160,160,245,255,177,185,0,0,187,189,315,317,221,237
C3401,1014,258,280,104,128,175,177,203,205,164,166,215,253,177,193,333,339,181,189,336,340,235,235
C3203,1014,254,290,122,128,0,0,199,209,156,160,217,241,177,177,333,333,185,189,318,346,221,221
C3245,1014,254,278,128,128,161,175,207,207,166,166,217,235,170,179,327,339,189,189,340,350,221,235
C3302,1014,276,276,104,124,161,163,205,207,160,164,213,227,170,177,327,333,187,189,317,326,225,227
C3307,1014,248,248,122,130,171,175,207,211,160,168,219,227,179,187,327,341,183,183,340,340,225,239
C3310,1014,256,274,120,130,163,165,203,203,156,166,213,227,170,185,339,341,185,189,325,340,225,227
C3312,1014,254,276,128,130,165,165,207,211,160,166,217,239,177,187,339,341,0,0,317,318,231,239
C3345,1014,254,280,130,130,163,163,203,209,156,160,227,239,177,187,327,341,169,185,317,325,221,225
C3362,1014,248,274,104,128,165,167,203,207,156,166,219,231,170,177,333,333,169,189,340,340,221,227
C3371,1014,280,282,104,130,171,177,203,207,160,160,219,227,170,179,327,333,183,191,318,330,225,225
C3372,1014,248,280,122,128,163,171,203,211,160,160,227,239,177,187,333,341,183,183,325,326,221,225
C3417,1014,254,282,122,130,171,177,203,209,164,168,219,231,170,177,327,333,189,191,317,346,221,229
C4569,7917,256,256,0,0,165,175,207,211,167,167,205,240,171,179,333,343,183,191,315,315,235,235
C4570,7917,248,248,0,0,155,163,205,211,167,167,241,241,171,179,333,343,179,187,317,340,239,239
C4571,7917,254,282,0,0,163,175,211,217,158,167,217,241,177,181,333,339,169,187,317,317,237,237
C4573,7917,272,272,0,0,163,171,205,211,158,164,233,241,177,177,327,333,169,183,315,340,229,237
C4575,7917,264,282,0,0,163,163,207,207,167,167,215,221,177,177,339,343,169,177,315,338,221,239
C4577,7917,248,280,0,0,161,163,203,217,167,167,221,221,181,183,341,341,167,177,317,334,237,239
C4600,7917,248,280,0,0,171,171,199,205,161,161,217,217,177,185,333,339,169,181,317,317,0,0
C4612,7917,248,282,0,0,159,165,203,203,158,164,217,217,177,183,331,343,169,177,322,334,235,235
C4621,7917,254,272,122,122,159,177,217,217,161,169,217,217,181,187,341,341,169,189,317,317,221,227
C4622,7917,248,276,104,130,179,179,203,217,161,164,0,0,185,185,327,345,169,185,340,344,239,239
C4623,7917,248,252,122,122,163,165,205,205,157,167,227,227,185,193,327,333,183,191,340,340,237,239
C4624,7917,248,278,104,124,163,179,211,219,167,167,215,215,171,183,333,341,181,185,338,340,223,237
C4625,7917,276,284,124,124,163,165,217,217,157,160,217,243,171,177,333,343,181,183,317,338,227,235
C4627,7917,254,282,104,124,163,165,203,203,157,167,212,217,171,177,335,335,185,191,317,340,227,227
C4631,7917,248,272,122,132,179,179,209,209,167,167,221,240,177,189,337,341,169,183,317,334,235,239
C4632,7917,248,254,130,130,163,165,203,211,161,164,240,240,179,179,333,343,187,187,317,340,237,237
C3939,7917,276,276,122,128,161,167,203,209,167,167,217,217,183,183,333,341,181,187,340,340,235,235
C3940,7917,264,264,122,128,161,161,203,209,161,167,213,213,177,181,331,341,187,187,317,336,237,237
C3945,7917,248,248,130,130,163,163,203,205,161,167,236,236,177,179,335,341,181,185,317,330,223,239
C4520,7917,256,256,120,120,155,163,205,211,160,160,205,213,177,181,329,335,183,187,326,340,223,227
C4522,7917,282,282,124,124,155,179,205,209,161,167,213,240,183,187,333,341,185,185,317,326,221,227
C3182,7917,260,276,104,130,163,177,205,217,156,164,211,217,177,177,327,339,183,187,317,318,221,221
C3189,7917,248,276,120,130,163,171,207,211,160,160,225,233,177,183,335,339,169,187,317,317,221,221
C3191,7917,254,276,104,122,163,175,211,211,160,166,221,225,177,179,339,339,191,191,318,340,0,0
C3196,7917,268,280,120,128,177,177,207,211,160,166,217,235,181,183,333,341,169,183,334,350,221,221
C3208,7917,254,272,104,104,161,175,203,203,156,164,215,215,177,183,335,341,169,185,317,346,235,235
C3211,7917,248,276,104,120,161,175,207,213,156,166,217,239,177,183,339,341,181,183,334,346,223,239
C3212,7917,254,276,104,136,161,171,209,215,164,166,229,257,177,183,331,339,173,185,317,317,235,239
C3213,7917,254,280,104,124,171,177,203,207,156,166,257,259,181,183,333,339,183,189,330,342,235,243
C3215,7917,262,278,122,130,179,179,207,207,166,166,217,237,177,181,333,333,187,189,325,325,223,227
C3217,7917,248,276,124,130,177,177,203,207,156,166,217,239,181,191,329,333,169,183,315,315,221,239
C3225,7917,248,278,134,136,155,177,0,0,160,166,213,259,177,183,339,339,169,187,315,338,235,239
C3226,7917,254,280,104,130,155,177,203,203,158,166,213,241,177,183,339,341,169,191,317,338,239,239
C3238,7917,248,248,104,124,0,0,203,207,156,160,217,217,177,183,335,341,187,189,317,334,221,227
C3239,7917,248,254,136,158,155,163,203,211,166,166,213,217,183,187,333,339,185,191,315,340,221,221
C3269,7917,272,278,122,128,163,171,203,217,166,166,205,233,181,183,0,0,169,191,0,0,237,237
C3273,7917,272,282,124,128,171,175,203,207,166,166,205,259,177,183,339,341,169,181,317,317,221,221
C3274,7917,246,252,104,134,161,163,203,207,156,156,215,229,177,183,333,341,169,187,315,334,239,239
C3354,7917,256,276,104,124,163,175,207,211,166,166,217,245,177,179,333,341,189,189,317,342,221,221
C3361,7917,254,256,122,122,161,161,207,211,156,160,213,239,177,183,333,339,181,189,334,340,235,239
C3289,7917,280,282,104,104,163,171,203,203,160,166,213,213,170,183,333,333,187,187,340,344,221,221
C3169,7917,254,278,128,128,177,177,207,209,160,166,217,217,170,177,333,341,181,187,340,340,221,237
C3199,7917,272,282,122,124,163,175,0,0,166,168,215,245,170,177,333,341,185,191,317,340,221,235
C3224,7917,268,280,122,130,163,163,205,205,160,160,213,239,183,183,333,339,169,187,326,334,239,239
C3320,7917,256,278,124,128,161,177,203,207,160,166,217,235,170,179,327,333,181,189,338,350,221,237
C4707,125147,248,278,122,136,161,171,207,217,158,171,207,240,177,177,331,337,193,193,317,317,223,237
C4747,125147,260,260,128,132,161,163,203,209,164,169,240,240,183,187,333,335,169,187,315,340,225,235
C4772,125147,248,280,122,128,155,161,207,211,157,167,215,240,171,181,333,341,183,187,317,334,221,237
C4781,125147,250,250,116,128,163,185,209,219,164,167,221,221,181,183,331,337,169,183,317,317,221,235
C4782,125147,254,254,120,124,155,165,207,207,157,160,221,233,185,185,333,333,181,181,317,318,235,237
C4787,125147,272,286,104,124,163,163,205,209,158,160,211,236,171,181,335,335,169,187,317,330,235,237
C4790,125147,260,274,128,130,155,179,201,203,161,167,223,223,187,189,333,337,183,183,315,317,221,227
C4803,125147,248,276,122,124,155,171,207,209,160,167,217,217,181,185,333,333,187,191,315,320,221,235
C4813,125147,252,260,104,104,161,179,199,211,162,167,211,217,177,185,333,341,169,187,338,340,221,239
C4837,125147,248,252,128,150,161,163,207,211,161,167,213,213,177,179,333,333,187,189,317,318,235,235
C4838,125147,248,272,120,124,161,167,199,207,161,167,205,243,177,183,331,335,169,191,326,330,227,235
C4843,125147,252,260,104,130,155,175,197,207,161,167,229,229,170,195,333,337,187,193,317,330,221,227
C4857,125147,272,276,104,120,155,165,203,205,164,167,205,205,170,187,333,335,169,169,317,330,221,237
C4828,125147,248,276,128,136,159,175,207,209,160,169,213,229,177,191,333,333,169,183,334,340,221,225
C4835,125147,248,272,104,124,163,171,203,211,167,169,229,233,179,187,335,343,181,187,317,317,221,221
C4836,125147,248,248,104,136,165,175,0,0,161,162,211,229,171,185,329,339,169,191,317,317,221,235
C4842,125147,252,270,120,134,163,163,197,203,158,167,211,237,171,177,333,343,187,193,325,330,227,227
C4863,125147,258,258,146,150,0,0,205,207,157,167,241,245,181,185,337,339,183,183,325,340,235,237
C4744,125147,270,278,120,128,161,169,207,209,158,161,213,213,179,193,333,339,169,169,318,330,227,227
C4745,125147,248,270,120,128,165,171,205,211,167,167,217,236,171,185,339,339,169,183,336,340,221,229
C4768,125147,248,270,122,128,161,165,207,211,164,167,215,215,179,189,331,335,185,185,317,317,235,235
C4769,125147,248,272,104,124,159,165,203,207,167,169,215,221,171,185,335,337,169,189,330,330,221,227
C4771,125147,248,276,124,130,159,167,199,207,164,171,221,237,185,185,333,335,183,187,317,317,235,235
C4784,125147,248,254,128,136,171,179,205,207,160,167,215,227,187,187,333,335,181,183,330,330,235,235
C4785,125147,254,276,132,136,163,165,199,207,154,160,205,227,187,191,333,341,173,183,317,330,221,235
C4795,125147,256,264,104,130,165,185,219,219,160,166,213,219,183,185,329,331,167,167,317,317,221,235
C4796,125147,256,276,124,130,161,161,199,203,157,160,209,221,171,189,331,333,169,187,317,317,235,237
C4800,125147,252,254,104,124,159,173,199,207,161,167,236,236,181,193,335,335,179,197,336,336,221,235
C4801,125147,248,264,128,128,163,163,211,217,164,167,215,223,171,177,341,343,169,183,330,336,227,227
C4802,125147,248,256,122,128,163,177,205,207,160,160,225,225,171,187,333,343,181,183,317,330,221,235
C4805,125147,248,260,124,134,159,159,199,203,157,161,215,215,183,185,333,333,187,187,330,344,235,237
C4806,125147,262,262,122,134,159,159,207,217,164,167,217,229,171,171,331,333,169,181,317,334,235,235
C4850,125147,256,270,104,130,167,181,211,217,157,167,221,245,170,183,331,341,169,187,317,338,221,229
C4748,126147,254,262,124,128,163,175,207,209,167,169,233,233,187,187,337,339,167,167,317,317,227,227
C4753,126147,256,260,120,128,165,165,199,199,158,161,225,225,185,187,327,341,169,169,317,336,235,237
C4754,126147,248,252,122,128,163,163,203,205,167,171,209,215,171,189,337,341,169,189,317,318,235,237
C4760,126147,256,276,104,104,163,187,205,205,169,171,217,217,185,187,333,333,187,189,317,317,235,237
C4761,126147,248,262,130,132,159,171,199,207,161,167,217,223,177,183,333,343,169,191,330,338,237,237
C4762,126147,268,268,104,104,165,165,203,207,167,167,219,240,171,187,335,335,183,187,317,317,235,235
C4791,126147,248,248,104,124,167,167,207,217,161,167,215,229,171,179,335,343,169,183,317,340,235,245
C4810,126147,252,272,122,136,165,175,199,207,160,166,233,233,177,189,327,333,185,187,340,340,235,237
C4812,126147,248,262,130,130,167,167,203,207,164,167,225,237,183,187,333,333,169,187,317,336,235,235
C4821,126147,248,262,104,120,165,171,205,207,167,171,233,233,177,177,337,341,183,187,336,336,225,225
C4864,126147,248,282,120,130,159,179,203,211,167,171,205,205,177,179,333,333,169,187,317,325,235,235
C4866,126147,254,262,130,130,159,165,207,209,167,169,237,237,181,183,331,333,169,169,334,334,227,227
C1722,126147,256,262,124,130,155,163,205,207,160,166,221,229,177,177,333,339,169,187,318,330,227,235
C1724,126147,248,252,104,124,165,167,207,207,168,169,215,225,171,187,339,343,187,189,344,356,221,235
C1725,126147,248,276,122,124,167,171,207,209,157,166,225,259,169,187,333,339,169,187,330,344,227,227
C1726,126147,248,252,120,128,165,167,207,209,157,169,211,215,171,187,329,335,187,189,318,356,231,231
C1731,126147,260,262,120,122,161,165,203,205,166,168,217,229,171,177,327,337,183,187,330,340,227,227
C1733,126147,252,262,130,130,163,171,207,215,157,166,233,233,177,183,0,0,177,183,326,340,221,235
C1734,126147,252,276,104,122,163,165,203,209,160,164,235,247,185,185,333,333,187,187,318,330,223,235
C1735,126147,252,284,115,130,161,167,199,209,166,166,203,223,171,179,333,341,169,187,326,340,221,221
C1738,126147,268,276,106,130,161,161,203,207,157,169,235,247,171,183,333,343,183,183,326,334,235,241
C1740,126147,248,248,122,122,171,171,207,213,166,166,229,237,171,177,333,341,181,183,326,330,0,0
C1741,126147,248,258,128,128,155,167,203,209,162,169,227,229,183,183,333,341,169,169,318,330,221,221
C1742,126147,276,280,122,130,163,173,201,211,157,164,215,247,181,185,333,339,183,187,318,358,223,235
C1743,126147,260,272,104,120,163,163,203,211,164,166,229,231,187,189,333,339,183,191,318,340,221,223
C1745,126147,252,258,128,130,165,171,203,203,160,166,233,235,171,171,331,337,169,177,316,354,227,239
C1746,126147,248,260,128,130,163,165,203,211,164,169,205,229,177,189,333,339,183,187,318,318,223,227
C1747,126147,254,272,128,136,163,165,203,207,160,160,221,221,169,187,327,335,169,187,316,318,221,227
C4742,126147,248,256,104,130,163,175,203,207,167,167,0,0,171,179,333,341,169,191,317,338,235,235
C4752,126147,248,254,128,136,155,163,203,209,167,167,217,217,181,187,339,343,189,189,330,334,221,227
C4792,126147,248,250,119,122,155,171,211,211,164,167,213,213,181,183,333,333,183,187,317,340,227,235
C4814,126147,252,276,122,136,155,163,203,211,167,173,211,237,177,185,331,335,169,179,317,317,221,221
C4815,126147,256,272,104,116,155,163,203,209,160,166,236,243,179,185,333,343,169,187,317,317,221,237
C4818,126147,248,248,104,130,159,163,207,209,164,167,213,213,177,177,339,339,169,183,325,340,227,235
C4819,126147,248,254,104,128,171,171,203,211,164,167,211,217,171,183,333,337,181,189,330,342,227,227
C4826,126147,258,272,104,124,161,171,205,207,162,164,233,247,171,179,333,337,183,191,317,317,235,235
C4829,126147,250,256,104,120,163,169,205,211,160,160,213,229,171,171,333,333,181,181,340,348,235,235
C4830,126147,248,256,104,120,155,163,203,211,164,171,213,213,171,179,327,331,169,183,330,330,235,235
C4831,126147,250,276,122,130,163,175,205,217,164,167,205,217,181,183,337,341,169,181,317,344,223,235
C4832,126147,250,260,104,124,163,171,207,207,164,167,215,221,183,189,335,341,169,172,334,334,235,235
C4858,126147,248,248,120,124,163,179,205,209,164,167,223,223,168,177,335,335,183,193,317,334,237,237
C4757,126147,260,272,104,130,163,181,207,219,161,167,213,225,177,177,339,339,183,187,317,318,221,229
C4770,126147,248,276,116,120,155,167,199,207,160,169,0,0,170,170,333,335,187,187,315,317,221,239
C4808,126147,256,276,128,130,159,181,207,221,158,161,215,215,183,185,333,335,172,187,315,336,223,237
C4809,126147,248,252,104,124,163,181,207,207,160,171,205,237,173,181,333,335,169,169,317,320,231,231
C4820,126147,262,274,124,124,163,163,207,217,162,167,223,223,177,181,327,327,169,183,326,326,221,223
C4824,126147,248,260,104,120,163,183,205,207,158,161,231,243,171,171,335,341,169,187,315,315,235,235
C4706,171188,252,272,104,120,163,171,203,211,164,164,215,229,171,185,333,337,187,187,330,340,221,235
C4708,171188,258,280,104,128,161,175,203,211,164,167,217,217,177,177,333,341,167,181,330,340,235,239
C4709,171188,248,254,130,132,165,179,207,209,158,169,231,231,171,189,333,333,181,183,315,340,235,235
C4714,171188,256,262,122,122,163,163,211,211,161,167,227,227,179,181,335,337,181,191,325,325,237,237
C4722,171188,248,260,104,130,163,163,199,203,158,158,215,217,171,177,337,341,183,183,317,344,235,235
C4726,171188,272,272,124,124,161,163,205,211,164,167,209,240,187,187,333,339,183,185,325,334,221,221
C4733,171188,248,256,124,130,175,175,207,211,167,167,213,221,177,193,331,333,181,193,317,317,235,235
C4734,171188,256,272,122,122,155,159,207,207,167,167,221,221,171,187,333,341,169,191,325,340,229,235
C4737,171188,254,258,124,130,159,165,211,211,158,158,211,231,179,189,335,337,183,191,315,317,221,235
C4882,171188,248,284,124,124,161,161,207,209,157,171,213,229,177,187,327,327,191,193,317,317,221,235
C4883,171188,258,258,128,130,163,165,203,203,167,167,219,227,187,193,331,335,189,191,317,317,235,235
C4702,171188,248,278,106,120,159,159,203,209,0,0,217,233,177,187,333,337,169,185,352,348,229,235
C4703,171188,248,248,104,130,161,179,207,211,158,158,215,217,177,177,327,331,177,183,315,317,221,237
C4727,171188,254,260,124,128,155,165,203,207,161,161,215,233,171,171,335,337,189,191,325,334,227,227
C4732,171188,260,268,128,128,155,161,203,209,158,167,215,219,171,185,333,335,187,191,317,344,221,239
C4735,171188,256,256,122,128,161,167,207,209,158,164,217,233,171,177,333,335,191,197,317,317,221,221
C4736,171188,248,278,122,132,179,179,203,207,167,167,215,215,183,185,333,335,169,191,317,340,221,221
C4746,171188,252,280,104,124,179,179,199,211,167,167,217,227,171,185,335,339,191,191,338,348,235,237
C4777,171188,272,274,128,130,161,167,201,207,160,166,221,236,179,181,333,337,183,183,317,344,215,221
C4846,171188,258,280,128,130,163,165,197,211,164,167,221,233,177,183,335,341,185,189,334,346,229,239
C4847,171188,248,252,130,130,161,161,207,211,158,167,233,237,171,179,335,341,169,183,317,330,223,227
C4884,171188,260,278,104,126,161,173,209,211,161,167,217,221,171,185,335,335,169,181,334,342,235,235
C4705,171188,248,252,104,122,161,165,213,217,158,161,205,229,181,185,333,341,169,187,315,317,221,221
C4711,171188,248,254,124,128,171,171,199,207,164,167,249,249,171,179,337,341,167,183,315,338,221,239
C4713,171188,278,278,104,104,163,171,205,207,158,169,0,0,181,193,327,333,183,183,325,338,221,235
C4716,171188,256,256,104,124,165,171,207,211,161,167,221,233,177,185,333,333,183,183,317,325,221,221
C4717,171188,248,258,122,122,159,159,203,205,161,161,215,215,177,185,335,339,183,183,318,325,227,237
C4719,171188,248,256,128,130,163,181,201,211,158,167,207,225,179,187,337,339,191,193,317,325,221,229
C4721,171188,248,272,122,128,155,163,203,211,161,167,217,217,179,183,333,339,179,181,330,340,235,235
C4729,171188,246,248,104,128,161,181,203,211,167,167,229,236,171,171,333,333,189,191,317,344,221,235
C4730,171188,254,238,128,130,163,165,203,203,167,167,215,215,177,185,341,341,183,187,317,344,221,237
C4773,171188,248,248,122,124,159,163,211,211,158,167,233,240,185,185,333,333,189,189,317,340,227,239
C4861,171188,248,280,120,130,161,165,205,211,164,167,207,233,177,183,331,333,169,183,334,342,229,229
C4890,171188,248,248,104,144,163,179,207,217,158,161,235,235,185,193,333,337,169,169,315,317,235,237
C4724,171188,248,262,120,124,167,179,209,211,164,167,217,233,185,185,341,345,183,187,317,342,227,237
C4738,171188,254,272,128,130,155,165,203,207,161,162,215,233,177,187,333,333,181,183,338,338,227,235
C4739,171188,248,274,124,124,155,155,207,217,161,171,221,239,171,177,339,339,169,183,317,340,227,235
C4844,171188,256,274,130,130,159,167,207,209,164,167,217,236,177,179,333,341,181,189,315,338,235,235
C4845,171188,254,258,120,130,163,171,203,209,164,167,215,227,183,185,331,333,183,193,325,340,235,237
C4681,171188,276,276,128,130,175,175,217,217,164,164,217,217,177,185,333,341,169,183,317,317,235,235
C4682,171188,250,250,128,136,155,167,207,217,169,169,211,221,187,187,333,333,183,191,325,340,221,239
C4683,171188,280,282,130,136,161,163,211,211,157,164,217,240,177,191,335,341,183,187,315,317,237,237
C4685,171188,248,256,120,120,163,183,203,203,157,167,217,217,171,187,333,333,169,183,317,317,235,237
C4715,171188,248,256,104,124,161,165,203,205,167,169,213,213,187,193,329,333,183,191,332,334,235,235
C4725,171188,274,274,124,132,161,163,199,209,161,169,213,225,179,189,333,333,169,169,317,325,221,235
C4799,171188,248,286,104,122,163,167,203,211,157,162,231,243,177,179,333,339,181,183,317,317,221,221
C4889,171188,248,268,104,130,175,179,207,207,161,167,217,233,177,189,343,343,169,187,317,317,0,0
C4151,9101113a,248,248,122,130,163,179,203,211,157,167,236,236,177,187,341,341,183,189,315,338,221,239
C4152,9101113a,248,248,122,130,159,163,203,209,158,167,233,233,183,187,333,343,183,191,336,336,221,239
C4153,9101113a,248,256,104,122,163,177,207,207,158,158,236,236,181,187,333,343,183,191,334,334,239,239
C4154,9101113a,248,280,120,120,163,179,205,205,158,167,213,236,183,187,0,0,169,183,0,0,221,239
C4157,9101113a,248,248,128,128,163,175,201,201,158,167,215,236,179,183,333,333,181,181,326,336,221,227
C4158,9101113a,248,256,104,130,159,163,203,203,161,167,217,233,183,183,333,341,189,189,338,338,221,221
C4165,9101113a,276,282,130,136,171,171,203,211,167,167,221,221,175,187,327,331,175,175,317,340,235,239
C4248,9101113a,0,0,130,130,163,177,203,205,160,166,217,217,183,183,327,339,181,181,317,330,221,229
C4254,9101113a,248,256,120,130,163,177,203,203,157,160,213,233,181,183,333,339,183,191,336,340,223,239
C4371,9101113a,258,258,122,122,177,177,203,207,160,166,233,233,183,189,335,335,181,183,317,317,0,0
C3936,9101113a,276,276,104,128,159,163,203,207,158,161,217,217,177,187,335,335,181,187,317,330,235,235
C3937,9101113a,248,254,124,130,163,163,203,203,162,167,213,213,177,177,331,343,189,189,317,340,237,237
C3944,9101113a,248,248,122,128,165,179,205,211,158,167,240,240,170,177,333,341,185,191,317,340,235,235
C3954,9101113a,254,272,124,128,177,177,203,205,160,160,217,240,177,183,327,343,169,181,317,317,227,237
C3955,9101113a,276,276,104,124,177,177,207,213,161,161,240,240,177,183,0,0,181,181,330,340,235,241
C3961,9101113a,278,278,104,130,163,163,203,217,167,167,231,231,177,179,335,343,183,189,317,317,239,239
C3974,9101113a,254,254,104,124,159,163,203,205,158,161,217,217,179,181,327,343,169,181,326,334,237,237
C4024,9101113a,248,248,128,128,155,163,207,219,158,161,231,231,177,187,335,341,185,185,326,336,235,239
C4025,9101113a,248,248,104,128,159,179,209,219,161,164,211,240,187,193,335,341,169,191,340,340,237,237
C4028,9101113a,282,282,124,124,163,163,203,217,158,161,213,221,177,187,329,343,183,187,317,338,227,235
C4032,9101113a,248,258,104,128,165,177,0,0,160,166,217,217,183,183,0,0,169,181,340,340,237,237
C4033,9101113a,0,0,104,130,163,175,0,0,160,166,212,240,177,179,333,333,169,169,317,317,239,239
C4034,9101113a,256,256,104,122,155,165,203,205,166,166,215,215,179,183,327,329,169,189,317,340,235,239
C4041,9101113a,0,0,104,122,163,167,203,205,157,166,221,221,183,189,333,339,187,187,315,315,221,239
C4043,9101113a,248,258,122,122,173,177,207,211,157,157,217,240,177,177,0,0,183,191,317,340,221,239
C4044,9101113a,254,254,122,130,169,173,0,0,157,166,217,240,177,187,329,341,183,183,318,330,235,235
C4045,9101113a,0,0,122,122,159,177,207,211,157,166,221,235,177,187,333,341,169,169,317,326,221,239
C4046,9101113a,248,248,122,122,165,177,0,0,166,166,215,240,177,189,333,333,189,189,317,326,237,237
C4047,9101113a,274,274,122,130,163,177,203,207,157,164,213,213,183,187,339,339,169,187,317,317,221,235
C4048,9101113a,274,274,104,122,165,175,0,0,157,166,240,240,183,189,333,339,169,183,313,340,221,221
C4055,9101113a,248,276,122,126,165,165,203,211,160,160,215,229,177,187,0,0,169,183,317,336,235,239
C4057,9101113a,256,276,126,126,165,177,211,219,157,166,213,223,177,181,0,0,183,191,317,317,0,0
C4059,9101113a,248,276,122,128,157,163,203,211,166,169,215,240,177,177,333,339,169,189,336,336,221,239
C4064,9101113a,248,248,124,128,163,177,211,211,160,160,209,229,177,183,0,0,185,193,317,344,227,227
C4067,9101113a,260,260,122,130,165,175,207,211,166,166,213,240,185,187,327,339,169,191,340,340,221,239
C4068,9101113a,0,0,104,120,159,171,207,217,156,160,212,217,170,177,327,333,183,187,334,340,221,221
C4070,9101113a,260,260,104,122,165,165,203,203,164,164,221,240,177,189,333,339,189,189,0,0,221,239
C4075,9101113a,0,0,104,124,155,165,207,207,158,166,193,213,177,177,329,341,169,185,0,0,221,239
C4081,9101113a,248,256,124,124,155,177,203,207,160,166,221,221,177,177,0,0,169,169,317,317,221,239
C4082,9101113a,260,272,122,130,163,177,203,207,160,166,213,213,177,177,335,343,183,187,317,317,223,239
C4083,9101113a,258,276,122,132,155,163,205,211,166,166,221,235,185,187,333,341,169,183,317,330,221,237
C4086,9101113a,256,276,124,124,159,163,203,207,160,166,225,225,183,187,333,343,183,187,317,340,221,239
C4088,9101113a,248,248,124,124,175,175,207,207,160,160,233,233,0,0,333,341,169,189,334,344,227,237
C4104,9101113a,254,276,104,126,159,163,203,203,158,158,213,213,183,187,337,341,187,187,317,344,221,239
C4108,9101113a,248,268,128,128,163,167,203,207,160,166,229,229,0,0,0,0,169,169,334,334,223,223
C4118,9101113a,256,256,128,134,159,159,205,205,160,160,221,225,177,187,335,335,169,189,325,340,221,221
C4131,9101113a,248,276,124,124,163,175,207,207,167,167,225,225,177,185,335,335,189,189,317,336,221,239
C4133,9101113a,264,280,104,128,177,177,205,211,160,160,223,229,177,183,333,333,185,189,318,318,221,239
C4135,9101113a,276,280,126,126,163,171,209,211,158,161,236,236,177,183,333,341,181,185,317,317,239,239
C4136,9101113a,254,254,122,122,159,163,205,205,167,167,247,247,177,177,341,341,169,169,336,346,235,235
C4137,9101113a,256,276,124,130,159,163,209,217,158,161,215,225,177,183,0,0,185,189,318,336,221,221
C4139,9101113a,276,276,120,128,155,179,203,203,158,161,217,229,177,187,341,341,169,183,315,336,239,239
C4167,9101113a,248,254,122,132,159,165,203,211,158,167,205,205,170,185,333,333,169,193,317,336,235,237
C4236,9101113a,248,248,124,124,159,177,205,211,160,166,235,237,179,183,333,333,183,191,317,336,235,237
C4237,9101113a,248,254,122,128,159,167,199,211,164,166,205,205,177,187,327,333,169,191,340,340,229,237
C4238,9101113a,248,256,122,128,165,175,203,217,160,164,239,239,170,183,331,339,187,189,340,340,235,241
C4241,9101113a,248,256,122,128,159,163,203,219,157,160,211,211,179,181,339,339,183,185,334,342,221,239
C4247,9101113a,0,0,128,128,163,163,203,211,157,166,223,223,177,183,333,339,189,191,338,344,227,239
C4252,9101113a,276,276,120,122,163,167,203,211,157,166,217,217,177,177,339,341,169,181,317,317,221,239
C4257,9101113a,248,248,122,124,165,177,203,207,160,166,217,217,177,193,333,341,187,187,326,334,221,235
C4383,9101113a,254,254,128,128,177,177,199,203,157,164,215,215,179,189,335,343,183,187,317,340,235,235
C4390,9101113a,256,276,104,104,161,177,199,205,160,160,239,239,170,187,341,343,169,181,317,317,235,235
C4514,9101113a,258,280,104,130,179,179,207,211,160,167,215,223,177,177,335,341,181,185,317,317,235,239
C4519,9101113a,254,282,104,136,171,179,205,205,169,169,217,240,177,181,331,331,187,187,317,336,223,239
C4534,9101113a,282,282,122,124,163,167,203,207,157,160,231,231,179,179,335,341,183,191,334,340,221,239
C4699,9101113a,248,276,122,124,159,165,203,203,158,167,219,240,185,187,331,333,169,189,317,340,227,227
C1541,9101113a,276,276,122,130,163,177,0,0,152,160,239,255,179,183,339,341,169,181,340,346,235,239
C1542,9101113a,276,278,122,124,163,177,203,207,152,166,0,0,179,179,333,339,169,187,340,340,235,239
C1544,9101113a,282,290,128,130,177,177,207,207,157,166,205,241,179,179,333,339,185,185,334,344,237,239
C1547,9101113a,248,248,104,124,155,165,207,217,160,166,231,241,177,185,333,339,169,169,334,340,0,0
C1553,9101113a,248,286,122,130,155,163,203,207,161,161,0,0,187,193,329,341,183,189,328,342,227,235
C1555,9101113a,276,286,128,130,163,177,217,219,157,160,209,233,177,177,339,339,185,187,318,336,0,0
C1557,9101113a,248,276,128,130,163,177,207,217,157,166,215,233,177,193,333,339,181,183,318,336,235,239
C1560,9101113a,248,286,128,130,163,177,203,217,160,160,239,259,177,185,333,333,181,183,328,336,235,239
C1562,9101113a,248,254,104,104,159,165,205,207,157,164,211,239,0,0,333,339,169,191,0,0,237,237
C1565,9101113a,248,282,120,130,161,177,203,207,157,166,221,227,177,179,327,341,183,185,318,342,235,237
C1567,9101113a,248,278,124,130,163,177,203,219,157,160,215,221,177,185,333,339,183,185,318,328,235,239
C1569,9101113a,248,282,122,128,163,177,207,219,157,166,211,215,181,193,333,333,181,185,318,318,235,235
C1571,9101113a,274,282,130,130,163,177,207,209,157,166,233,239,177,187,329,339,169,183,328,334,239,239
C1576,9101113a,248,254,104,124,159,175,203,205,157,166,221,241,181,187,333,333,183,189,334,340,221,237
C1577,9101113a,248,280,124,130,165,177,203,205,166,166,0,0,177,181,333,333,169,191,334,340,227,235
C1579,9101113a,280,282,124,130,165,175,205,217,160,166,215,241,177,179,333,333,169,181,326,342,221,221
C3990,9101113b,248,248,104,120,163,163,203,203,161,167,215,240,170,183,343,343,169,169,330,340,239,239
C3991,9101113b,254,254,124,124,171,179,203,211,158,167,215,229,177,183,327,341,169,173,340,340,221,239
C3992,9101113b,272,272,104,122,155,171,203,203,158,161,229,229,170,177,343,343,173,187,317,317,221,239
C3994,9101113b,254,254,104,136,175,175,203,203,164,166,213,225,177,187,335,337,173,185,317,317,221,235
C4172,9101113b,254,278,104,122,163,171,203,209,161,167,233,233,185,185,327,343,189,193,325,338,221,235
C4173,9101113b,276,276,104,130,163,163,209,209,167,167,212,240,185,193,0,0,169,181,340,340,233,233
C4232,9101113b,276,276,104,106,177,177,203,203,160,166,0,0,170,183,339,341,183,189,325,340,235,235
C4234,9101113b,0,0,104,104,163,177,203,207,160,166,225,225,170,183,333,341,181,189,317,325,235,239
C4259,9101113b,276,276,128,130,175,175,203,205,157,166,221,221,177,177,333,339,169,191,317,317,221,239
C4260,9101113b,276,276,104,122,163,175,203,213,160,166,213,213,177,179,341,341,185,187,330,340,221,237
C4261,9101113b,0,0,122,122,163,165,203,203,166,166,213,213,187,193,331,333,185,193,334,340,223,223
C4262,9101113b,248,248,124,130,155,165,217,217,157,160,239,239,170,185,331,333,173,183,326,336,221,239
C4263,9101113b,248,248,130,132,163,177,207,207,160,166,215,215,183,187,339,341,169,189,318,336,239,239
C4266,9101113b,272,272,124,130,155,177,207,219,157,166,239,239,183,185,331,339,173,189,325,326,221,227
C4267,9101113b,0,0,104,130,177,177,207,211,160,166,215,215,170,187,341,341,169,179,317,317,221,237
C4269,9101113b,248,248,122,122,175,175,203,205,157,160,213,213,183,187,331,337,183,183,317,317,235,239
C4272,9101113b,248,248,128,134,159,177,205,209,160,160,239,239,183,187,333,339,183,185,315,317,221,221
C4276,9101113b,262,262,104,104,163,163,215,215,160,166,0,0,183,187,333,339,169,189,315,326,235,235
C4278,9101113b,248,256,122,128,159,171,211,213,160,166,223,223,183,187,331,341,181,181,325,340,239,239
C4279,9101113b,254,260,104,130,171,177,203,205,160,166,205,205,177,181,341,341,169,189,325,326,235,235
C4280,9101113b,248,254,122,130,161,171,203,205,166,166,213,213,181,185,333,341,169,181,317,317,237,239
C4281,9101113b,248,248,106,122,163,165,203,219,157,160,221,221,170,177,333,333,169,189,317,317,235,235
C4282,9101113b,248,274,120,128,157,159,199,203,160,166,217,227,179,183,327,327,183,189,317,317,221,235
C4284,9101113b,248,248,104,128,159,177,203,203,157,166,217,217,177,183,0,0,183,189,317,317,237,239
C4286,9101113b,248,254,104,106,161,167,203,211,157,164,0,0,177,177,333,341,183,189,325,326,235,239
C4287,9101113b,248,258,104,128,161,161,203,205,157,166,213,213,177,177,331,333,183,189,326,340,235,239
C4289,9101113b,262,276,120,124,165,177,207,211,166,166,0,0,177,181,329,341,183,187,315,338,235,235
C4290,9101113b,262,272,120,122,163,165,207,207,160,166,215,215,177,185,329,333,179,183,315,315,237,237
C4307,9101113b,254,264,104,104,165,171,195,205,160,166,0,0,177,177,0,0,185,189,330,330,239,239
C4310,9101113b,272,272,120,130,155,175,217,219,160,164,217,217,170,177,339,339,185,187,315,317,0,0
C4311,9101113b,276,276,120,120,155,165,203,219,160,160,0,0,181,185,333,333,185,187,0,0,221,227
C4312,9101113b,262,262,120,128,177,177,203,219,164,166,217,217,170,183,333,333,181,185,330,330,239,243
C4314,9101113b,248,266,104,106,175,175,211,219,160,160,215,225,177,183,333,333,187,189,330,334,237,239
C4318,9101113b,248,258,128,128,163,179,203,203,157,160,0,0,177,179,339,339,181,183,332,332,221,221
C4321,9101113b,248,254,104,104,163,171,205,217,160,164,213,231,170,183,0,0,185,187,325,325,221,237
C4323,9101113b,258,258,104,104,163,171,203,203,160,164,215,231,170,181,333,333,169,193,0,0,235,237
C4324,9101113b,256,256,104,122,163,177,205,205,160,166,239,239,177,183,335,341,169,181,315,317,227,233
C4334,9101113b,254,258,124,128,177,177,205,217,160,164,223,231,170,187,335,335,183,185,317,330,239,239
C4529,9101113b,254,280,106,128,163,179,207,207,160,166,225,237,183,183,335,335,183,187,317,318,235,239
C1582,9101113b,262,282,104,122,155,163,203,205,157,166,221,239,177,183,0,0,181,185,318,340,235,237
C1583,9101113b,248,282,122,156,163,171,203,211,166,166,217,259,171,177,329,339,169,189,330,340,237,239
C1584,9101113b,272,282,128,130,163,163,205,217,160,166,0,0,183,183,333,341,169,181,318,328,237,239
C1585,9101113b,272,282,124,126,163,175,205,217,160,160,217,223,177,183,333,335,169,181,318,340,239,239
C1586,9101113b,280,282,128,156,163,163,203,217,160,166,215,223,183,189,337,341,181,185,316,318,227,239
C1589,9101113b,248,248,104,120,165,175,203,217,157,160,217,217,177,183,333,333,183,185,340,340,235,237
C1591,9101113b,248,258,128,128,163,177,203,211,160,166,213,239,177,183,329,343,169,185,340,340,221,235
C1592,9101113b,248,280,124,156,155,177,205,211,160,160,213,215,177,183,333,339,173,183,332,340,235,239
C1594,9101113b,258,262,120,156,175,177,203,211,164,166,215,215,177,181,333,341,185,187,340,340,227,237
C1597,9101113b,272,276,120,120,163,177,203,207,157,166,221,239,183,187,0,0,185,187,334,342,235,235
C1598,9101113b,248,280,104,120,163,177,203,217,160,160,0,0,177,183,333,335,183,185,338,338,227,237
C1599,9101113b,280,280,104,124,163,177,203,205,160,166,213,259,183,183,335,339,183,183,326,332,221,237
C1601,9101113b,248,276,104,130,155,163,203,207,157,166,215,217,177,185,333,333,181,185,338,340,229,239
C1605,9101113b,254,272,122,140,163,171,209,211,160,160,213,217,177,187,327,335,183,189,316,318,221,221
C1609,9101113b,280,282,120,126,163,177,211,217,160,166,213,223,183,183,333,343,181,183,318,340,237,237
C1610,9101113b,276,280,124,130,175,177,205,207,166,166,213,235,171,183,333,339,169,183,332,334,235,237
C1611,9101113b,248,260,104,122,165,165,203,203,160,166,215,259,177,179,327,333,189,191,348,350,221,221
C1612,9101113b,260,280,122,130,165,175,203,207,160,166,235,259,177,177,333,339,169,189,336,350,239,239
C1613,9101113b,248,276,104,124,163,165,203,207,160,160,215,239,177,179,333,339,191,191,340,350,237,237
C3173,9101113b,248,276,122,128,0,0,199,205,160,166,253,257,177,183,333,341,169,189,318,340,235,239
C3204,9101113b,276,286,124,130,163,179,207,207,156,166,217,237,181,181,327,333,181,185,317,340,221,221
C3223,9101113b,254,254,124,128,161,161,203,209,166,166,217,259,179,187,327,341,187,191,0,0,221,221
C3258,9101113b,248,258,120,122,155,163,209,211,166,166,211,217,177,181,0,0,169,183,0,0,221,227
C3262,9101113b,248,278,104,156,163,175,199,219,166,166,217,235,170,183,327,333,169,189,315,338,221,221
C3270,9101113b,254,276,122,128,155,163,205,207,164,166,213,235,177,183,331,339,169,181,318,340,239,239
C3300,9101113b,254,276,124,126,163,177,203,205,160,162,217,235,170,181,327,335,183,185,340,340,221,221
C3330,9101113b,248,248,104,120,159,177,197,211,160,160,213,217,170,177,341,341,169,187,315,318,235,237
C3390,9101113b,248,248,124,126,155,175,203,207,160,166,217,235,170,183,327,331,185,189,0,0,221,221
C3424,9101113b,248,276,104,128,175,181,0,0,156,166,225,235,183,187,329,333,181,187,317,336,235,235
C3958,9101113b,248,248,104,130,171,177,203,217,161,167,212,212,177,183,335,335,169,181,317,317,235,235
C3962,9101113b,256,256,104,134,179,179,203,205,161,167,217,217,177,187,327,343,181,181,317,340,239,239
C4019,9101113b,260,280,104,140,159,163,199,201,161,162,215,215,185,187,327,333,181,187,317,317,235,235
C3995,9101113b,0,0,104,104,0,0,203,203,158,167,215,215,179,187,335,341,169,183,330,340,221,239
C4000,9101113b,248,276,104,136,155,181,199,203,158,161,233,240,181,189,333,341,187,191,317,340,223,239
C4002,9101113b,248,276,104,130,163,179,203,205,158,167,213,233,179,183,333,333,183,189,330,344,235,239
C4006,9101113b,248,254,104,120,163,179,203,209,164,166,217,217,177,183,333,333,181,181,334,334,237,237
U1941,APA12PACb,254,272,124,128,161,173,203,215,160,160,243,245,171,183,339,341,187,187,316,334,221,235
U1942,APA12PACb,280,282,128,136,165,171,209,219,157,157,213,213,171,189,339,343,169,183,318,354,235,239
U1957,APA12PACb,0,0,104,122,163,179,207,211,160,166,211,225,183,183,333,339,169,187,316,320,221,221
U2016,APA12PACb,248,284,104,120,165,167,201,201,166,166,221,221,171,189,327,339,183,187,320,320,227,235
U2021,APA12PACb,248,256,128,130,155,165,207,209,160,166,0,0,183,187,337,341,169,183,316,316,223,223
U2022,APA12PACb,256,276,120,134,167,169,205,207,160,166,233,251,179,183,327,331,183,187,318,334,235,235
U2023,APA12PACb,248,272,128,134,155,173,205,207,157,164,217,233,171,179,331,337,183,187,318,320,221,221
U2024,APA12PACb,248,260,124,124,159,171,203,207,162,166,229,251,179,179,333,339,189,191,330,356,235,239
U2025,APA12PACb,248,248,124,134,161,173,203,211,166,166,0,0,179,187,333,335,181,187,326,342,221,249
U2026,APA12PACb,272,276,120,124,163,171,197,207,157,166,201,213,179,179,333,341,183,189,318,352,235,235
U2027,APA12PACb,254,256,122,124,163,175,199,207,157,160,205,213,179,187,333,337,187,193,338,342,231,237
U2028,APA12PACb,260,280,124,132,161,171,207,217,157,164,207,229,179,189,339,339,169,169,318,358,221,249
U2029,APA12PACb,256,280,104,130,161,169,205,211,164,164,217,251,185,189,327,337,183,187,338,344,237,237
U2030,APA12PACb,248,260,130,134,159,161,205,207,164,166,221,233,171,179,339,339,169,169,320,340,233,235
U2031,APA12PACb,260,266,124,130,161,165,203,217,157,166,215,221,171,171,333,339,169,187,320,338,221,235
U1943,APA12PACb,256,276,128,128,163,179,199,205,164,166,219,223,179,187,335,337,183,191,330,334,221,221
U1944,APA12PACb,254,276,104,128,155,161,199,211,160,166,215,219,185,187,335,337,169,183,330,340,221,235
U1945,APA12PACb,254,274,124,130,163,165,209,211,166,166,213,257,171,191,335,337,169,181,330,334,235,235
U1946,APA12PACb,248,256,104,128,159,165,199,207,160,166,215,229,177,185,333,337,183,187,318,340,221,227
U1947,APA12PACb,248,280,104,120,167,167,199,207,164,166,211,239,179,189,331,339,169,187,318,320,223,223
U1948,APA12PACb,248,248,104,140,163,173,199,205,157,166,235,239,179,183,327,341,169,191,318,352,241,241
U1949,APA12PACb,256,266,104,134,155,163,199,207,164,166,235,237,171,177,327,339,181,183,316,330,227,235
U1955,APA12PACb,252,280,124,130,163,175,203,207,164,166,235,239,177,189,339,339,169,187,328,338,221,221
U2005,APA12PACb,258,260,128,130,163,171,197,213,166,166,227,259,179,183,335,339,183,187,334,352,221,221
U2006,APA12PACb,248,288,104,146,163,165,203,213,160,166,215,225,171,185,339,339,169,187,316,318,229,235
U2007,APA12PACb,256,258,124,146,161,165,203,203,166,166,225,235,179,187,339,339,187,187,318,328,221,235
U2008,APA12PACb,252,258,120,146,161,161,209,213,160,166,217,231,171,181,333,339,169,187,318,352,229,229
U2010,APA12PACb,258,288,104,120,161,171,0,0,166,166,213,217,183,189,333,333,181,183,316,336,235,235
U2012,APA12PACb,248,256,120,130,165,167,209,217,160,166,217,223,171,171,333,339,183,187,326,334,235,245
U2014,APA12PACb,248,248,122,128,155,161,199,211,160,168,217,217,179,185,331,333,169,187,316,332,235,251
U2702,APA12PACb,248,260,128,132,163,179,203,219,160,166,217,265,187,189,337,339,191,193,318,326,221,233
U2703,APA12PACb,254,286,122,130,165,179,203,207,160,168,217,223,179,179,337,337,169,193,316,316,221,233
U2704,APA12PACb,256,256,104,120,163,165,207,209,164,166,203,225,187,187,339,341,181,187,318,340,221,221
U2706,APA12PACb,258,270,104,122,161,171,0,0,160,164,0,0,171,177,333,337,169,177,318,344,221,237
U2707,APA12PACb,248,248,104,115,159,165,207,207,159,164,219,227,171,171,333,333,183,187,318,330,237,237
U2708,APA12PACb,248,248,124,132,161,167,209,217,157,164,217,251,171,177,327,333,169,169,318,338,225,235
U2698,APA12PACb,248,264,104,122,159,165,205,211,160,160,215,229,171,183,333,339,181,183,318,326,235,235
U2700,APA12PACb,258,274,120,130,161,167,203,211,157,166,215,261,171,173,333,341,187,191,318,334,221,235
U1924,APA12PACb,248,278,104,130,161,163,207,207,166,168,215,257,183,195,327,339,183,197,326,344,235,237
U1930,APA12PACb,248,254,124,124,163,171,207,207,166,166,205,253,171,183,331,343,183,187,316,340,237,241
U1931,APA12PACb,248,254,104,124,159,171,203,207,166,168,217,257,171,171,333,343,181,183,316,318,221,235
U1933,APA12PACb,248,248,124,124,161,167,199,203,157,166,231,257,171,177,343,343,169,183,318,328,223,237
U1934,APA12PACb,248,286,120,120,161,177,203,217,157,166,213,243,185,187,339,339,177,183,318,330,221,227
U1935,APA12PACb,276,282,104,128,161,167,203,217,166,166,205,257,185,185,333,333,187,191,316,318,221,227
U1936,APA12PACb,254,280,104,124,161,163,207,207,157,166,231,257,171,171,331,335,173,187,318,338,0,0
U1938,APA12PACb,260,280,104,128,163,167,207,211,157,168,231,255,171,171,333,343,181,187,318,318,229,235
U1939,APA12PACb,248,280,122,128,163,171,201,207,157,160,207,217,171,187,341,343,169,189,318,326,221,221
U1950,APA12PACb,256,256,115,115,171,171,201,207,166,168,215,217,181,185,329,333,169,187,326,340,227,235
U1951,APA12PACb,256,280,124,136,163,165,207,217,157,166,211,229,179,189,331,333,169,175,318,318,221,227
U1953,APA12PACb,262,278,124,124,169,175,207,207,160,166,221,237,171,185,333,339,169,183,318,318,221,235
U1954,APA12PACb,256,262,124,130,161,163,203,207,166,166,229,229,171,185,331,335,169,169,316,320,221,223
U2044,APA12PACb,248,254,128,134,171,171,205,217,160,166,213,261,179,189,337,339,173,181,316,318,225,235
U2045,APA12PACb,254,272,124,132,171,173,199,207,160,168,213,229,181,185,339,339,169,191,318,342,229,229
U2047,APA12PACb,254,276,128,136,147,157,199,207,160,160,227,227,189,189,333,341,183,191,316,318,233,235
U2048,APA12PACb,260,286,132,132,165,173,199,209,160,160,213,229,171,183,333,333,183,183,338,342,229,239
U2050,APA12PACb,248,260,120,122,157,161,199,209,160,164,213,215,179,185,337,339,169,181,318,344,235,237
U2051,APA12PACb,254,254,120,134,163,171,199,199,164,166,203,213,171,177,333,337,183,187,318,318,235,237
U2056,APA12PACb,254,280,115,130,163,165,207,217,164,166,221,247,171,171,333,339,183,183,334,356,235,235
U2057,APA12PACb,280,282,104,124,167,173,203,205,166,166,223,229,185,193,333,339,169,183,332,334,237,237
U2058,APA12PACb,248,282,124,136,163,163,203,205,160,160,229,255,185,187,331,331,173,191,320,334,235,235
U2059,APA12PACb,282,284,104,122,159,167,203,203,160,164,0,0,181,193,331,331,169,187,326,334,221,221
U2060,APA12PACb,248,254,124,146,159,173,199,207,160,166,217,247,171,185,333,343,183,187,318,344,235,237
U2061,APA12PACb,272,280,128,130,163,169,199,207,166,166,233,247,185,187,327,339,183,183,318,356,221,221
U2062,APA12PACb,262,272,130,132,163,163,199,205,160,166,0,0,171,187,333,333,169,189,320,356,235,235
U2063,APA12PACb,248,272,124,130,159,167,199,203,166,166,0,0,171,187,333,339,169,183,318,344,221,221
U2065,APA12PACb,258,258,104,136,159,171,207,207,164,166,227,265,185,187,333,335,169,191,330,340,235,235
U2067,APA12PACb,248,268,104,124,161,163,205,217,157,160,217,227,171,177,333,339,169,169,328,338,237,237
U2068,APA12PACb,254,268,120,124,161,163,207,207,157,166,215,227,177,177,333,333,169,181,316,318,221,237
U2069,APA12PACb,248,254,120,128,167,167,199,207,160,166,217,231,171,185,335,339,187,187,338,344,221,235
U2070,APA12PACb,268,288,124,128,163,165,207,211,160,166,211,243,177,187,333,343,187,191,316,344,221,237
U2071,APA12PACb,258,258,128,128,173,175,205,207,157,166,227,237,171,185,327,333,191,191,316,344,223,235
U2076,APA12PACb,268,280,128,128,157,163,199,207,157,166,231,247,171,177,341,343,169,183,338,344,221,235
U2077,APA12PACb,248,280,122,124,163,171,199,203,160,166,217,239,171,189,333,343,183,189,318,346,221,237
U2082,APA12PACb,254,268,120,124,161,167,205,207,157,160,227,259,177,177,335,343,177,187,318,328,221,237
U2084,APA12PACb,256,280,122,122,167,177,207,207,157,166,213,257,171,189,333,339,177,187,328,340,221,221
U2089,APA12PACb,276,284,104,124,161,175,199,205,164,166,229,263,177,187,333,335,179,183,316,326,235,235
U2090,APA12PACb,248,276,122,124,161,165,203,205,157,166,209,229,171,181,335,343,183,187,338,340,221,235
U2098,APA12PACb,272,272,120,122,163,165,207,207,164,166,223,259,185,189,331,333,169,191,326,328,223,223
U2108,APA12PACb,248,276,104,128,155,163,199,207,154,154,239,239,181,183,327,335,187,187,318,318,223,243
U2111,APA12PACb,248,258,122,124,165,169,203,209,164,166,217,223,171,179,335,339,169,189,340,344,235,235
U2113,APA12PACb,248,276,130,130,165,165,207,209,166,168,225,245,179,187,331,335,191,193,326,344,243,243
U2114,APA12PACb,248,266,104,130,165,173,209,213,160,166,221,225,179,183,335,339,187,193,334,344,221,235
U2115,APA12PACb,248,248,104,128,161,169,207,209,166,166,217,257,185,187,331,333,169,181,320,344,235,235
U2116,APA12PACb,254,284,130,136,161,163,0,0,157,167,205,231,189,193,333,337,169,169,334,344,227,227
U2117,APA12PACb,248,266,122,130,165,177,203,207,164,166,241,243,177,181,327,335,181,195,316,330,221,221
U2119,APA12PACb,248,248,104,128,161,163,195,209,157,168,233,263,179,179,333,341,169,189,318,344,221,223
U2120,APA12PACb,248,254,104,136,163,167,207,215,160,166,213,217,177,185,329,329,183,191,328,340,227,229
U2664,APA12PACb,254,256,104,128,157,171,205,207,160,160,205,239,177,189,333,339,185,189,316,332,221,235
U1198,BV,248,278,130,130,163,167,207,207,160,162,0,0,171,185,327,333,173,183,316,318,237,239
U1199,BV,256,276,130,132,163,171,203,207,157,164,221,229,179,185,333,335,169,187,336,346,223,235
U1200,BV,256,264,120,130,155,163,207,211,160,166,215,251,185,189,333,335,181,191,318,320,223,235
U1201,BV,250,260,122,132,155,169,205,209,154,166,227,237,177,189,329,333,169,187,318,344,235,237
U1202,BV,256,260,104,132,155,163,209,217,164,166,227,263,175,177,333,335,169,169,318,326,227,229
U1203,BV,254,268,132,138,163,171,203,203,157,166,213,215,171,191,331,337,183,183,318,318,221,237
U1205,BV,248,250,124,130,161,165,207,217,166,166,211,221,189,189,327,333,187,191,318,326,235,235
U1206,BV,248,254,124,138,163,163,203,207,160,168,213,215,177,189,333,343,183,187,326,326,233,235
U1207,BV,248,270,104,138,163,163,203,207,166,168,219,231,177,189,329,333,183,187,318,342,235,237
U1208,BV,248,260,104,132,163,165,203,207,166,168,213,219,171,189,333,333,183,191,318,326,227,237
U1209,BV,250,262,120,132,163,169,203,211,166,166,211,263,177,189,333,339,183,191,318,326,235,235
U1210,BV,248,248,128,138,163,163,209,217,160,166,215,221,181,189,327,333,169,183,326,334,223,235
U1211,BV,248,258,132,138,163,177,207,211,164,166,211,223,171,179,337,339,169,191,318,318,221,235
U1212,BV,256,286,104,120,171,173,211,217,166,166,217,219,171,179,333,339,187,187,318,340,221,235
U1213,BV,248,258,130,138,163,167,207,207,160,160,221,223,171,187,337,339,169,187,318,340,235,239
U1214,BV,248,248,120,132,161,169,203,217,154,166,0,0,179,179,333,341,183,191,318,330,221,235
U1215,BV,248,248,132,132,163,169,217,217,157,168,213,219,179,189,329,335,169,187,318,326,235,237
U1224,BV,250,262,120,124,155,165,203,205,154,166,215,229,187,189,329,335,169,183,326,326,221,235
U1227,BV,248,260,104,128,155,167,209,215,160,169,223,233,177,185,335,335,169,187,322,326,235,237
U1229,BV,254,258,104,120,163,171,199,209,157,168,223,233,177,193,327,337,169,191,318,352,233,235
U1230,BV,248,254,104,124,161,163,207,209,157,160,223,237,177,185,329,337,169,169,328,330,219,219
U1231,BV,248,254,124,148,161,163,207,209,164,166,223,241,177,185,333,333,169,183,320,330,219,227
U1232,BV,258,268,104,148,161,161,199,209,157,166,223,241,171,189,333,335,169,173,328,352,221,233
U1233,BV,252,252,104,124,163,171,194,203,157,157,269,271,177,177,329,335,0,0,318,318,221,221
U1234,BV,248,260,104,148,161,163,207,207,160,166,223,227,171,183,333,333,173,189,318,320,227,229
U1235,BV,256,268,124,148,155,169,199,209,160,168,215,227,185,189,331,333,183,191,318,328,221,245
U1236,BV,248,264,124,128,163,165,203,209,160,166,215,221,187,189,331,333,187,191,318,340,221,221
U1238,BV,248,274,104,124,165,169,203,211,157,166,215,257,185,189,331,337,187,191,318,326,221,221
U1239,BV,254,276,124,134,163,165,203,207,157,166,221,231,179,185,331,333,169,183,318,326,221,235
U1240,BV,258,268,124,128,163,163,203,211,157,166,237,257,185,189,331,333,191,191,318,326,237,237
U1242,BV,248,248,130,138,163,165,205,207,160,166,227,233,177,177,333,337,169,191,326,352,237,239
U1243,BV,254,258,104,152,163,163,197,205,160,166,215,227,177,185,337,337,169,169,332,352,231,237
U1245,BV,248,254,120,138,159,163,207,207,160,166,221,223,185,185,333,337,183,195,318,326,235,237
U1246,BV,248,276,104,138,155,169,199,207,160,166,217,227,177,179,337,337,173,187,338,340,221,237
U1251,BV,258,266,120,130,169,171,207,211,166,166,215,251,171,189,337,339,191,193,320,340,235,235
U1273,BV,248,254,104,104,165,167,207,215,0,0,0,0,171,185,335,339,187,187,318,322,235,235
U1274,BV,248,256,104,128,159,173,199,211,166,168,215,217,169,171,333,335,183,187,322,340,235,235
U1294,BV,250,278,122,124,155,169,207,211,154,168,231,233,189,189,329,331,183,187,318,318,223,235
U1307,BV,250,260,128,130,161,171,0,0,159,166,219,241,177,189,339,339,191,191,318,346,225,235
U1314,BV,258,270,104,128,159,169,203,211,162,166,237,239,189,189,333,339,183,187,318,334,0,0
U1315,BV,248,260,104,128,155,163,211,211,166,166,215,265,171,177,327,335,191,193,318,330,227,235
U1319,BV,274,280,104,109,161,167,211,217,166,166,213,235,177,185,333,333,169,193,334,340,227,235
U1320,BV,262,272,104,124,155,165,199,205,157,157,221,253,171,189,339,341,183,187,326,328,223,235
U1324,BV,248,254,132,132,155,163,203,211,154,166,215,223,171,193,327,333,173,187,320,338,221,221
U1331,BV,250,254,130,132,155,163,199,209,166,168,0,0,185,189,339,339,187,189,318,346,221,235
U1333,BV,248,248,104,124,155,167,203,211,166,166,0,0,179,185,335,339,169,183,316,326,221,221
U1340,BV,276,278,104,134,163,167,199,207,160,166,223,269,179,187,337,339,169,189,318,326,235,247
U1341,BV,256,278,120,136,163,165,199,211,164,166,0,0,189,189,333,335,189,191,326,340,235,235
U1344,BV,262,276,126,130,167,171,209,213,160,166,0,0,171,183,327,337,169,183,316,318,221,235
U1345,BV,256,268,104,124,165,167,199,199,160,169,217,239,171,189,331,335,187,191,326,340,221,235
U1346,BV,248,256,104,148,155,169,199,207,157,164,223,265,171,187,333,335,183,183,318,326,221,223
U1347,BV,248,272,120,124,165,173,207,215,160,160,223,233,171,185,335,339,169,191,322,344,233,241
U1348,BV,248,260,138,138,169,185,199,199,166,168,213,241,177,189,333,339,173,187,318,346,225,237
U1349,BV,248,276,130,132,155,163,207,211,164,166,215,251,181,185,331,333,183,183,320,344,229,235
U1354,BV,248,264,124,138,163,169,199,209,157,167,221,237,187,189,331,333,191,191,330,340,221,245
U1375,BV,248,254,104,136,161,165,207,211,160,166,221,233,177,187,339,343,169,183,328,334,223,235
U1383,BV,248,270,124,136,167,171,199,211,166,169,215,231,177,191,0,0,183,183,326,330,221,235
U1385,BV,248,276,104,128,155,157,203,207,160,169,213,225,181,183,327,333,183,191,318,318,227,243
U1386,BV,274,276,130,130,167,173,203,213,160,160,227,243,171,171,331,337,183,187,316,330,221,221
U1413,BV,248,260,124,132,0,0,209,211,164,168,219,227,177,179,333,339,169,183,318,344,227,235
U1417,BV,258,276,124,130,163,167,207,213,166,168,0,0,171,189,333,337,169,183,318,340,235,239
U1852,BVT,248,280,128,130,161,163,197,209,157,164,213,215,171,179,329,333,183,183,318,320,221,237
U1853,BVT,248,280,124,130,159,161,201,211,157,166,239,269,171,185,331,333,169,183,318,334,221,221
U1854,BVT,248,248,130,136,161,171,209,215,160,166,221,233,181,193,333,343,183,183,318,336,221,237
U1855,BVT,254,264,124,128,155,177,207,211,166,168,215,229,171,177,333,333,183,187,318,320,237,237
U1858,BVT,248,276,128,130,155,163,203,207,166,166,231,231,171,179,327,333,187,191,320,320,237,237
U1859,BVT,264,280,122,128,171,171,207,209,164,166,211,227,171,185,333,339,169,173,318,352,217,221
U1860,BVT,248,288,104,115,167,173,209,209,164,169,229,239,171,185,329,339,173,189,328,340,221,221
U1861,BVT,248,248,128,136,155,173,207,211,164,166,221,229,181,185,331,339,173,193,326,340,221,221
U1862,BVT,248,256,124,130,163,171,207,211,157,164,227,243,177,193,339,339,169,183,318,338,221,227
U1863,BVT,250,278,130,136,163,175,211,211,157,166,217,227,177,193,337,339,169,187,318,318,221,221
U1865,BVT,248,256,122,134,165,177,203,207,160,166,223,239,171,177,333,341,183,187,318,352,221,237
U1871,BVT,256,278,120,128,161,167,205,209,157,168,229,245,177,177,333,333,169,183,326,330,221,221
U1873,BVT,256,278,104,120,155,155,203,207,164,164,213,219,179,187,333,339,169,183,338,340,223,229
U1875,BVT,278,282,128,130,163,167,207,207,157,160,213,213,177,183,331,335,169,191,336,352,221,221
U1876,BVT,248,282,104,130,167,177,203,207,160,166,213,233,183,189,333,341,191,193,318,338,233,235
U2448,BVTGMVT2,248,260,104,120,159,163,203,207,160,160,217,227,177,189,327,337,185,187,316,342,221,221
U2449,BVTGMVT2,248,256,124,128,157,165,203,203,164,166,233,241,177,179,327,333,187,187,318,338,237,237
U2450,BVTGMVT2,252,282,124,128,173,173,197,207,162,166,221,235,185,193,339,339,183,185,318,356,235,235
U2451,BVTGMVT2,248,254,122,124,165,167,199,205,157,166,213,235,177,181,0,0,169,183,0,0,221,237
U2453,BVTGMVT2,248,278,104,124,175,177,205,207,166,166,213,237,177,185,333,333,187,191,334,336,227,235
U2454,BVTGMVT2,248,264,128,130,175,175,207,207,164,166,223,223,171,177,339,343,169,183,318,320,239,243
U2455,BVTGMVT2,248,258,128,158,159,175,207,211,166,166,229,255,179,179,333,333,179,183,334,340,235,235
U2456,BVTGMVT2,258,282,104,124,155,173,203,207,164,166,215,217,171,179,335,339,187,191,318,326,0,0
U2457,BVTGMVT2,248,276,104,134,165,173,207,211,157,164,227,241,179,187,335,337,185,187,340,340,221,221
U2458,BVTGMVT2,248,276,130,134,173,173,207,211,164,168,215,241,187,189,333,339,187,187,320,330,221,235
U2459,BVTGMVT2,258,272,124,128,155,175,209,219,164,166,215,217,177,183,333,341,183,193,318,348,235,237
U2460,BVTGMVT2,248,258,128,136,161,171,201,205,157,166,215,229,179,185,333,343,169,169,318,340,235,235
U2461,BVTGMVT2,252,272,104,124,151,171,207,211,166,169,225,229,177,179,333,337,169,189,316,346,227,227
U1826,BVTGMVT2,248,254,122,124,161,177,211,211,160,164,221,255,177,185,331,339,169,183,334,334,221,235
U1827,BVTGMVT2,248,262,104,128,155,177,205,213,160,164,213,229,171,171,339,339,169,191,316,334,221,235
U1828,BVTGMVT2,248,290,130,130,159,169,205,207,166,166,233,243,171,187,333,339,181,183,318,340,221,227
U1829,BVTGMVT2,248,254,104,136,163,163,211,217,160,168,215,217,171,181,333,335,169,179,318,338,235,237
U1831,BVTGMVT2,254,268,124,128,161,163,209,213,164,169,219,243,177,187,333,339,169,191,316,326,235,237
U1832,BVTGMVT2,248,248,122,128,163,167,205,211,160,166,233,241,171,181,333,335,179,187,320,338,221,237
U1833,BVTGMVT2,248,254,124,142,165,175,211,211,166,166,233,233,171,171,331,333,169,183,332,334,221,221
U1834,BVTGMVT2,252,254,104,124,159,163,199,207,164,169,219,233,171,177,339,343,183,187,316,330,0,0
U1835,BVTGMVT2,248,260,122,130,161,163,211,211,157,164,217,233,171,187,333,339,169,187,334,338,221,237
U1836,BVTGMVT2,248,264,122,132,159,163,211,217,157,160,217,231,169,185,335,339,167,185,0,0,219,235
U1837,BVTGMVT2,248,254,104,122,155,163,211,219,160,166,217,261,187,191,335,339,187,187,338,344,221,227
U1838,BVTGMVT2,254,254,120,124,155,163,199,207,166,169,217,243,177,181,333,343,187,187,316,336,227,235
U1839,BVTGMVT2,264,290,124,128,161,163,203,213,160,169,215,243,171,177,333,343,183,191,318,336,221,221
U1840,BVTGMVT2,248,264,124,130,163,167,213,219,160,169,0,0,177,181,333,339,187,191,316,320,221,221
U1842,BVTGMVT2,254,276,124,128,161,163,207,213,164,166,233,235,177,183,335,343,189,191,336,342,235,235
U1844,BVTGMVT2,256,264,124,128,161,165,199,209,0,0,0,0,179,181,333,343,181,191,318,336,235,237
U1845,BVTGMVT2,254,274,104,124,161,163,199,205,166,169,219,243,177,193,339,343,169,187,318,336,227,235
U1846,BVTGMVT2,254,290,124,128,161,163,213,219,160,169,217,233,171,177,333,343,183,187,316,328,221,235
U1762,CNF,264,282,122,132,159,161,211,211,157,164,211,217,177,185,339,341,169,183,338,340,221,237
U1763,CNF,252,272,130,132,161,163,207,211,164,166,215,225,185,187,333,339,169,187,330,338,241,241
U1766,CNF,264,284,130,136,159,163,207,211,157,164,215,225,177,185,333,343,169,187,330,340,0,0
U1767,CNF,264,276,128,136,159,169,207,211,164,166,215,217,185,189,335,339,169,183,320,338,227,227
U1770,CNF,270,276,104,130,163,165,211,211,164,166,215,233,171,187,333,339,169,191,318,338,227,235
U1772,CNF,270,270,122,130,155,163,211,211,157,166,205,249,177,177,327,333,189,191,318,338,227,237
U1773,CNF,282,284,104,122,159,163,199,211,164,166,215,229,171,177,327,333,169,189,326,338,0,0
U1777,CNF,270,284,122,130,155,163,199,219,166,168,229,247,177,187,333,333,169,189,338,338,235,235
U1778,CNF,248,270,130,132,155,171,207,211,157,166,233,249,171,189,329,333,189,189,318,340,221,237
U1779,CNF,252,274,122,128,165,171,199,211,157,166,229,233,171,185,333,337,169,191,318,338,235,235
U1780,CNF,270,284,130,132,159,171,207,219,157,164,235,253,171,177,341,343,187,191,330,338,229,235
U1781,CNF,270,284,130,130,159,163,211,219,164,166,221,235,177,177,333,339,187,189,318,340,235,235
U1786,CNF,252,270,128,136,167,175,207,211,160,164,221,233,171,177,337,339,189,191,338,344,227,227
U1789,CNF,272,284,130,132,157,167,207,211,160,164,205,215,177,189,333,337,181,189,318,328,227,229
U1790,CNF,272,284,132,136,155,175,207,219,164,168,225,229,171,177,339,343,187,187,326,338,221,227
U2467,FKN,270,276,122,128,155,163,207,219,166,166,221,259,189,189,331,333,185,189,316,316,221,249
U2468,FKN,254,260,132,134,163,165,199,205,166,166,221,253,171,177,341,341,189,191,316,318,221,227
U2469,FKN,248,262,122,128,163,163,207,219,160,166,221,221,169,183,333,339,189,199,316,318,221,237
U2470,FKN,248,260,104,128,163,163,203,217,157,160,221,237,171,177,333,339,193,199,328,338,235,237
U2472,FKN,248,260,104,126,163,165,199,219,162,166,0,0,189,193,335,339,183,191,316,318,221,221
U2473,FKN,248,260,104,104,155,171,209,219,166,168,215,219,183,193,339,339,183,189,318,348,221,235
U2475,FKN,260,276,104,122,155,163,211,211,160,166,221,263,179,193,339,341,169,183,316,348,221,235
U2477,FKN,248,256,122,128,167,167,205,207,159,166,219,259,185,189,327,339,169,187,334,344,235,237
U2478,FKN,256,282,132,134,161,167,211,211,156,160,227,259,177,187,333,339,181,187,320,336,239,239
U2482,FKN,248,258,120,128,169,179,199,209,157,164,213,215,177,187,337,339,169,187,336,346,233,235
U2483,FKN,248,254,104,128,163,163,209,211,157,157,221,231,185,189,333,337,187,187,318,334,221,235
U2484,FKN,248,248,122,132,163,163,207,209,160,166,215,225,177,187,331,333,169,187,326,346,233,235
U2485,FKN,248,272,128,132,161,169,207,209,157,166,215,231,179,187,337,339,173,187,316,346,235,235
U2487,FKN,248,254,126,132,165,169,207,207,157,157,217,217,185,187,0,0,183,187,318,338,235,235
U2490,FKN,248,248,128,128,163,173,207,211,160,166,219,251,189,193,333,341,169,189,326,342,221,239
U2491,FKN,276,290,124,128,163,163,199,207,166,166,215,223,179,189,327,337,169,183,322,344,223,239
U2493,FKN,248,256,104,128,161,165,207,209,160,166,243,261,0,0,0,0,169,191,318,320,235,235
U2495,FKN,256,264,104,128,165,169,205,207,157,166,227,231,177,191,337,341,169,191,334,340,235,239
U2496,FKN,248,256,104,134,155,159,207,207,166,168,221,247,179,189,337,339,169,189,316,318,223,229
U2497,FKN,254,280,104,128,161,165,203,207,166,166,213,235,177,179,337,339,187,187,318,340,221,239
U2498,FKN,256,260,124,128,155,165,205,207,157,166,235,235,179,191,335,339,169,177,318,348,235,239
U2499,FKN,254,260,120,134,155,165,197,205,157,166,227,239,177,193,333,337,173,187,338,340,237,239
U2502,FKN,248,260,104,104,155,173,207,209,160,166,221,227,183,189,333,333,169,191,316,338,221,221
U2503,FKN,248,254,104,128,155,165,205,207,166,166,223,235,177,189,333,337,187,191,325,344,221,221
U2202,GMVT1,272,284,104,120,159,165,207,211,164,166,215,233,177,179,333,335,169,169,318,318,223,223
U2203,GMVT1,270,282,104,104,155,165,197,199,166,166,233,235,181,187,339,339,183,191,318,332,221,235
U2205,GMVT1,260,274,128,130,159,163,199,203,164,166,219,233,177,177,341,343,169,183,318,338,221,221
U2206,GMVT1,248,252,124,128,171,173,203,207,166,166,213,231,179,185,0,0,169,181,320,332,229,235
U2207,GMVT1,256,280,120,124,161,163,195,211,164,166,233,271,181,187,333,341,169,191,326,330,221,221
U2212,GMVT1,248,280,128,128,157,163,205,219,166,166,213,221,0,0,333,335,0,0,316,348,221,235
U2215,GMVT1,258,268,130,130,161,163,203,203,166,166,217,221,171,177,333,335,169,189,318,340,227,227
U2216,GMVT1,256,280,122,136,165,165,199,211,164,166,243,269,179,181,333,339,169,183,344,346,0,0
U2217,GMVT1,248,260,120,128,155,169,207,209,157,166,215,243,169,179,331,339,183,183,318,344,223,231
U2221,GMVT1,276,280,124,128,167,171,195,207,164,166,225,251,171,181,331,341,169,183,320,332,229,235
U2222,GMVT1,276,276,104,122,163,165,195,207,164,166,203,251,171,181,339,341,169,183,318,332,227,227
U2225,GMVT1,0,0,128,136,155,163,207,219,166,166,203,215,187,187,333,341,183,187,318,326,235,235
U1120,MC,252,258,104,104,0,0,205,207,157,160,217,221,179,181,333,339,169,183,318,326,221,245
U1122,MC,248,272,104,132,167,179,0,0,160,166,215,233,185,193,327,339,169,183,334,350,235,235
U1125,MC,260,264,124,134,163,165,205,205,157,160,215,225,177,185,333,335,183,193,326,334,223,223
U1126,MC,248,274,128,130,161,173,199,207,164,166,211,237,171,177,327,335,169,183,318,334,227,235
U1127,MC,254,254,130,136,163,167,207,209,160,166,213,231,171,171,333,335,169,187,318,352,221,227
U1128,MC,260,264,104,104,171,181,199,207,160,164,215,231,187,187,333,337,169,169,326,330,239,239
U1129,MC,264,280,104,132,163,171,207,211,157,166,217,231,175,187,333,337,189,191,330,356,221,227
U1130,MC,264,280,104,132,161,171,207,207,157,171,227,251,187,191,327,337,169,189,318,318,235,239
U1131,MC,248,248,124,128,167,171,207,215,160,166,0,0,183,187,333,335,169,183,338,340,239,239
U1135,MC,248,248,128,130,159,171,207,211,166,171,221,235,171,185,333,333,169,193,326,340,231,237
U1140,MC,254,282,122,128,163,167,199,211,160,164,229,243,171,185,333,339,187,187,326,326,221,235
U1142,MC,248,256,120,120,163,163,199,209,166,166,215,227,171,189,327,333,183,187,326,344,221,235
U1144,MC,256,268,104,134,159,167,203,203,157,162,215,235,171,183,327,333,189,191,344,356,223,235
U1145,MC,248,268,124,130,155,171,203,209,157,160,223,265,177,185,327,327,183,189,316,330,221,221
U1146,MC,248,262,122,130,163,167,199,207,157,166,0,0,171,187,327,335,187,191,318,326,241,241
U1147,MC,248,254,104,122,155,163,211,215,160,168,219,229,177,199,331,333,183,183,340,346,221,235
U1148,MC,268,276,115,128,163,171,207,207,160,168,219,227,183,187,333,333,169,187,330,340,235,235
U1150,MC,252,274,124,134,163,167,0,0,166,168,217,271,171,185,329,333,169,183,320,326,235,241
U1151,MC,266,282,106,120,163,167,207,217,160,160,0,0,171,171,339,341,187,193,316,342,221,235
U1153,MC,248,278,122,128,163,165,205,211,160,166,205,217,187,187,333,339,169,183,318,340,235,237
U1154,MC,248,254,132,148,159,171,0,0,166,168,215,219,177,189,327,327,169,183,338,350,223,229
U1155,MC,254,264,132,138,163,169,199,217,168,168,215,219,169,189,329,339,187,191,318,346,233,235
U1157,MC,248,276,124,132,155,165,203,203,160,166,0,0,171,187,333,339,169,191,316,330,235,237
U1159,MC,248,276,124,132,155,165,199,203,160,164,221,233,177,185,333,339,191,193,318,330,221,235
U1160,MC,272,276,104,128,165,165,203,217,164,166,217,255,187,187,333,341,187,193,318,330,221,227
U1161,MC,272,288,104,136,163,165,205,207,160,166,215,235,185,185,333,339,191,191,318,318,221,237
U1163,MC,248,254,124,128,155,155,197,207,157,162,219,263,171,171,327,335,191,191,318,326,229,237
U1165,MC,252,272,122,136,155,171,211,217,160,166,213,225,179,185,333,333,183,187,318,326,221,221
U1168,MC,252,274,104,124,159,171,205,207,157,166,215,215,171,183,327,339,169,187,318,326,237,237
U1169,MC,256,286,104,130,163,167,205,215,160,166,211,229,183,193,327,331,187,191,320,334,221,235
U1170,MC,254,256,130,136,163,171,211,215,160,168,213,229,177,199,331,341,187,189,326,354,221,237
U1171,MC,256,268,120,128,157,163,207,209,166,168,215,225,183,189,333,339,169,181,332,338,221,243
U1172,MC,256,276,104,120,165,167,207,207,160,166,215,261,187,187,327,333,169,169,318,328,223,235
U1173,MC,248,254,124,126,163,165,201,205,166,166,205,261,177,187,333,333,169,187,318,326,221,235
U1174,MC,0,0,115,120,0,0,199,209,166,166,229,235,171,185,339,343,169,181,318,334,227,235
U1175,MC,248,264,104,124,163,171,203,217,168,168,0,0,187,193,335,339,169,193,318,334,221,221
U1176,MC,256,264,104,124,171,171,197,209,166,166,0,0,185,185,327,337,169,191,318,330,227,241
U1178,MC,256,274,124,128,159,165,199,211,157,166,215,223,171,171,337,337,169,169,320,346,221,221
U1179,MC,272,278,124,124,159,163,205,207,166,166,215,249,171,187,333,337,0,0,318,318,0,0
U1180,MC,248,262,104,130,165,177,205,209,164,166,0,0,171,171,333,341,169,187,336,336,235,235
U1181,MC,252,256,124,124,169,179,205,207,160,166,215,221,171,183,333,337,181,181,316,318,235,237
U1182,MC,248,254,104,130,163,171,201,209,160,166,217,225,171,179,327,341,189,191,318,336,235,237
U1184,MC,270,276,120,124,165,173,207,207,160,160,225,229,185,189,333,337,191,191,320,346,223,239
U1185,MC,248,252,104,128,155,161,205,209,166,166,225,251,177,177,327,341,189,189,318,342,223,235
U1186,MC,248,266,124,130,163,167,207,207,157,164,225,229,171,179,331,333,169,189,318,320,235,237
U1187,MC,248,248,130,136,167,171,203,203,160,166,221,253,189,189,327,337,183,187,316,328,221,233
U1188,MC,256,276,122,124,171,175,207,219,160,166,233,237,171,187,333,339,169,173,320,344,227,241
U1189,MC,254,258,128,130,163,171,197,207,160,166,229,245,187,191,333,335,177,181,318,318,225,229
U1190,MC,260,288,122,128,165,169,211,211,157,166,215,225,171,179,327,327,187,193,334,338,235,237
U1192,MC,268,288,104,130,161,169,211,211,157,160,215,231,179,183,339,343,169,187,334,346,235,235
U1193,MC,260,264,124,128,155,171,199,207,160,160,227,229,185,187,333,339,169,189,318,330,221,239
U1194,MC,262,282,104,104,157,159,207,207,164,166,205,217,171,177,327,339,169,183,318,320,235,235
U1196,MC,248,248,124,134,155,163,194,205,164,166,209,215,187,189,337,337,183,187,342,358,235,235
U1197,MC,258,274,104,120,161,169,203,207,164,166,217,227,183,187,339,341,169,181,318,340,235,235
U1003,OZ12,248,282,124,130,155,165,207,211,166,166,205,215,171,185,337,339,187,191,330,340,221,221
U1004,OZ12,250,254,115,130,163,183,205,209,157,167,213,215,187,189,339,339,169,191,340,356,227,227
U1005,OZ12,272,278,154,154,159,161,207,211,160,166,213,239,181,187,333,339,187,191,318,328,235,235
U1006,OZ12,248,254,122,150,167,171,209,219,160,164,229,233,171,187,333,333,183,183,326,340,235,235
U1007,OZ12,256,278,104,128,163,165,199,209,166,166,209,227,187,187,329,339,181,187,330,334,227,235
U1008,OZ12,248,250,104,104,163,163,211,215,160,164,213,233,171,177,333,339,183,187,318,328,227,233
U1009,OZ12,272,272,104,104,167,167,205,207,162,164,215,227,171,185,337,339,183,187,328,336,221,235
U1011,OZ12,248,268,104,128,163,167,207,211,164,168,225,235,185,193,331,335,169,181,318,326,227,235
U1012,OZ12,248,286,124,130,159,171,199,205,160,160,215,233,173,187,333,339,181,187,326,326,227,229
U1014,OZ12,272,278,136,144,159,179,205,207,157,164,213,213,187,187,333,341,181,183,326,340,235,237
U1016,OZ12,248,262,120,124,163,165,207,217,160,166,219,225,171,177,327,333,187,193,332,340,227,235
U1017,OZ12,248,248,120,124,163,175,203,211,162,164,205,235,187,187,333,343,169,169,340,340,221,221
U1018,OZ12,248,254,104,124,163,163,203,211,160,160,221,227,181,193,333,333,183,183,318,340,237,237
U1019,OZ12,276,276,120,120,161,179,205,217,157,166,215,221,171,179,327,339,183,183,318,328,221,227
U1020,OZ12,274,276,104,130,163,173,211,211,160,166,225,229,187,189,327,333,169,183,340,344,227,237
U1023,OZ12,248,276,122,124,155,163,199,207,160,166,207,213,171,179,333,333,181,183,318,320,235,237
U1024,OZ12,248,258,115,122,163,163,199,199,164,169,217,221,177,177,333,333,183,187,318,320,227,237
U1025,OZ12,252,264,128,130,159,165,199,211,160,166,215,251,179,191,341,341,183,189,318,318,223,227
U1026,OZ12,248,272,130,130,155,163,211,211,157,166,243,261,171,171,327,333,183,187,318,338,221,235
U1027,OZ12,248,248,104,115,161,167,205,219,169,169,229,245,171,177,333,333,169,169,340,344,235,235
U1028,OZ12,248,284,120,124,155,169,203,207,160,160,219,221,177,193,333,337,169,183,334,356,227,237
U1029,OZ12,248,248,128,128,163,167,207,209,166,166,223,253,175,177,333,341,189,191,318,318,227,239
U1030,OZ12,248,288,124,130,159,171,203,207,160,166,215,225,171,187,339,339,169,187,344,356,221,237
U1031,OZ12,278,278,104,104,159,167,207,207,160,166,215,231,185,187,333,339,169,187,326,342,227,237
U1032,OZ12,248,276,124,134,159,171,207,207,160,166,207,225,181,187,335,341,183,183,330,344,221,233
U1033,OZ12,272,272,115,124,163,163,205,207,160,160,215,215,181,185,335,339,185,187,320,334,221,235
U1034,OZ12,248,272,128,130,155,171,205,219,157,166,215,221,181,187,333,339,183,187,318,340,227,235
U1035,OZ12,248,252,124,124,155,171,205,213,160,166,221,235,177,187,333,339,183,183,318,318,227,235
U1036,OZ12,248,282,124,124,161,161,205,209,157,160,221,229,171,171,333,335,169,187,336,342,227,235
U1037,OZ12,248,248,104,128,163,171,203,207,164,166,215,225,179,191,331,333,169,183,326,330,227,227
U1038,OZ12,254,258,104,128,159,163,201,205,157,168,217,217,171,171,333,341,169,193,338,342,221,227
U1040,OZ12,268,282,124,130,165,165,201,217,160,166,207,225,171,187,337,339,169,183,0,0,229,239
U1041,OZ12,252,256,128,130,163,163,205,211,160,166,217,217,177,187,333,335,169,191,334,338,221,229
U1042,OZ12,256,278,124,124,163,165,203,209,160,166,229,231,177,187,333,333,169,187,320,338,221,221
U1044,OZ12,268,278,130,136,163,165,209,211,160,166,211,221,171,171,333,337,183,189,340,346,227,237
U1045,OZ12,276,280,120,124,159,171,207,211,157,162,0,0,183,193,327,333,169,185,318,320,227,227
U1046,OZ12,258,282,104,122,157,163,0,0,160,160,215,237,177,187,327,339,169,183,318,356,221,243
U1047,OZ12,254,258,128,128,161,165,195,205,160,166,217,235,181,187,333,335,183,187,318,344,223,235
U1048,OZ12,256,270,128,130,163,179,201,211,160,166,213,215,179,185,327,333,183,187,320,340,235,237
U1049,OZ12,248,280,104,130,155,163,207,207,166,168,215,215,171,179,331,333,169,169,318,334,235,235
U1050,OZ12,248,280,120,136,161,171,207,209,160,161,225,235,171,183,333,335,183,187,320,328,235,249
U1051,OZ12,274,274,122,124,155,159,203,207,160,166,215,245,187,193,333,339,169,187,330,340,221,235
U1052,OZ12,248,248,128,134,167,175,205,207,160,168,217,231,171,179,333,341,169,187,318,326,229,237
U1053,OZ12,272,294,104,120,153,171,0,0,160,166,213,229,177,187,333,337,169,189,318,326,227,227
U1054,OZ12,256,294,124,132,159,171,199,211,160,166,229,235,171,177,339,339,169,169,318,318,227,229
U1059,OZ12,254,278,124,124,159,163,203,203,157,160,225,225,177,193,339,341,183,187,318,340,227,237
U1061,OZ12,252,254,122,132,155,163,207,207,160,164,217,223,171,171,335,337,169,189,318,318,235,239
U1063,OZ12,248,256,124,128,155,163,199,205,160,166,221,221,171,187,331,341,183,193,318,318,221,241
U1066,OZ12,248,280,128,132,155,163,203,205,160,160,215,229,171,173,327,337,187,189,318,320,221,235
U1067,OZ12,254,286,115,115,163,173,199,207,160,160,215,223,171,187,333,339,169,169,328,340,227,235
U1068,OZ12,262,276,132,132,163,163,209,219,162,162,225,227,171,173,327,337,187,187,318,338,231,237
U1069,OZ12,248,276,104,124,161,163,205,211,160,168,233,235,171,189,333,339,169,183,326,340,221,227
U1070,OZ12,248,264,104,128,163,171,205,211,166,166,225,225,171,183,333,335,169,195,336,340,221,237
U1071,OZ12,260,264,104,130,161,163,209,211,160,166,223,233,177,183,339,339,169,177,336,356,223,235
U1073,OZ12,256,266,122,128,161,163,0,0,162,168,215,233,171,177,0,0,183,187,318,318,235,237
U1075,OZ12,254,272,122,128,163,177,207,209,160,166,217,231,171,187,333,337,169,169,326,344,223,223
U1077,OZ12,254,276,120,128,155,165,0,0,160,166,217,217,171,185,333,333,185,187,316,318,227,227
U1078,OZ12,248,282,128,132,163,173,199,205,157,160,0,0,171,187,333,339,169,187,318,340,227,227
U1079,OZ12,272,286,104,130,161,175,207,209,160,166,0,0,177,179,333,339,187,191,318,340,229,229
U1080,OZ12,254,272,104,128,161,163,203,203,160,166,215,215,171,177,333,339,177,187,318,340,221,229
U1081,OZ12,256,272,128,130,163,167,205,219,160,166,259,271,171,187,327,339,169,191,320,320,235,235
U1082,OZ12,272,290,115,120,165,167,199,207,166,166,213,245,171,171,335,339,183,187,326,326,235,235
U1083,OZ12,286,290,124,130,163,165,207,207,160,168,215,225,177,177,331,335,169,169,334,340,223,227
U1084,OZ12,260,260,108,120,161,163,205,217,160,160,223,271,171,187,331,341,169,187,320,340,221,221
U1085,OZ12,266,272,128,148,163,171,199,207,160,160,215,217,177,181,333,333,169,183,318,320,219,221
U1089,OZ12,248,276,130,130,157,163,197,197,166,166,0,0,171,177,339,339,169,183,344,344,221,221
U1092,OZ12,248,264,128,128,161,173,0,0,160,166,215,217,171,171,335,339,169,187,326,338,227,237
U1093,OZ12,248,258,124,128,171,171,203,209,160,166,223,239,171,171,0,0,183,187,342,356,221,237
U1447,OZ12,252,260,128,154,167,167,199,207,160,166,239,239,177,185,339,341,187,187,334,338,227,235
U1449,OZ12,248,272,104,128,163,167,205,207,160,164,205,213,177,185,333,339,169,183,328,330,227,235
U1450,OZ12,252,284,104,124,163,167,209,209,166,166,205,225,171,171,335,335,169,187,332,338,221,227
U1451,OZ12,260,264,104,130,163,165,205,211,157,166,0,0,171,183,333,335,187,187,326,326,227,227
U1452,OZ12,268,282,124,130,165,169,207,211,160,166,0,0,181,187,331,333,169,187,340,340,221,227
U1454,OZ12,264,278,104,104,163,163,209,211,160,166,215,247,171,181,333,333,187,187,322,326,235,235
U1458,OZ12,272,274,124,128,163,173,207,211,160,166,217,225,171,183,333,343,169,169,340,340,227,235
U1459,OZ12,248,254,124,124,0,0,199,207,160,168,221,225,171,187,337,339,169,183,330,356,227,233
U1460,OZ12,284,284,122,124,159,163,199,207,160,161,225,237,171,185,333,339,183,183,340,346,219,227
U1462,OZ12,268,268,122,128,163,163,203,207,157,160,225,225,171,185,333,339,183,183,318,326,235,235
U1463,OZ12,248,248,128,128,163,165,211,211,166,166,211,227,183,193,327,341,183,187,318,318,221,235
U1464,OZ12,254,262,124,128,175,175,207,207,157,160,229,233,179,189,337,343,169,183,338,338,227,227
U1466,OZ12,250,268,124,128,161,167,199,211,166,166,215,225,187,193,339,341,183,183,318,334,221,227
U1467,OZ12,0,0,130,132,163,175,203,211,160,166,215,223,171,171,327,339,169,183,334,338,221,235
U1468,OZ12,248,254,128,130,169,175,207,211,160,166,207,215,171,171,331,333,183,183,318,334,221,227
U1469,OZ12,0,0,124,124,175,175,0,0,166,166,215,215,183,187,337,337,181,183,334,338,221,237
U1470,OZ12,262,282,104,128,171,175,203,209,160,166,215,223,181,183,339,339,169,181,318,338,235,237
U1473,OZ12,262,272,124,130,159,167,199,199,157,160,213,213,179,187,0,0,169,169,320,334,223,235
U1475,OZ12,268,280,122,134,155,159,207,209,160,166,213,221,173,173,333,333,169,187,318,318,221,227
U1476,OZ12,254,268,122,128,155,163,0,0,166,166,0,0,173,183,333,339,169,169,340,362,235,235
U1477,OZ12,254,278,122,124,163,167,205,207,157,160,215,217,185,185,0,0,187,189,328,334,221,227
U1479,OZ12,254,276,128,128,159,167,207,207,160,166,0,0,181,183,339,339,183,191,328,340,235,237
U1481,OZ12,248,254,104,130,159,163,0,0,160,160,0,0,179,187,339,343,183,185,338,344,227,239
U1482,OZ12,254,260,124,124,159,167,203,209,160,166,225,265,181,187,329,333,169,169,318,342,221,227
U1483,OZ12,274,274,124,130,163,165,203,203,166,166,213,225,185,187,0,0,169,169,0,0,233,237
U1484,OZ12,254,254,124,130,167,175,207,207,160,166,0,0,185,187,331,335,169,169,318,320,235,235
U1486,OZ12,254,262,124,130,171,173,0,0,157,160,217,217,177,191,0,0,181,183,330,338,221,235
U1490,OZ12,0,0,128,130,155,173,0,0,160,160,205,217,187,187,339,343,169,183,318,334,235,237
U1492,OZ12,254,272,128,130,163,167,0,0,160,164,213,241,183,187,331,333,169,183,340,342,237,237
U1518,SFNF12,280,290,122,128,161,161,207,207,160,166,229,229,183,193,339,339,169,191,316,330,227,237
U1519,SFNF12,260,268,104,144,161,163,211,217,160,166,221,233,173,173,327,335,169,169,334,356,221,233
U1520,SFNF12,248,258,104,124,159,163,207,207,160,160,229,265,177,189,335,339,169,183,316,334,237,237
U1521,SFNF12,272,272,106,124,163,165,207,211,157,160,229,249,187,187,335,339,187,189,326,344,241,241
U1523,SFNF12,248,248,104,128,171,171,207,207,160,160,227,233,177,187,333,335,169,169,318,318,223,237
U1525,SFNF12,260,272,124,124,171,171,207,211,160,160,221,227,187,187,327,333,183,187,318,338,235,237
U1526,SFNF12,248,280,122,130,163,171,199,211,160,160,215,217,181,187,335,339,187,189,318,330,235,235
U1527,SFNF12,260,280,104,124,161,163,207,207,160,160,223,225,171,175,333,333,169,187,318,338,223,223
U1528,SFNF12,248,262,106,154,163,175,207,207,164,166,217,219,187,187,0,0,169,183,318,318,221,235
U1532,SFNF12,260,280,130,130,163,175,207,209,166,168,219,237,187,187,333,333,183,183,318,330,241,241
U1535,SFNF12,248,294,120,128,159,163,207,207,160,166,237,265,177,193,0,0,169,183,338,344,221,223
U1496,SFNF12,248,270,128,128,167,171,0,0,160,160,217,225,171,183,0,0,169,177,320,344,221,239
U1500,SFNF12,270,276,124,154,163,163,207,207,160,168,215,215,189,193,327,337,169,187,318,318,235,235
U1501,SFNF12,248,254,128,150,163,175,207,209,160,166,219,261,181,187,333,335,183,191,318,320,227,239
U1502,SFNF12,254,270,126,134,163,165,0,0,157,160,0,0,187,189,327,339,169,191,318,328,229,235
U1504,SFNF12,254,288,104,134,161,171,203,207,160,166,215,261,183,185,327,335,185,191,318,332,221,221
U1507,SFNF12,260,268,120,124,165,165,0,0,157,162,215,219,171,189,327,331,187,191,318,356,235,239
U1509,SFNF12,248,254,104,122,161,167,207,207,166,166,215,219,183,193,327,331,169,187,318,318,233,233
U1510,SFNF12,248,276,128,128,165,171,205,205,160,160,225,227,187,187,335,339,185,191,330,340,235,237
U1511,SFNF12,274,278,122,128,159,165,207,207,160,160,215,227,171,171,335,339,169,189,334,336,241,241
U1512,SFNF12,260,262,115,128,167,171,211,211,160,166,225,265,187,189,327,339,169,183,326,340,227,227
U1516,SFNF12,272,280,104,104,163,165,205,209,157,166,219,223,177,185,339,339,169,169,328,334,215,237
U2328,WHWI,248,272,104,104,163,165,207,207,160,160,245,245,179,193,327,343,169,187,334,340,221,221
U2329,WHWI,250,272,128,130,163,173,199,207,157,166,217,225,171,189,327,343,187,189,340,340,0,0
U2330,WHWI,276,284,104,104,165,171,207,211,166,166,215,217,171,185,327,335,169,189,340,340,221,221
U2331,WHWI,248,280,124,124,155,171,203,207,160,161,207,253,171,187,327,333,183,193,318,344,235,235
U2332,WHWI,250,250,104,104,163,165,199,203,160,168,0,0,177,177,333,333,189,189,338,344,227,235
U2334,WHWI,272,284,122,130,159,163,207,211,160,168,207,215,171,187,333,343,169,169,318,344,237,237
U2336,WHWI,272,272,124,128,161,173,207,211,160,164,215,249,177,177,333,343,169,169,318,334,221,221
U2337,WHWI,248,248,104,120,159,163,203,207,160,168,241,245,183,187,333,343,169,191,334,336,221,235
U2338,WHWI,272,276,128,134,155,163,207,211,160,160,219,233,183,193,327,333,187,187,334,340,239,241
U2339,WHWI,252,272,122,128,155,159,205,207,160,160,221,221,177,187,341,343,183,187,340,340,235,241
U2341,WHWI,248,272,128,130,155,165,199,211,160,160,215,215,171,177,333,337,169,187,334,340,221,235
U2342,WHWI,248,248,104,122,159,165,207,207,160,166,215,247,185,187,333,333,169,187,318,340,237,237
U2343,WHWI,262,284,128,130,165,171,207,207,160,166,217,219,171,185,343,343,169,189,340,340,235,237
U2348,WHWI,248,276,128,130,159,181,207,211,160,160,217,217,183,193,335,335,169,177,338,340,235,235
U2350,WHWI,248,248,122,124,159,163,199,207,160,168,215,253,171,185,327,333,169,193,318,344,227,227
U2351,WHWI,250,272,128,134,159,159,203,207,166,168,213,219,177,183,327,343,169,169,318,340,235,235
U2358,WHWI,272,288,122,124,163,163,203,207,160,160,215,233,177,193,333,337,189,193,340,340,221,235
U2359,WHWI,248,290,124,124,163,163,203,211,160,160,233,239,183,187,333,343,187,189,318,340,221,237
U2360,WHWI,272,272,122,124,159,163,207,219,160,166,215,233,183,187,327,333,187,189,340,344,227,237
U2362,WHWI,248,272,130,130,161,163,207,211,160,164,217,225,187,187,327,333,169,169,334,342,221,227
U2363,WHWI,250,272,130,130,161,167,207,211,160,166,0,0,173,185,333,339,189,193,338,340,229,235
U2308,WWI,248,272,128,132,161,163,207,211,157,167,207,211,171,171,335,339,183,187,326,340,235,237
U2309,WWI,278,280,124,130,163,165,207,207,157,168,215,217,171,187,333,339,187,189,338,338,235,237
U2311,WWI,248,278,128,130,155,163,207,211,164,166,211,215,171,189,333,339,187,189,318,326,223,223
U2312,WWI,248,278,104,130,163,165,199,207,157,166,215,217,171,189,333,333,169,183,318,326,223,235
U2313,WWI,252,272,128,128,163,175,199,207,157,166,213,215,171,183,333,339,187,187,318,340,223,235
U2314,WWI,268,272,115,124,165,175,207,207,160,160,223,259,183,183,339,339,183,183,318,334,227,235
U2315,WWI,278,278,104,130,155,155,199,207,166,166,217,223,171,171,333,339,169,189,328,336,221,237
U2316,WWI,248,260,115,132,161,175,207,207,157,160,215,223,171,191,339,339,169,187,340,340,227,235
U2317,WWI,248,248,122,128,159,173,207,211,160,168,215,269,171,183,333,333,169,181,318,348,223,237
U2318,WWI,270,276,104,115,163,173,197,207,157,164,223,229,171,189,333,333,187,191,318,336,221,235
U2319,WWI,272,278,104,124,163,165,205,207,157,164,217,221,171,183,327,339,187,191,326,332,223,235
U2322,WWI,248,272,130,132,161,171,207,211,157,166,213,217,171,171,339,341,169,189,320,326,225,235
U2323,WWI,248,284,130,130,163,175,207,207,157,166,215,217,181,183,339,339,169,189,328,340,221,235
U2520,VSH123,254,256,104,122,161,171,207,207,166,166,231,245,189,193,327,335,169,189,338,350,221,223
U2522,VSH123,248,262,128,134,163,173,199,201,164,166,221,257,0,0,0,0,181,183,318,326,235,235
U2524,VSH123,248,256,130,136,155,159,203,221,160,160,215,233,171,185,339,339,169,183,320,344,223,235
U2525,VSH123,248,260,120,134,171,175,209,209,166,166,0,0,177,179,339,341,169,177,340,342,221,221
U2533,VSH123,0,0,122,128,0,0,203,203,157,162,233,245,171,187,327,339,169,189,318,318,227,235
U2534,VSH123,248,274,122,128,171,177,203,211,157,166,213,233,183,185,339,341,169,187,318,328,223,235
U2509,VSH123,248,254,124,128,161,163,207,209,160,160,221,239,177,187,335,339,169,183,318,318,235,235
U2510,VSH123,248,248,120,128,167,171,199,207,164,166,213,213,171,189,331,333,169,177,316,344,235,235
U2511,VSH123,248,256,128,150,161,167,203,207,157,168,217,233,179,185,327,327,181,187,318,334,223,227
U2512,VSH123,248,268,104,128,161,167,203,207,160,166,0,0,179,187,327,341,169,191,318,342,221,227
U2537,VSH123,260,274,122,134,167,167,205,207,160,166,215,227,181,185,327,339,191,191,318,334,221,235
U2538,VSH123,270,270,130,130,167,173,207,207,160,164,217,221,175,175,335,339,169,191,316,318,221,221
U2539,VSH123,256,278,104,104,163,165,205,207,164,166,221,259,171,187,327,333,169,183,318,318,235,237
U2515,VSH123,270,284,124,156,167,171,0,0,166,168,215,243,183,183,331,337,173,187,340,340,233,235
U2516,VSH123,254,270,128,128,163,171,203,217,166,166,215,225,179,187,0,0,169,169,0,0,235,237
U2519,VSH123,256,264,120,132,165,179,195,205,157,166,227,257,0,0,327,335,169,185,328,332,235,235
U2527,VSH123,260,260,104,140,151,171,205,209,160,166,235,259,177,187,339,341,169,169,334,340,221,235
U2528,VSH123,248,250,104,132,171,175,203,209,166,168,221,229,185,185,333,337,181,189,334,340,235,235
U2529,VSH123,236,260,104,132,171,175,209,215,157,166,221,229,177,187,337,341,169,197,334,342,221,235
U2531,VSH123,256,268,124,132,161,163,203,205,166,166,227,257,177,193,327,339,169,183,318,346,227,233
